Time (s),Throttle (Ã‚Âµs),Rotation speed (rpm),Thrust (kgf),Voltage (V),Current (A),Electrical power (W),Propulsion system efficiency (gf/W),motor manufacturer,motor kv,propeller size(diameter),propeller size(pitch),propeller manufacturer,ESC manufacturer,ESC limit,
0.3152234,1000,0,7.66E-05,12.40324174,-0.00123764,0.015350748,,T-motor,1950,6,3.5,HQProp,T-Motor,45-50,
9.6670306,1200,4368,0.051029542,12.38498264,0.610604167,7.562322006,6.747866839,T-motor,1950,6,3.5,HQProp,T-Motor,45-50,
13.8418426,1250,5355,0.079464535,12.3696955,0.977990504,12.09744474,6.568704106,T-motor,1950,6,3.5,HQProp,T-Motor,45-50,
18.01753,1300,6254,0.110527105,12.35113651,1.400129248,17.29318748,6.391366861,T-motor,1950,6,3.5,HQProp,T-Motor,45-50,
22.0187252,1325,6687,0.12277055,12.33885816,1.614964133,19.92681336,6.161072931,T-motor,1950,6,3.5,HQProp,T-Motor,45-50,
25.959733,1350,7075,0.141723793,12.32357821,1.881601818,23.18806716,6.111927815,T-motor,1950,6,3.5,HQProp,T-Motor,45-50,
29.850437,1375,7434,0.161287166,12.30794997,2.165068788,26.64755833,6.052605795,T-motor,1950,6,3.5,HQProp,T-Motor,45-50,
33.7696008,1400,7812,0.182076044,12.2908397,2.501136138,30.74106333,5.922893496,T-motor,1950,6,3.5,HQProp,T-Motor,45-50,
37.6926556,1425,8164,0.198521554,12.27356396,2.791524819,34.26195843,5.794226697,T-motor,1950,6,3.5,HQProp,T-Motor,45-50,
41.5718474,1450,8488,0.214088926,12.25386498,3.101102679,38.0004935,5.633845927,T-motor,1950,6,3.5,HQProp,T-Motor,45-50,
45.4959898,1475,8783,0.230538238,12.2334727,3.423770154,41.88459869,5.504129096,T-motor,1950,6,3.5,HQProp,T-Motor,45-50,
49.411662,1500,9101,0.248666459,12.21344318,3.778280913,46.14581926,5.388710462,T-motor,1950,6,3.5,HQProp,T-Motor,45-50,
54.0779688,1600,10545,0.341740167,12.13217765,5.808624991,70.47127029,4.849354436,T-motor,1950,6,3.5,HQProp,T-Motor,45-50,
58.758551,1700,12083,0.461909172,12.00985136,8.784423518,105.4996207,4.378301733,T-motor,1950,6,3.5,HQProp,T-Motor,45-50,
0.2958056,1000,0,,12.01571431,0.005864088,0.07046121,6.947251,MultiStar Elite,2150,6,4,APC,MultiStar Elite,30,
9.5465486,1200,4650,0.036009161,12.00211095,0.462185716,5.54720424,6.491407163,MultiStar Elite,2150,6,4,APC,MultiStar Elite,30,
13.6715522,1250,5741,0.056768244,11.99056088,0.734996383,8.813018884,6.441407227,MultiStar Elite,2150,6,4,APC,MultiStar Elite,30,
17.7984518,1300,6717,0.078587927,11.97680089,1.060069806,12.696245,6.189855902,MultiStar Elite,2150,6,4,APC,MultiStar Elite,30,
21.9222268,1350,7602,0.104572101,11.95854282,1.459225828,17.45021456,5.992596864,MultiStar Elite,2150,6,4,APC,MultiStar Elite,30,
26.0463614,1400,8464,0.133643161,11.93652124,1.888335844,22.54016091,5.929112994,MultiStar Elite,2150,6,4,APC,MultiStar Elite,30,
30.6716278,1500,9999,0.189654267,11.89085209,2.910195847,34.60470836,5.480591408,MultiStar Elite,2150,6,4,APC,MultiStar Elite,30,
35.3227174,1600,11649,0.268485965,11.8211921,4.637748164,54.82371196,4.897259884,MultiStar Elite,2150,6,4,APC,MultiStar Elite,30,
39.9489552,1700,13132,0.351970306,11.72414965,6.878799951,80.64808002,4.364273839,MultiStar Elite,2150,6,4,APC,MultiStar Elite,30,
0.438431,1000,0,0.000734166,15.88920836,0.050772648,0.806737181,,PrimoPal,2280,7,3.5,DalProp,Hobbywing,40,
10.8535786,1200,5400,0.048095459,15.86357082,0.77207691,12.24789674,3.926834118,PrimoPal,2280,7,3.5,DalProp,Hobbywing,40,
15.894833,1300,7270,0.092722683,15.81630493,1.881715754,29.76179015,3.115494138,PrimoPal,2280,7,3.5,DalProp,Hobbywing,40,
20.4456598,1350,8072,0.114166664,15.77935877,2.589650085,40.86301778,2.793887234,PrimoPal,2280,7,3.5,DalProp,Hobbywing,40,
25.1244864,1400,8582,0.130175896,15.7291162,3.617982262,56.90766341,2.287493246,PrimoPal,2280,7,3.5,DalProp,Hobbywing,40,
29.7624268,1450,8916,0.143262799,15.66896933,4.793177138,75.10414558,1.907521859,PrimoPal,2280,7,3.5,DalProp,Hobbywing,40,
34.5178806,1500,9343,0.154158628,15.61375005,5.716258337,89.25222889,1.727224407,PrimoPal,2280,7,3.5,DalProp,Hobbywing,40,
39.2394876,1550,9903,0.172242303,15.55969058,6.577991971,102.3515197,1.682850467,PrimoPal,2280,7,3.5,DalProp,Hobbywing,40,
43.794743,1600,10433,0.190974523,15.50223124,7.544553781,116.9574173,1.632855162,PrimoPal,2280,7,3.5,DalProp,Hobbywing,40,
48.332678,1650,10794,0.199880946,15.43503779,8.664418827,133.735632,1.494597538,PrimoPal,2280,7,3.5,DalProp,Hobbywing,40,
0.2961982,1000,0,,12.54874512,-0.003104156,0.038953257,,T-motor,1950,6,4.5,Master Airscrew,T-motor,45-50,
9.6238402,1200,4486,0.041582392,12.53200024,0.537920331,6.741217713,6.168379959,T-motor,1950,6,4.5,Master Airscrew,T-motor,45-50,
13.7498892,1250,5531,0.065061861,12.51921405,0.835066433,10.45437542,6.22340964,T-motor,1950,6,4.5,Master Airscrew,T-motor,45-50,
17.9128646,1300,6499,0.089740846,12.50393889,1.168823804,14.61490142,6.140366167,T-motor,1950,6,4.5,Master Airscrew,T-motor,45-50,
21.8002918,1325,6961,0.104417657,12.49234656,1.35115823,16.87913687,6.186196484,T-motor,1950,6,4.5,Master Airscrew,T-motor,45-50,
25.681022,1350,7391,0.115813641,12.48097119,1.546067268,19.29642103,6.001819772,T-motor,1950,6,4.5,Master Airscrew,T-motor,45-50,
29.60939,1375,7844,0.131071842,12.46818344,1.779539497,22.18762489,5.907430044,T-motor,1950,6,4.5,Master Airscrew,T-motor,45-50,
33.562996,1400,8256,0.145116307,12.45535802,1.972623079,24.56972668,5.906305299,T-motor,1950,6,4.5,Master Airscrew,T-motor,45-50,
37.4789502,1425,8671,0.161032538,12.44079409,2.238298405,27.84620956,5.78292486,T-motor,1950,6,4.5,Master Airscrew,T-motor,45-50,
41.3928084,1450,9097,0.176604352,12.42422256,2.49030028,30.94004492,5.707953978,T-motor,1950,6,4.5,Master Airscrew,T-motor,45-50,
45.329409,1475,9453,0.19427441,12.40486609,2.747958834,34.08806137,5.69919211,T-motor,1950,6,4.5,Master Airscrew,T-motor,45-50,
49.3132234,1500,9846,0.214027647,12.38612948,3.080668601,38.15756018,5.609049576,T-motor,1950,6,4.5,Master Airscrew,T-motor,45-50,
54.0195842,1600,11512,0.288474798,12.32529885,4.574250272,56.37900162,5.116706398,T-motor,1950,6,4.5,Master Airscrew,T-motor,45-50,
58.7523926,1700,13166,0.385374517,12.23409172,6.672788388,81.63550515,4.720672907,T-motor,1950,6,4.5,Master Airscrew,T-motor,45-50,
0.3020528,1000,0,-0.000583931,12.41351821,-0.006143911,0.07626755,,Lumenier,1700,6,4.2,Gemfan,EMAX,50,
9.577031,1200,3613,0.053757496,12.39744185,0.54901792,6.806417736,7.898060007,Lumenier,1700,6,4.2,Gemfan,EMAX,50,
13.7022082,1250,4388,0.083643793,12.38340944,0.901363475,11.16195297,7.493652172,Lumenier,1700,6,4.2,Gemfan,EMAX,50,
17.8294292,1300,5115,0.117083298,12.3666271,1.318568078,16.30623973,7.180275756,Lumenier,1700,6,4.2,Gemfan,EMAX,50,
21.9790158,1350,5734,0.147150391,12.34689835,1.755736513,21.67790025,6.788037081,Lumenier,1700,6,4.2,Gemfan,EMAX,50,
26.1039378,1400,6370,0.184057939,12.32192102,2.301069351,28.35359482,6.491520382,Lumenier,1700,6,4.2,Gemfan,EMAX,50,
30.729585,1500,7571,0.275836546,12.2662736,3.677456278,45.10868485,6.11493213,Lumenier,1700,6,4.2,Gemfan,EMAX,50,
35.3547718,1600,8792,0.388019024,12.18172559,5.717278511,69.64631795,5.571278354,Lumenier,1700,6,4.2,Gemfan,EMAX,50,
39.9806884,1700,9981,0.514171915,12.06665898,8.588298289,103.6320667,4.961513664,Lumenier,1700,6,4.2,Gemfan,EMAX,50,
0.298122,1000,0,0.000119226,22.20458612,0.027716039,0.615423166,,FL,400-450,13,4.5,,Hobbywing,50,
8.8175082,1475,3904,0.340245865,22.18246075,1.873482266,41.55844684,8.187165078,FL,400-450,13,4.5,,Hobbywing,50,
12.982004,1502,4165,0.384058397,22.17860195,2.15214868,47.73164891,8.046200084,FL,400-450,13,4.5,,Hobbywing,50,
17.0130848,1530,4392,0.436820627,22.17203268,2.520083715,55.8753785,7.817765865,FL,400-450,13,4.5,,Hobbywing,50,
21.0008086,1557,4618,0.49614766,22.16593774,2.935379416,65.06543736,7.625364249,FL,400-450,13,4.5,,Hobbywing,50,
24.9854512,1585,4870,0.538905799,22.16038728,3.303668414,73.21057151,7.361038007,FL,400-450,13,4.5,,Hobbywing,50,
29.1074896,1612,5070,0.598387671,22.15226147,3.732936443,82.69298414,7.236256824,FL,400-450,13,4.5,,Hobbywing,50,
33.1030468,1640,5274,0.644533145,22.14589641,4.25448579,94.21940158,6.840768822,FL,400-450,13,4.5,,Hobbywing,50,
37.1666042,1667,5531,0.715399898,22.1376997,4.970899834,110.0442878,6.501018018,FL,400-450,13,4.5,,Hobbywing,50,
41.2342374,1695,5744,0.785986386,22.12686855,5.693365749,125.9763555,6.239157997,FL,400-450,13,4.5,,Hobbywing,50,
45.4604798,1722,5921,0.792725445,22.12247873,5.957344607,131.7912294,6.015009111,FL,400-450,13,4.5,,Hobbywing,50,
49.5105536,1750,6043,0.83938444,22.11529686,6.352653711,140.4908227,5.974656735,FL,400-450,13,4.5,,Hobbywing,50,
0.3026946,1000,0,-3.38E-05,12.5442233,-0.000397016,0.004980254,,T-motor,3550,6,3,Gemfan,T-motor,30,
9.5774086,1200,6792,0.090667084,12.49129257,1.231880198,15.38777597,5.892150009,T-motor,3550,6,3,Gemfan,T-motor,30,
13.7007036,1250,7868,0.124183636,12.45767004,1.819982047,22.67273583,5.477223276,T-motor,3550,6,3,Gemfan,T-motor,30,
17.8500004,1300,8778,0.160069831,12.41491518,2.525945573,31.35940003,5.104365238,T-motor,3550,6,3,Gemfan,T-motor,30,
22.0043708,1350,9650,0.197887609,12.36542148,3.425485354,42.35757019,4.67183572,T-motor,3550,6,3,Gemfan,T-motor,30,
26.1566236,1400,10478,0.234671813,12.30791193,4.468622663,54.9994142,4.266805675,T-motor,3550,6,3,Gemfan,T-motor,30,
30.3060064,1450,11301,0.264666659,12.24101478,5.578781358,68.28994503,3.875631459,T-motor,3550,6,3,Gemfan,T-motor,30,
34.45656,1500,11849,0.297561113,12.17155394,6.756609424,82.23843605,3.618273003,T-motor,3550,6,3,Gemfan,T-motor,30,
38.5816672,1550,12518,0.323772471,12.09974119,7.932881428,95.98581214,3.373128419,T-motor,3550,6,3,Gemfan,T-motor,30,
42.7071274,1600,13127,0.360750953,12.01072929,9.416209793,113.0955467,3.189789194,T-motor,3550,6,3,Gemfan,T-motor,30,
47.3591312,1700,14655,0.441668733,11.81443794,13.21432288,156.1197975,2.829037313,T-motor,3550,6,3,Gemfan,T-motor,30,
0.3019318,1000,0,-0.000560242,8.03909209,0.005974292,0.048027882,,FlashHobby,4300,5,4,Gemfan,Hobbywing,20-30,
9.5783306,1200,6086,0.033128609,8.02971063,0.568403672,4.56411701,7.258492482,FlashHobby,4300,5,4,Gemfan,Hobbywing,20-30,
13.7037168,1250,7327,0.045546953,8.022692018,0.878892305,7.051082279,6.459569117,FlashHobby,4300,5,4,Gemfan,Hobbywing,20-30,
17.8541364,1300,7896,0.059657503,8.012430716,1.222799074,9.797592862,6.088995939,FlashHobby,4300,5,4,Gemfan,Hobbywing,20-30,
21.7553474,1325,8354,0.064989934,8.006174602,1.402545873,11.22902715,5.787672732,FlashHobby,4300,5,4,Gemfan,Hobbywing,20-30,
25.65583,1350,8355,0.073384637,7.999755595,1.622177971,12.9770273,5.654965154,FlashHobby,4300,5,4,Gemfan,Hobbywing,20-30,
29.5557208,1375,8899,0.081170438,7.993056252,1.848944549,14.77871779,5.492387026,FlashHobby,4300,5,4,Gemfan,Hobbywing,20-30,
33.4308476,1400,9007,0.086421531,7.986904664,2.060247106,16.45499722,5.251993034,FlashHobby,4300,5,4,Gemfan,Hobbywing,20-30,
37.306691,1425,9947,0.091659134,7.980568072,2.307313942,18.41367598,4.977774901,FlashHobby,4300,5,4,Gemfan,Hobbywing,20-30,
41.182809,1450,10113,0.100454448,7.972652813,2.57049509,20.49366491,4.901731736,FlashHobby,4300,5,4,Gemfan,Hobbywing,20-30,
45.0848804,1475,10711,0.1067169,7.964615924,2.883374791,22.96497278,4.646942153,FlashHobby,4300,5,4,Gemfan,Hobbywing,20-30,
48.9578454,1500,11963,0.118373089,7.955653431,3.235260822,25.73861386,4.599046761,FlashHobby,4300,5,4,Gemfan,Hobbywing,20-30,
53.0835112,1550,11480,0.138071476,7.937285471,4.01687419,31.88307715,4.330556771,FlashHobby,4300,5,4,Gemfan,Hobbywing,20-30,
57.2341928,1600,11983,0.156937753,7.916887675,4.860814343,38.48252116,4.078156751,FlashHobby,4300,5,4,Gemfan,Hobbywing,20-30,
61.3837022,1650,13332,0.176040378,7.892974676,5.862596645,46.27332685,3.804359658,FlashHobby,4300,5,4,Gemfan,Hobbywing,20-30,
65.5348696,1700,13908,0.195943425,7.865677352,7.002403499,55.07864661,3.5575207,FlashHobby,4300,5,4,Gemfan,Hobbywing,20-30,
69.6603234,1750,14900,0.218997972,7.832677715,8.251895406,64.63443726,3.388255263,FlashHobby,4300,5,4,Gemfan,Hobbywing,20-30,
73.786059,1800,15767,0.248904338,7.794048587,9.871142133,76.9361614,3.235206089,FlashHobby,4300,5,4,Gemfan,Hobbywing,20-30,
77.9109688,1850,16238,0.276050523,7.750605503,11.55294458,89.54231586,3.08290578,FlashHobby,4300,5,4,Gemfan,Hobbywing,20-30,
0.3009304,1000,0,-0.000243546,8.139294732,0.007180983,0.058448134,,iFlight,3800,5.1,2.6,Gemfan,,20-30,
9.5749044,1200,4526,0.018504835,8.133852118,0.2867027,2.331997362,7.935186967,iFlight,3800,5.1,2.6,Gemfan,,20-30,
13.7244588,1250,5424,0.028198844,8.130078803,0.461781239,3.754317864,7.511043243,iFlight,3800,5.1,2.6,Gemfan,,20-30,
17.8765162,1300,6286,0.038976262,8.124689968,0.696843237,5.661635258,6.884276329,iFlight,3800,5.1,2.6,Gemfan,,20-30,
21.777276,1325,6679,0.044723688,8.120179204,0.838194301,6.806287934,6.570936891,iFlight,3800,5.1,2.6,Gemfan,,20-30,
25.6531964,1350,7026,0.049740485,8.116945631,0.982670666,7.97628437,6.236047039,iFlight,3800,5.1,2.6,Gemfan,,20-30,
29.5532618,1375,7365,0.055141293,8.112759652,1.138846633,9.239189013,5.968196202,iFlight,3800,5.1,2.6,Gemfan,,20-30,
33.42966,1400,7686,0.060837459,8.108069769,1.290886405,10.46659703,5.812534743,iFlight,3800,5.1,2.6,Gemfan,,20-30,
37.304887,1425,7986,0.067203862,8.103122612,1.466061105,11.87967289,5.657046544,iFlight,3800,5.1,2.6,Gemfan,,20-30,
41.2047536,1450,8321,0.071891478,8.098235207,1.627507134,13.17993557,5.454615246,iFlight,3800,5.1,2.6,Gemfan,,20-30,
45.0798042,1475,8600,0.07753372,8.092644368,1.818657189,14.71774586,5.268043127,iFlight,3800,5.1,2.6,Gemfan,,20-30,
48.9559556,1500,8911,0.081433113,8.086922785,2.010247673,16.25671771,5.009197703,iFlight,3800,5.1,2.6,Gemfan,,20-30,
53.0810008,1550,9508,0.093610462,8.075980599,2.452501516,19.80635467,4.726284226,iFlight,3800,5.1,2.6,Gemfan,,20-30,
57.2324308,1600,10117,0.105040442,8.06304787,2.927122677,23.60153027,4.450577602,iFlight,3800,5.1,2.6,Gemfan,,20-30,
61.3824964,1650,10607,0.118967419,8.047715934,3.504741594,28.20516478,4.217930311,iFlight,3800,5.1,2.6,Gemfan,,20-30,
65.506581,1700,11178,0.131324779,8.031585654,4.120029273,33.09036801,3.968670853,iFlight,3800,5.1,2.6,Gemfan,,20-30,
69.6587066,1750,11661,0.144707798,8.010940131,4.81359787,38.56144435,3.752655031,iFlight,3800,5.1,2.6,Gemfan,,20-30,
73.7932566,1800,12153,0.155332109,7.989320871,5.542620528,44.28177387,3.507811359,iFlight,3800,5.1,2.6,Gemfan,,20-30,
77.9603126,1850,12481,0.167157662,7.968075992,6.32319188,50.38367341,3.317695017,iFlight,3800,5.1,2.6,Gemfan,,20-30,
0.2971182,1000,0,-0.000301642,15.66147872,-0.004933267,0.07726226,,Lumenier,2550,4,4.5,Gemfan,Lumenier,25-30,
9.598904,1200,7900,0.028601347,15.63566564,0.975373237,15.2506098,1.875423153,Lumenier,2550,4,4.5,Gemfan,Lumenier,25-30,
14.2248278,1300,11447,0.059757682,15.5917559,2.054086474,32.0268149,1.865864022,Lumenier,2550,4,4.5,Gemfan,Lumenier,25-30,
18.3501206,1350,12930,0.074977469,15.56118811,2.697351935,41.97400087,1.786283592,Lumenier,2550,4,4.5,Gemfan,Lumenier,25-30,
22.4755636,1400,14381,0.092606818,15.52523271,3.442169267,53.44047891,1.732896485,Lumenier,2550,4,4.5,Gemfan,Lumenier,25-30,
26.679278,1450,15721,0.11025309,15.48445481,4.282053116,66.30525798,1.66281066,Lumenier,2550,4,4.5,Gemfan,Lumenier,25-30,
30.8261916,1500,16988,0.128555925,15.4386622,5.17487698,79.89317762,1.609097662,Lumenier,2550,4,4.5,Gemfan,Lumenier,25-30,
34.9755364,1550,18216,0.147341585,15.38313934,6.267732248,96.41739849,1.528163873,Lumenier,2550,4,4.5,Gemfan,Lumenier,25-30,
39.1512236,1600,19464,0.168285042,15.32486048,7.413366249,113.6088035,1.481267617,Lumenier,2550,4,4.5,Gemfan,Lumenier,25-30,
43.3443618,1650,20795,0.190639624,15.25641985,8.843069893,134.9135871,1.413049851,Lumenier,2550,4,4.5,Gemfan,Lumenier,25-30,
47.5282678,1700,22242,0.218462619,15.16781523,10.60401247,160.8397018,1.358263021,Lumenier,2550,4,4.5,Gemfan,Lumenier,25-30,
0.3111272,1000,0,-0.000169834,22.5800006,0.034110064,0.770205266,,FL,650-700,15,,,hobbywing,45-60,
8.7144214,1475,4402,0.432903381,22.55043288,2.346630569,52.91753515,8.180717028,FL,650-700,15,,,hobbywing,45-60,
12.6881124,1502,4735,0.490846952,22.54507467,2.760695025,62.24007549,7.886348914,FL,650-700,15,,,hobbywing,45-60,
16.6976378,1530,5028,0.575211744,22.53691369,3.396103834,76.53769897,7.515404201,FL,650-700,15,,,hobbywing,45-60,
20.6465964,1557,5325,0.629245224,22.52868494,3.882961982,87.47802713,7.193180332,FL,650-700,15,,,hobbywing,45-60,
24.6531992,1585,5627,0.724006452,22.52046305,4.687544058,105.5656627,6.858351792,FL,650-700,15,,,hobbywing,45-60,
28.658272,1612,5883,0.795610128,22.51029187,5.366566451,120.8029772,6.586014238,FL,650-700,15,,,hobbywing,45-60,
32.7013088,1640,6149,0.882245672,22.49891025,6.193562007,139.3483957,6.331222314,FL,650-700,15,,,hobbywing,45-60,
36.713844,1667,6493,0.946627205,22.48852134,7.008961038,157.6211699,6.005711069,FL,650-700,15,,,hobbywing,45-60,
40.7655212,1695,6788,1.036782429,22.47471559,7.985086831,179.4625555,5.777151822,FL,650-700,15,,,hobbywing,45-60,
44.823696,1722,6952,1.111132967,22.46305381,8.748387009,196.5154881,5.654175036,FL,650-700,15,,,hobbywing,45-60,
48.9067822,1750,7095,1.171666156,22.45485267,9.392047466,210.8970421,5.555631053,FL,650-700,15,,,hobbywing,45-60,
0.280309,1000,0,0.000183466,8.084375385,0.021469361,0.173566374,,Ummagawd Aerolite,3500,5.1,3,Gemfan SL,Hobbywing,30,
9.4597404,1200,5009,0.027387321,8.074682008,0.599773628,4.842981321,5.655054091,Ummagawd Aerolite,3500,5.1,3,Gemfan SL,Hobbywing,30,
13.5512898,1250,6021,0.041406144,8.067202549,0.913430842,7.368831616,5.619092118,Ummagawd Aerolite,3500,5.1,3,Gemfan SL,Hobbywing,30,
17.650121,1300,6900,0.054482442,8.058771737,1.26886918,10.22552709,5.32808148,Ummagawd Aerolite,3500,5.1,3,Gemfan SL,Hobbywing,30,
21.510613,1325,7302,0.06240188,8.053621145,1.455604853,11.72289002,5.323079898,Ummagawd Aerolite,3500,5.1,3,Gemfan SL,Hobbywing,30,
25.3872572,1350,7695,0.069557997,8.047854381,1.671718008,13.45374309,5.170159472,Ummagawd Aerolite,3500,5.1,3,Gemfan SL,Hobbywing,30,
29.2801016,1375,8045,0.076615208,8.04195643,1.874801051,15.07706837,5.081571986,Ummagawd Aerolite,3500,5.1,3,Gemfan SL,Hobbywing,30,
33.1425206,1400,8393,0.085319515,8.035411581,2.098029554,16.85853098,5.060910386,Ummagawd Aerolite,3500,5.1,3,Gemfan SL,Hobbywing,30,
37.0042012,1425,8700,0.091324834,8.029489203,2.330520157,18.71288644,4.880317853,Ummagawd Aerolite,3500,5.1,3,Gemfan SL,Hobbywing,30,
40.8632026,1450,8973,0.098001967,8.022523162,2.537427932,20.35657436,4.814266134,Ummagawd Aerolite,3500,5.1,3,Gemfan SL,Hobbywing,30,
44.7620056,1475,9263,0.104255389,8.013116501,2.773811017,22.22687083,4.690511315,Ummagawd Aerolite,3500,5.1,3,Gemfan SL,Hobbywing,30,
48.648103,1500,9579,0.112615376,8.003426052,3.052854628,24.43329626,4.609094667,Ummagawd Aerolite,3500,5.1,3,Gemfan SL,Hobbywing,30,
52.762487,1550,10290,0.132192909,7.987601124,3.745910516,29.92083905,4.418088314,Ummagawd Aerolite,3500,5.1,3,Gemfan SL,Hobbywing,30,
56.8884316,1600,11010,0.153575064,7.967731697,4.541143669,36.18261435,4.244443547,Ummagawd Aerolite,3500,5.1,3,Gemfan SL,Hobbywing,30,
61.0014822,1650,11822,0.178632825,7.94339512,5.597268495,44.46131525,4.017713463,Ummagawd Aerolite,3500,5.1,3,Gemfan SL,Hobbywing,30,
65.1364092,1700,12621,0.208529786,7.913811093,6.804067069,53.84610144,3.872699788,Ummagawd Aerolite,3500,5.1,3,Gemfan SL,Hobbywing,30,
69.285977,1750,13509,0.242043655,7.878293609,8.264884568,65.11318728,3.717275486,Ummagawd Aerolite,3500,5.1,3,Gemfan SL,Hobbywing,30,
73.4114784,1800,14452,0.280263205,7.835138402,10.03417353,78.61913838,3.564821628,Ummagawd Aerolite,3500,5.1,3,Gemfan SL,Hobbywing,30,
77.5387578,1850,15292,0.317252581,7.787867798,11.8911507,92.6067096,3.425805561,Ummagawd Aerolite,3500,5.1,3,Gemfan SL,Hobbywing,30,
0.3380174,1000,0,-0.000322778,12.32344523,-0.006956885,0.085732788,,T-motor,1950,6,4.2,Gemfan,T-motor,50-60,
9.6612146,1200,4306,0.052969747,12.30407064,0.651112327,8.011332072,6.611852643,T-motor,1950,6,4.2,Gemfan,T-motor,50-60,
13.8153486,1250,5258,0.084634326,12.28798797,1.049377117,12.89473339,6.563480112,T-motor,1950,6,4.2,Gemfan,T-motor,50-60,
18.0202992,1300,6142,0.115279257,12.26808014,1.484123291,18.20734348,6.331470425,T-motor,1950,6,4.2,Gemfan,T-motor,50-60,
21.9233116,1325,6524,0.135148919,12.25183316,1.757311034,21.53028161,6.277155197,T-motor,1950,6,4.2,Gemfan,T-motor,50-60,
25.8740938,1350,6897,0.154214116,12.235147,2.053997928,25.13096659,6.136417997,T-motor,1950,6,4.2,Gemfan,T-motor,50-60,
29.7895158,1375,7254,0.171759146,12.21908211,2.36075254,28.84622913,5.954301532,T-motor,1950,6,4.2,Gemfan,T-motor,50-60,
33.707516,1400,7596,0.189129254,12.20323082,2.646959173,32.30145375,5.855131327,T-motor,1950,6,4.2,Gemfan,T-motor,50-60,
37.59046,1425,7883,0.207221792,12.18380613,2.95237324,35.97114318,5.760778617,T-motor,1950,6,4.2,Gemfan,T-motor,50-60,
41.4896242,1450,8194,0.221443804,12.16580063,3.237007068,39.38078261,5.623143801,T-motor,1950,6,4.2,Gemfan,T-motor,50-60,
45.3996034,1475,8517,0.242940599,12.14391412,3.63737537,44.17197413,5.499880956,T-motor,1950,6,4.2,Gemfan,T-motor,50-60,
49.3427524,1500,8868,0.26156204,12.12076376,4.071558664,49.35040073,5.300099613,T-motor,1950,6,4.2,Gemfan,T-motor,50-60,
54.0313398,1600,10245,0.361302169,12.03496556,6.249342528,75.21062211,4.803871565,T-motor,1950,6,4.2,Gemfan,T-motor,50-60,
58.6929978,1700,11744,0.485230594,11.9032822,9.463905397,112.6515367,4.307358858,T-motor,1950,6,4.2,Gemfan,T-motor,50-60,
0.2988978,1000,0,-0.000254302,12.66385981,0.047410154,0.600395544,,T-motor,1500,6,4.5,Master Airscrew,T-motor,35-40,
9.575199,1200,3493,0.031499764,12.64638605,0.316095394,3.997464386,7.879936142,T-motor,1500,6,4.5,Master Airscrew,T-motor,35-40,
13.7265188,1250,4215,0.047052387,12.63670003,0.466087606,5.889809266,7.988779377,T-motor,1500,6,4.5,Master Airscrew,T-motor,35-40,
17.850482,1300,4894,0.064415546,12.62342812,0.663103878,8.370644143,7.695410902,T-motor,1500,6,4.5,Master Airscrew,T-motor,35-40,
21.7272018,1325,5240,0.074450423,12.6142868,0.792438536,9.996046965,7.447986481,T-motor,1500,6,4.5,Master Airscrew,T-motor,35-40,
25.6299676,1350,5592,0.085800514,12.60224345,0.926005461,11.66974625,7.352388992,T-motor,1500,6,4.5,Master Airscrew,T-motor,35-40,
29.528705,1375,5919,0.096876629,12.58979827,1.068605493,13.45352759,7.200834722,T-motor,1500,6,4.5,Master Airscrew,T-motor,35-40,
33.4293704,1400,6247,0.108755696,12.57754468,1.232618757,15.50331749,7.0149951,T-motor,1500,6,4.5,Master Airscrew,T-motor,35-40,
37.3284948,1425,6570,0.119067981,12.56377082,1.399523713,17.5832952,6.77165341,T-motor,1500,6,4.5,Master Airscrew,T-motor,35-40,
41.2291284,1450,6865,0.131294999,12.54940893,1.567299117,19.66867754,6.675334359,T-motor,1500,6,4.5,Master Airscrew,T-motor,35-40,
45.1049606,1475,7159,0.144888189,12.5324446,1.774350184,22.23694538,6.515651615,T-motor,1500,6,4.5,Master Airscrew,T-motor,35-40,
49.006171,1500,7436,0.159746967,12.51539105,1.977381578,24.74770369,6.455021806,T-motor,1500,6,4.5,Master Airscrew,T-motor,35-40,
53.1304486,1550,8021,0.185277045,12.48177559,2.435010265,30.39325169,6.095992848,T-motor,1500,6,4.5,Master Airscrew,T-motor,35-40,
57.309039,1600,8571,0.214475136,12.4431134,2.953984404,36.75676292,5.83498434,T-motor,1500,6,4.5,Master Airscrew,T-motor,35-40,
61.4327098,1650,9137,0.241129595,12.39648135,3.540203658,43.88606863,5.494445109,T-motor,1500,6,4.5,Master Airscrew,T-motor,35-40,
65.5577358,1700,9657,0.271557135,12.34781986,4.237257831,52.32089641,5.190223281,T-motor,1500,6,4.5,Master Airscrew,T-motor,35-40,
69.6827356,1750,10157,0.305211549,12.29397228,4.987589554,61.31728773,4.977577454,T-motor,1500,6,4.5,Master Airscrew,T-motor,35-40,
73.8345708,1800,10664,0.334742669,12.23590734,5.797782918,70.94113458,4.718597625,T-motor,1500,6,4.5,Master Airscrew,T-motor,35-40,
0,1000,0,0,25.2,0,0,,Vector Technics,340,20-30,08-10-2026 00:00,T-motor ,Hobbywing,70-80,
2,1100,0,0,25.19,0,0,,Vector Technics,340,20-30,08-10-2026 00:00,T-motor ,Hobbywing,70-80,
4,1200,840.9110573,0.09687304,25.18,0.17,4.2806,22.63071537,Vector Technics,340,20-30,08-10-2026 00:00,T-motor ,Hobbywing,70-80,
6,1300,1682.299579,0.48742435,25.14,1.24,31.1736,15.63580561,Vector Technics,340,20-30,08-10-2026 00:00,T-motor ,Hobbywing,70-80,
8,1400,2483.867535,1.211422861,25.03,4.04,101.1212,11.97990986,Vector Technics,340,20-30,08-10-2026 00:00,T-motor ,Hobbywing,70-80,
10,1500,3259.938868,1.998643777,24.82,8.83,219.1606,9.119539632,Vector Technics,340,20-30,08-10-2026 00:00,T-motor ,Hobbywing,70-80,
12,1600,3904.89836,3.010202261,24.5,16.45,403.025,7.469021179,Vector Technics,340,20-30,08-10-2026 00:00,T-motor ,Hobbywing,70-80,
14,1700,4444.338124,3.800482326,24.11,25.03,603.4733,6.297680984,Vector Technics,340,20-30,08-10-2026 00:00,T-motor ,Hobbywing,70-80,
16,1800,4869.472808,4.750857836,23.61,36.28,856.5708,5.546369122,Vector Technics,340,20-30,08-10-2026 00:00,T-motor ,Hobbywing,70-80,
18,1900,5176.864665,5.404495929,23.01,49.22,1132.5522,4.771961883,Vector Technics,340,20-30,08-10-2026 00:00,T-motor ,Hobbywing,70-80,
20,2000,5215.157344,5.473836631,22.76,52.4,1192.624,4.589742141,Vector Technics,340,20-30,08-10-2026 00:00,T-motor ,Hobbywing,70-80,
0.5023418,1000,0,6.16E-05,15.78756955,0.048351441,0.763351732,,PrimoPal,1430,6,4.2,Gemfan,Hobbywing,30,
6.6085366,1200,3753,0.022535731,15.77843659,0.285343462,4.502273728,5.005411108,PrimoPal,1430,6,4.2,Gemfan,Hobbywing,30,
11.707508,1300,5335,0.046085364,15.76185498,0.670341402,10.56582396,4.361738791,PrimoPal,1430,6,4.2,Gemfan,Hobbywing,30,
16.30899,1350,6033,0.059186925,15.7487961,0.959957316,15.11817204,3.914952458,PrimoPal,1430,6,4.2,Gemfan,Hobbywing,30,
20.9252522,1400,6638,0.072610663,15.73322113,1.278915109,20.1214542,3.60861905,PrimoPal,1430,6,4.2,Gemfan,Hobbywing,30,
25.6832556,1450,7216,0.088271461,15.71350085,1.654471592,25.99754076,3.395377365,PrimoPal,1430,6,4.2,Gemfan,Hobbywing,30,
30.2637114,1500,7772,0.101498805,15.69051629,2.082420552,32.67425359,3.106384805,PrimoPal,1430,6,4.2,Gemfan,Hobbywing,30,
35.0179468,1550,8324,0.113727377,15.66254181,2.533505214,39.68113134,2.866031618,PrimoPal,1430,6,4.2,Gemfan,Hobbywing,30,
39.7875294,1600,8841,0.12828532,15.63300134,3.057865157,47.80361009,2.683590634,PrimoPal,1430,6,4.2,Gemfan,Hobbywing,30,
44.673142,1650,9270,0.142700443,15.59774026,3.630433109,56.62655267,2.520027026,PrimoPal,1430,6,4.2,Gemfan,Hobbywing,30,
0.3039274,1000,0,-0.000133044,7.788721174,0.007298582,0.056846617,,T-Motor,3800,5.1,2.6,Gemfan,Hobbywing,20-25,
9.5525382,1200,4685,0.018583904,7.78930465,0.339130626,2.641591764,7.035115771,T-Motor,3800,5.1,2.6,Gemfan,Hobbywing,20-25,
13.7030734,1250,5487,0.02717077,7.786976674,0.496481567,3.866090379,7.027970626,T-Motor,3800,5.1,2.6,Gemfan,Hobbywing,20-25,
17.852724,1300,6264,0.036439074,7.783107885,0.703333178,5.474118,6.656611056,T-Motor,3800,5.1,2.6,Gemfan,Hobbywing,20-25,
21.7526214,1325,6673,0.041411396,7.780553601,0.846123983,6.583313004,6.290358107,T-Motor,3800,5.1,2.6,Gemfan,Hobbywing,20-25,
25.6527332,1350,7078,0.045735311,7.777126022,0.988704899,7.689282599,5.947929551,T-Motor,3800,5.1,2.6,Gemfan,Hobbywing,20-25,
29.5286892,1375,7442,0.051019832,7.772978414,1.140048521,8.861572544,5.757424196,T-Motor,3800,5.1,2.6,Gemfan,Hobbywing,20-25,
33.429054,1400,7810,0.057165428,7.768729436,1.305702604,10.14365025,5.635587412,T-Motor,3800,5.1,2.6,Gemfan,Hobbywing,20-25,
37.3282684,1425,8124,0.063217872,7.763537199,1.469438295,11.40803887,5.54151972,T-Motor,3800,5.1,2.6,Gemfan,Hobbywing,20-25,
41.2288718,1450,8462,0.068679985,7.758876355,1.64472424,12.76121201,5.381932796,T-Motor,3800,5.1,2.6,Gemfan,Hobbywing,20-25,
45.1034998,1475,8806,0.074272504,7.754068938,1.838901944,14.25897245,5.208825821,T-Motor,3800,5.1,2.6,Gemfan,Hobbywing,20-25,
48.9819412,1500,9095,0.080929871,7.747342209,2.057451507,15.93978091,5.077226086,T-Motor,3800,5.1,2.6,Gemfan,Hobbywing,20-25,
53.104881,1550,9774,0.092440358,7.735764707,2.507746174,19.39933435,4.765130433,T-Motor,3800,5.1,2.6,Gemfan,Hobbywing,20-25,
57.2554068,1600,10404,0.106491674,7.722616899,3.042570642,23.49660745,4.532214884,T-Motor,3800,5.1,2.6,Gemfan,Hobbywing,20-25,
61.3836768,1650,11022,0.122503534,7.705887912,3.673048476,28.30409985,4.328119768,T-Motor,3800,5.1,2.6,Gemfan,Hobbywing,20-25,
65.5287004,1700,11657,0.137193597,7.687423964,4.386206184,33.71862653,4.068777751,T-Motor,3800,5.1,2.6,Gemfan,Hobbywing,20-25,
69.658482,1750,12283,0.154496424,7.664667148,5.191801368,39.79342938,3.882460651,T-Motor,3800,5.1,2.6,Gemfan,Hobbywing,20-25,
73.7793348,1800,12860,0.169478072,7.640373039,6.081712446,46.46655181,3.647313302,T-Motor,3800,5.1,2.6,Gemfan,Hobbywing,20-25,
77.9305472,1850,13382,0.185911209,7.616090139,7.001550028,53.32443613,3.486416774,T-Motor,3800,5.1,2.6,Gemfan,Hobbywing,20-25,
0.2765312,1000,0,0.000572221,8.014051515,0.023653109,0.189557236,,GEPRC,2550,5.1,3,,GEPRC,30,
9.4260212,1200,3774,0.015152336,8.005935219,0.377015865,3.01836459,5.02004814,GEPRC,2550,5.1,3,,GEPRC,30,
13.519109,1250,4628,0.022601929,8.001817788,0.541268403,4.331131137,5.218481734,GEPRC,2550,5.1,3,,GEPRC,30,
17.6347596,1300,5422,0.031838244,7.996915916,0.744048994,5.950097241,5.350877904,GEPRC,2550,5.1,3,,GEPRC,30,
21.5097706,1325,5805,0.03658809,7.993839944,0.874497095,6.990589811,5.233906054,GEPRC,2550,5.1,3,,GEPRC,30,
25.334642,1350,6173,0.040833955,7.990384737,0.986524198,7.882707894,5.180193849,GEPRC,2550,5.1,3,,GEPRC,30,
29.1802432,1375,6525,0.047769592,7.987044118,1.118537089,8.93380508,5.347059984,GEPRC,2550,5.1,3,,GEPRC,30,
33.0158694,1400,6863,0.053225232,7.983322501,1.264065309,10.09144103,5.274294471,GEPRC,2550,5.1,3,,GEPRC,30,
36.8895314,1425,7192,0.059747497,7.979136542,1.403842545,11.20145135,5.333906728,GEPRC,2550,5.1,3,,GEPRC,30,
40.7641396,1450,7507,0.066001342,7.974556956,1.561481081,12.45211982,5.300410164,GEPRC,2550,5.1,3,,GEPRC,30,
44.6226506,1475,7815,0.072539152,7.969968262,1.721258295,13.71837399,5.287736893,GEPRC,2550,5.1,3,,GEPRC,30,
48.4893138,1500,8096,0.077433975,7.965466981,1.852810832,14.7585035,5.246736209,GEPRC,2550,5.1,3,,GEPRC,30,
52.6150952,1550,8700,0.08933137,7.956446962,2.203824424,17.53461214,5.094573492,GEPRC,2550,5.1,3,,GEPRC,30,
56.7412322,1600,9363,0.104841163,7.94507116,2.654257348,21.08826351,4.971540843,GEPRC,2550,5.1,3,,GEPRC,30,
60.8454638,1650,10039,0.123498889,7.930939682,3.217292304,25.5161512,4.840028091,GEPRC,2550,5.1,3,,GEPRC,30,
64.9659958,1700,10813,0.144462073,7.914194669,3.878625898,30.6962004,4.706187447,GEPRC,2550,5.1,3,,GEPRC,30,
69.0839152,1750,11625,0.168993081,7.893850197,4.726295717,37.30867038,4.529592704,GEPRC,2550,5.1,3,,GEPRC,30,
73.1915366,1800,12406,0.192802312,7.871588808,5.628462005,44.30493852,4.351711541,GEPRC,2550,5.1,3,,GEPRC,30,
77.2987714,1850,13152,0.217534091,7.847071892,6.597138689,51.76822158,4.202077722,GEPRC,2550,5.1,3,,GEPRC,30,
0.3010048,1000,0,-4.21E-05,8.235081603,0.004677789,0.038521971,,FlashHobby,2700,5,4,Gemfan,Hobbywing,01-10-2020 00:00,
9.5521478,1200,4055,0.016725947,8.230658311,0.304682636,2.507738671,6.669732947,FlashHobby,2700,5,4,Gemfan,Hobbywing,01-10-2020 00:00,
13.6783654,1250,4986,0.026378946,8.226681355,0.452548571,3.722972892,7.085452032,FlashHobby,2700,5,4,Gemfan,Hobbywing,01-10-2020 00:00,
17.8288328,1300,5862,0.036533856,8.222508133,0.651979985,5.360910726,6.814860003,FlashHobby,2700,5,4,Gemfan,Hobbywing,01-10-2020 00:00,
21.7286012,1325,6253,0.043648734,8.219367473,0.780278062,6.413392122,6.805873314,FlashHobby,2700,5,4,Gemfan,Hobbywing,01-10-2020 00:00,
25.629951,1350,6650,0.048695238,8.216237317,0.889120717,7.305226814,6.665807822,FlashHobby,2700,5,4,Gemfan,Hobbywing,01-10-2020 00:00,
29.5301228,1375,7034,0.054311551,8.212986542,1.006441551,8.265890912,6.570562284,FlashHobby,2700,5,4,Gemfan,Hobbywing,01-10-2020 00:00,
33.4306266,1400,7406,0.060771012,8.209257697,1.138891439,9.349453314,6.499953491,FlashHobby,2700,5,4,Gemfan,Hobbywing,01-10-2020 00:00,
37.3313258,1425,7796,0.067301506,8.204965723,1.284478652,10.53910331,6.385885386,FlashHobby,2700,5,4,Gemfan,Hobbywing,01-10-2020 00:00,
41.20655,1450,8167,0.072465754,8.201115293,1.420172541,11.64699874,6.221839228,FlashHobby,2700,5,4,Gemfan,Hobbywing,01-10-2020 00:00,
45.080531,1475,8544,0.080470943,8.195720159,1.576502512,12.92057342,6.22812474,FlashHobby,2700,5,4,Gemfan,Hobbywing,01-10-2020 00:00,
48.9815136,1500,8926,0.087127436,8.189972506,1.747917867,14.31539928,6.086273518,FlashHobby,2700,5,4,Gemfan,Hobbywing,01-10-2020 00:00,
53.1072552,1550,9559,0.101350214,8.181049829,2.089598834,17.09511218,5.928607713,FlashHobby,2700,5,4,Gemfan,Hobbywing,01-10-2020 00:00,
57.2324194,1600,10232,0.115012283,8.171347213,2.459844479,20.10024333,5.721934848,FlashHobby,2700,5,4,Gemfan,Hobbywing,01-10-2020 00:00,
61.3585338,1650,11053,0.133560442,8.158191714,2.991207712,24.40284597,5.473150248,FlashHobby,2700,5,4,Gemfan,Hobbywing,01-10-2020 00:00,
65.4850898,1700,11907,0.155632542,8.142699464,3.621931036,29.4922959,5.277057523,FlashHobby,2700,5,4,Gemfan,Hobbywing,01-10-2020 00:00,
69.6099958,1750,12740,0.174128412,8.125310983,4.304724639,34.97722639,4.978336763,FlashHobby,2700,5,4,Gemfan,Hobbywing,01-10-2020 00:00,
73.7350258,1800,13594,0.200456583,8.104287463,5.162282983,41.83662526,4.791413784,FlashHobby,2700,5,4,Gemfan,Hobbywing,01-10-2020 00:00,
77.8853542,1850,14413,0.22284045,8.082536183,6.047046721,48.87547392,4.559351178,FlashHobby,2700,5,4,Gemfan,Hobbywing,01-10-2020 00:00,
2.7427489,1000,0,-0.000261462,25.17332012,-3.10E-05,0.000781382,,T-motor,280,17.6,6,Tarot,Hobbywing ,70-80,
31.2467162,1960,5041,3.609251735,24.14373258,27.24944777,657.9033801,5.485990564,T-motor,280,17.6,6,Tarot,Hobbywing ,70-80,
39.96443745,1933,5022,3.541419526,24.02881642,26.79615251,643.8798296,5.500124967,T-motor,280,17.6,6,Tarot,Hobbywing ,70-80,
48.919162,1907,4928,3.392814365,23.99538973,25.05802863,601.2771628,5.642679575,T-motor,280,17.6,6,Tarot,Hobbywing ,70-80,
57.8092058,1880,4801,3.191081277,23.99921214,23.04095462,552.9647578,5.770858326,T-motor,280,17.6,6,Tarot,Hobbywing ,70-80,
66.682579,1854,4677,3.002820511,24.02548306,20.95864338,503.5415315,5.963401871,T-motor,280,17.6,6,Tarot,Hobbywing ,70-80,
75.55808355,1827,4520,2.869974388,24.05150146,19.30692414,464.3605141,6.180487576,T-motor,280,17.6,6,Tarot,Hobbywing ,70-80,
84.4867644,1801,4408,2.644199184,24.09472307,17.36993939,418.5238793,6.317917124,T-motor,280,17.6,6,Tarot,Hobbywing ,70-80,
93.38240265,1774,4264,2.504628372,24.13391879,15.80848323,381.5206506,6.564856629,T-motor,280,17.6,6,Tarot,Hobbywing ,70-80,
102.1352565,1747,4127,2.318261418,24.17494544,14.17241529,342.6173665,6.76632782,T-motor,280,17.6,6,Tarot,Hobbywing ,70-80,
111.2005539,1721,3990,2.214124205,24.20565919,13.027602,315.3416942,7.021349368,T-motor,280,17.6,6,Tarot,Hobbywing ,70-80,
120.3155177,1694,3864,2.013982004,24.24836499,11.50225524,278.9108834,7.220879945,T-motor,280,17.6,6,Tarot,Hobbywing ,70-80,
129.2939948,1668,3729,1.929188643,24.27378092,10.58056328,256.8302751,7.511531271,T-motor,280,17.6,6,Tarot,Hobbywing ,70-80,
138.2366308,1641,3590,1.785452396,24.31130602,9.375514478,227.9310016,7.833302112,T-motor,280,17.6,6,Tarot,Hobbywing ,70-80,
147.2653038,1615,3459,1.642163277,24.34538151,8.272501991,201.397217,8.153852877,T-motor,280,17.6,6,Tarot,Hobbywing ,70-80,
156.192016,1588,3303,1.470778189,24.38172244,7.114351209,173.4601365,8.479055872,T-motor,280,17.6,6,Tarot,Hobbywing ,70-80,
165.2112807,1562,3145,1.346444944,24.4124155,6.234565345,152.2007997,8.846503744,T-motor,280,17.6,6,Tarot,Hobbywing ,70-80,
174.2935614,1535,2977,1.221490163,24.44404947,5.363643897,131.1091768,9.31658785,T-motor,280,17.6,6,Tarot,Hobbywing ,70-80,
183.3383723,1509,2816,1.05952509,24.47552474,4.498636045,110.1064778,9.622731657,T-motor,280,17.6,6,Tarot,Hobbywing ,70-80,
192.2975559,1482,2650,0.932772203,24.5047934,3.773907086,92.47881347,10.08633402,T-motor,280,17.6,6,Tarot,Hobbywing ,70-80,
201.376273,1456,2498,0.839121433,24.52920011,3.204714258,78.60907733,10.67461242,T-motor,280,17.6,6,Tarot,Hobbywing ,70-80,
210.5435767,1429,2342,0.741532476,24.55048165,2.687899788,65.98923442,11.2371735,T-motor,280,17.6,6,Tarot,Hobbywing ,70-80,
219.737696,1403,2175,0.653195103,24.57046024,2.233852503,54.8867841,11.900772,T-motor,280,17.6,6,Tarot,Hobbywing ,70-80,
228.7846119,1376,1978,0.524566055,24.59276229,1.683217924,41.39497829,12.67221477,T-motor,280,17.6,6,Tarot,Hobbywing ,70-80,
237.9974807,1350,1824,0.428805426,24.61054311,1.315278976,32.36972993,13.24711165,T-motor,280,17.6,6,Tarot,Hobbywing ,70-80,
247.1871351,1323,1635,0.351000556,24.62655735,1.000557297,24.64028166,14.2449896,T-motor,280,17.6,6,Tarot,Hobbywing ,70-80,
256.4737018,1297,1446,0.274755522,24.64011567,0.749876787,18.47705078,14.8700962,T-motor,280,17.6,6,Tarot,Hobbywing ,70-80,
265.7350669,1270,1250,0.199922517,24.65260622,0.532880592,13.13689538,15.21839909,T-motor,280,17.6,6,Tarot,Hobbywing ,70-80,
274.9203477,1244,1060,0.140871862,24.66256478,0.371447836,9.160856321,15.37758669,T-motor,280,17.6,6,Tarot,Hobbywing ,70-80,
284.1316727,1217,875,0.090688052,24.66990999,0.2473023,6.100925473,14.86463859,T-motor,280,17.6,6,Tarot,Hobbywing ,70-80,
293.4412563,1190,694,0.055590606,24.67693275,0.163678696,4.039088171,13.76315732,T-motor,280,17.6,6,Tarot,Hobbywing ,70-80,
0.2885562,1000,0,0.001004374,8.041445282,-0.005066867,0.040744931,,FlashHobby,3100,5,3,Gemfan,Generic BLHeli,20,
9.5635748,1200,4549,0.017669823,8.037429416,0.241456215,1.940687282,9.104930603,FlashHobby,3100,5,3,Gemfan,Generic BLHeli,20,
13.683854,1250,5581,0.027387159,8.034468732,0.378888005,3.044163825,8.99661133,FlashHobby,3100,5,3,Gemfan,Generic BLHeli,20,
17.8090192,1300,6518,0.036087612,8.031006475,0.542035136,4.35308769,8.290118231,FlashHobby,3100,5,3,Gemfan,Generic BLHeli,20,
21.7095204,1325,6942,0.041469051,8.029160081,0.637327172,5.117201889,8.103852874,FlashHobby,3100,5,3,Gemfan,Generic BLHeli,20,
25.6100418,1350,7350,0.047208772,8.026301104,0.736305148,5.90980682,7.988209,FlashHobby,3100,5,3,Gemfan,Generic BLHeli,20,
29.5105422,1375,7751,0.052792031,8.022584497,0.849972442,6.818975735,7.741929775,FlashHobby,3100,5,3,Gemfan,Generic BLHeli,20,
33.3853112,1400,8146,0.05773701,8.019790651,0.971982798,7.795098554,7.406835092,FlashHobby,3100,5,3,Gemfan,Generic BLHeli,20,
37.2858446,1425,8520,0.064424586,8.015426156,1.095390891,8.780024801,7.337631452,FlashHobby,3100,5,3,Gemfan,Generic BLHeli,20,
41.1617344,1450,8899,0.071367582,8.011725296,1.221389188,9.785434655,7.29324601,FlashHobby,3100,5,3,Gemfan,Generic BLHeli,20,
45.036459,1475,9299,0.077006625,8.006339394,1.366442023,10.9401986,7.038869018,FlashHobby,3100,5,3,Gemfan,Generic BLHeli,20,
48.912103,1500,9652,0.083847077,8.002130383,1.515651541,12.12844124,6.913260755,FlashHobby,3100,5,3,Gemfan,Generic BLHeli,20,
53.0381942,1550,10476,0.098678021,7.992709627,1.870978968,14.95419161,6.598686409,FlashHobby,3100,5,3,Gemfan,Generic BLHeli,20,
57.1647228,1600,11321,0.115263021,7.982652609,2.30126547,18.37020281,6.274455556,FlashHobby,3100,5,3,Gemfan,Generic BLHeli,20,
61.3146114,1650,12160,0.134486476,7.97009281,2.790993069,22.2444738,6.045837596,FlashHobby,3100,5,3,Gemfan,Generic BLHeli,20,
65.4394748,1700,13041,0.154707065,7.956288456,3.380518282,26.89637859,5.751966351,FlashHobby,3100,5,3,Gemfan,Generic BLHeli,20,
69.5650582,1750,13934,0.175774751,7.939613971,4.057504986,32.21502328,5.456297497,FlashHobby,3100,5,3,Gemfan,Generic BLHeli,20,
73.6917994,1800,14794,0.196209699,7.921796914,4.787426015,37.92501664,5.173621952,FlashHobby,3100,5,3,Gemfan,Generic BLHeli,20,
77.8163788,1850,15615,0.221030257,7.900127679,5.683366332,44.89931967,4.922797454,FlashHobby,3100,5,3,Gemfan,Generic BLHeli,20,
0.3014404,1000,0,0.000135354,8.206695609,0.004245181,0.034838912,,FlashHobby,2700,5,5,HQProp,Hobbywing,,
9.552666,1200,3952,0.019415828,8.200531751,0.33234203,2.725381372,7.124077393,FlashHobby,2700,5,5,HQProp,Hobbywing,,
13.7036958,1250,4842,0.030211673,8.196713999,0.509691636,4.177796571,7.231484924,FlashHobby,2700,5,5,HQProp,Hobbywing,,
17.8284292,1300,5669,0.041524578,8.191067498,0.738937859,6.052689878,6.860516418,FlashHobby,2700,5,5,HQProp,Hobbywing,,
21.7045056,1325,6044,0.049087859,8.187588169,0.882737143,7.227488191,6.791828338,FlashHobby,2700,5,5,HQProp,Hobbywing,,
25.5798764,1350,6401,0.056856274,8.183862597,1.024413238,8.383657183,6.781798503,FlashHobby,2700,5,5,HQProp,Hobbywing,,
29.4795774,1375,6767,0.06369096,8.17980041,1.16477682,9.527641912,6.68486083,FlashHobby,2700,5,5,HQProp,Hobbywing,,
33.379798,1400,7150,0.068854392,8.176284334,1.28972735,10.54517753,6.529467287,FlashHobby,2700,5,5,HQProp,Hobbywing,,
37.2568902,1425,7521,0.072184855,8.171737546,1.427360512,11.66401549,6.188679594,FlashHobby,2700,5,5,HQProp,Hobbywing,,
41.1314452,1450,7868,0.078509335,8.167822962,1.590310071,12.98937112,6.044121334,FlashHobby,2700,5,5,HQProp,Hobbywing,,
45.0060454,1475,8130,0.087268207,8.162642305,1.763820369,14.39743476,6.061371933,FlashHobby,2700,5,5,HQProp,Hobbywing,,
48.8821312,1500,8358,0.09515502,8.157687131,1.922272971,15.68130148,6.068056315,FlashHobby,2700,5,5,HQProp,Hobbywing,,
53.0074502,1550,9020,0.111361188,8.147527337,2.35178048,19.16119575,5.811807856,FlashHobby,2700,5,5,HQProp,Hobbywing,,
57.1323966,1600,9726,0.131118713,8.135521158,2.85920892,23.26115467,5.636810171,FlashHobby,2700,5,5,HQProp,Hobbywing,,
61.2574312,1650,10488,0.152127185,8.119789311,3.464631889,28.13208098,5.407605108,FlashHobby,2700,5,5,HQProp,Hobbywing,,
65.3825332,1700,11317,0.174444403,8.101078938,4.272933537,34.61537187,5.039506828,FlashHobby,2700,5,5,HQProp,Hobbywing,,
69.5095734,1750,12062,0.1985084,8.081054895,5.091228637,41.14249809,4.82489904,FlashHobby,2700,5,5,HQProp,Hobbywing,,
73.6348884,1800,12787,0.223780882,8.057283249,6.118651897,49.29971144,4.539192541,FlashHobby,2700,5,5,HQProp,Hobbywing,,
77.7606584,1850,13469,0.260306812,8.028524942,7.302218797,58.62604575,4.440122288,FlashHobby,2700,5,5,HQProp,Hobbywing,,
0.3006584,1000,0,-0.000265168,7.993655628,0.007250239,0.057955916,,FlashHobby,4300,5,5,HQProp,Hobbywing,20-30,
9.5516092,1200,5169,0.035169876,7.983315408,0.596035965,4.758343102,7.391202259,FlashHobby,4300,5,5,HQProp,Hobbywing,20-30,
13.6778872,1250,5971,0.049649726,7.976516795,0.927755702,7.400258937,6.70918761,FlashHobby,4300,5,5,HQProp,Hobbywing,20-30,
17.8273286,1300,6816,0.064298233,7.967631699,1.313276596,10.46370424,6.14488252,FlashHobby,4300,5,5,HQProp,Hobbywing,20-30,
21.702925,1325,7392,0.072247928,7.961688841,1.535825889,12.22776784,5.908513206,FlashHobby,4300,5,5,HQProp,Hobbywing,20-30,
25.5788764,1350,7724,0.080395502,7.954673603,1.788083725,14.22362241,5.652252249,FlashHobby,4300,5,5,HQProp,Hobbywing,20-30,
29.4535012,1375,7960,0.086534535,7.94868651,2.034935099,16.17506117,5.349873733,FlashHobby,4300,5,5,HQProp,Hobbywing,20-30,
33.3288636,1400,8221,0.096234352,7.940543143,2.346746476,18.63444164,5.164327097,FlashHobby,4300,5,5,HQProp,Hobbywing,20-30,
37.2049174,1425,8608,0.103843467,7.932877489,2.603304157,20.65169294,5.028327105,FlashHobby,4300,5,5,HQProp,Hobbywing,20-30,
41.080454,1450,8938,0.111152419,7.92455543,2.916709808,23.11362855,4.808955854,FlashHobby,4300,5,5,HQProp,Hobbywing,20-30,
44.955248,1475,9287,0.118143916,7.915441338,3.237450665,25.62585082,4.610341202,FlashHobby,4300,5,5,HQProp,Hobbywing,20-30,
48.8315618,1500,9604,0.12672074,7.906867298,3.563337875,28.17483971,4.497656103,FlashHobby,4300,5,5,HQProp,Hobbywing,20-30,
52.9811646,1550,10235,0.144503093,7.887379216,4.41856761,34.85091833,4.146320952,FlashHobby,4300,5,5,HQProp,Hobbywing,20-30,
57.1320396,1600,10841,0.164082097,7.865286185,5.369992161,42.23652515,3.884838928,FlashHobby,4300,5,5,HQProp,Hobbywing,20-30,
61.2570528,1650,11563,0.186305654,7.838501108,6.43017896,50.4029649,3.696323309,FlashHobby,4300,5,5,HQProp,Hobbywing,20-30,
65.407353,1700,12272,0.208150156,7.807994911,7.693032581,60.06715924,3.465290492,FlashHobby,4300,5,5,HQProp,Hobbywing,20-30,
69.5342914,1750,12931,0.232744329,7.770111331,9.209342757,71.55761851,3.25254437,FlashHobby,4300,5,5,HQProp,Hobbywing,20-30,
73.6838274,1800,13543,0.258207158,7.728842999,10.86276186,83.95658098,3.075484441,FlashHobby,4300,5,5,HQProp,Hobbywing,20-30,
77.8108722,1850,14159,0.281631487,7.686905528,12.55381698,96.50000514,2.918460851,FlashHobby,4300,5,5,HQProp,Hobbywing,20-30,
0.3020378,1000,0,-0.000174844,8.111177949,0.008877382,0.072006028,,RCINPower,3800,5,3,Gemfan,Hobbywing,25-30,
9.5523934,1200,5423,0.025022368,8.100164478,0.53686209,4.348671231,5.754026057,RCINPower,3800,5,3,Gemfan,Hobbywing,25-30,
13.704006,1250,6601,0.039351785,8.094340777,0.809920447,6.555772097,6.002616313,RCINPower,3800,5,3,Gemfan,Hobbywing,25-30,
17.8532134,1300,7639,0.05237083,8.087635061,1.112184385,8.99494143,5.822253614,RCINPower,3800,5,3,Gemfan,Hobbywing,25-30,
21.7532158,1325,8108,0.058906474,8.08300049,1.266375076,10.23611036,5.754771262,RCINPower,3800,5,3,Gemfan,Hobbywing,25-30,
25.6533018,1350,8579,0.066565625,8.07861102,1.427035245,11.52846266,5.774024458,RCINPower,3800,5,3,Gemfan,Hobbywing,25-30,
29.5539152,1375,9067,0.072547317,8.073718088,1.598767475,12.90799788,5.620338493,RCINPower,3800,5,3,Gemfan,Hobbywing,25-30,
33.4539278,1400,9468,0.081223431,8.068106574,1.80242724,14.54217506,5.585370184,RCINPower,3800,5,3,Gemfan,Hobbywing,25-30,
37.3531978,1425,9906,0.087976836,8.061642378,1.992067007,16.0593318,5.478237619,RCINPower,3800,5,3,Gemfan,Hobbywing,25-30,
41.230196,1450,10332,0.097072973,8.056106731,2.211840567,17.81882368,5.447776738,RCINPower,3800,5,3,Gemfan,Hobbywing,25-30,
45.129692,1475,10774,0.104195665,8.049304098,2.44585828,19.68745707,5.29248974,RCINPower,3800,5,3,Gemfan,Hobbywing,25-30,
49.0044618,1500,11196,0.111366633,8.042127195,2.670648687,21.47769643,5.185222396,RCINPower,3800,5,3,Gemfan,Hobbywing,25-30,
53.1573568,1550,12068,0.131413361,8.029125238,3.210694758,25.77907031,5.097676507,RCINPower,3800,5,3,Gemfan,Hobbywing,25-30,
57.2821046,1600,12859,0.15098384,8.012180906,3.761109193,30.13468726,5.010300552,RCINPower,3800,5,3,Gemfan,Hobbywing,25-30,
61.4132382,1650,13796,0.174732792,7.991221814,4.542461474,36.29981722,4.813599783,RCINPower,3800,5,3,Gemfan,Hobbywing,25-30,
65.5804584,1700,14818,0.203231585,7.968615783,5.459158668,43.50193792,4.671782323,RCINPower,3800,5,3,Gemfan,Hobbywing,25-30,
69.7066292,1750,15940,0.232107927,7.941752718,6.526137799,51.8289726,4.478343207,RCINPower,3800,5,3,Gemfan,Hobbywing,25-30,
73.8311864,1800,17070,0.268921566,7.909869673,7.828119097,61.91940184,4.3430905,RCINPower,3800,5,3,Gemfan,Hobbywing,25-30,
77.9807272,1850,18248,0.301299761,7.874939837,9.173701902,72.24235056,4.170680473,RCINPower,3800,5,3,Gemfan,Hobbywing,25-30,
0.3016082,1000,0,-0.000344179,12.48417123,0.790160457,9.864498446,,Lumenier,1750,6,4.2,Gemfan,Hobbywing,40,
9.5802728,1200,7962,0.046193283,12.48399868,0.53319205,6.656368855,6.939712016,Lumenier,1750,6,4.2,Gemfan,Hobbywing,40,
13.7047522,1250,9666,0.071199718,12.47040641,0.837307268,10.44156193,6.818876226,Lumenier,1750,6,4.2,Gemfan,Hobbywing,40,
17.8296266,1300,11323,0.100768531,12.45203447,1.201356627,14.95933414,6.736164191,Lumenier,1750,6,4.2,Gemfan,Hobbywing,40,
21.9545268,1350,12769,0.131962863,12.42934531,1.609177421,20.00102183,6.597806056,Lumenier,1750,6,4.2,Gemfan,Hobbywing,40,
26.080069,1400,14012,0.159549143,12.40104246,2.030702809,25.18283176,6.335631524,Lumenier,1750,6,4.2,Gemfan,Hobbywing,40,
30.7313804,1500,16546,0.222576646,12.34484537,3.173086212,39.17125865,5.682141804,Lumenier,1750,6,4.2,Gemfan,Hobbywing,40,
35.3569804,1600,19096,0.305143946,12.2600155,4.86368565,59.62886145,5.11738676,Lumenier,1750,6,4.2,Gemfan,Hobbywing,40,
39.9583358,1700,21802,0.407322731,12.13876599,7.20364251,87.44333073,4.658133763,Lumenier,1750,6,4.2,Gemfan,Hobbywing,40,
0.2968798,1000,0,0.000372439,7.874341406,0.007832576,0.061676377,,T-Motor,3950,6,2.6,Gemfan LR,Hobbywing,25-30,
9.5473602,1200,4974,0.035422708,7.862061804,0.633855989,4.983414964,7.108119381,T-Motor,3950,6,2.6,Gemfan LR,Hobbywing,25-30,
13.672593,1250,5918,0.051109735,7.854405768,0.984995298,7.736552748,6.606267224,T-Motor,3950,6,2.6,Gemfan LR,Hobbywing,25-30,
17.8226724,1300,6739,0.068654769,7.844117968,1.378531935,10.81336712,6.349064823,T-Motor,3950,6,2.6,Gemfan LR,Hobbywing,25-30,
21.6981448,1325,7117,0.076346803,7.836767936,1.589080974,12.45325882,6.130668592,T-Motor,3950,6,2.6,Gemfan LR,Hobbywing,25-30,
25.5980108,1350,7448,0.083558404,7.830415709,1.797297377,14.07358562,5.937250563,T-Motor,3950,6,2.6,Gemfan LR,Hobbywing,25-30,
29.498019,1375,7719,0.091382218,7.825313103,1.992270111,15.59013741,5.861540261,T-Motor,3950,6,2.6,Gemfan LR,Hobbywing,25-30,
33.3731226,1400,7980,0.098675578,7.817861013,2.202978498,17.22257971,5.729430789,T-Motor,3950,6,2.6,Gemfan LR,Hobbywing,25-30,
37.2483952,1425,8259,0.104335575,7.811161418,2.447811352,19.12024959,5.456810291,T-Motor,3950,6,2.6,Gemfan LR,Hobbywing,25-30,
41.1501666,1450,8562,0.117361615,7.802391191,2.719960125,21.22219292,5.530136103,T-Motor,3950,6,2.6,Gemfan LR,Hobbywing,25-30,
45.054036,1475,8858,0.122300356,7.793864576,3.027208764,23.59365515,5.183612105,T-Motor,3950,6,2.6,Gemfan LR,Hobbywing,25-30,
48.951365,1500,9156,0.132834426,7.783924882,3.35748528,26.13441322,5.082739961,T-Motor,3950,6,2.6,Gemfan LR,Hobbywing,25-30,
53.074201,1550,9778,0.15280801,7.763791828,4.108979789,31.90126371,4.790029996,T-Motor,3950,6,2.6,Gemfan LR,Hobbywing,25-30,
57.2265776,1600,10398,0.175739862,7.742044403,4.968444689,38.4659194,4.568716025,T-Motor,3950,6,2.6,Gemfan LR,Hobbywing,25-30,
61.3553284,1650,11098,0.200099543,7.716558954,6.029546448,46.52735063,4.30068638,T-Motor,3950,6,2.6,Gemfan LR,Hobbywing,25-30,
65.5037194,1700,11836,0.230012396,7.684227843,7.27684199,55.91691183,4.113467431,T-Motor,3950,6,2.6,Gemfan LR,Hobbywing,25-30,
69.6254482,1750,12611,0.260614852,7.645275609,8.700385074,66.5168418,3.918028043,T-Motor,3950,6,2.6,Gemfan LR,Hobbywing,25-30,
73.7796102,1800,13335,0.302296827,7.59923914,10.54186332,80.11014037,3.773515136,T-Motor,3950,6,2.6,Gemfan LR,Hobbywing,25-30,
77.9026688,1850,14056,0.332411481,7.5536953,12.28510224,92.79791908,3.582100594,T-Motor,3950,6,2.6,Gemfan LR,Hobbywing,25-30,
0.3013448,1000,0,6.66E-05,12.20298786,0.045924895,0.560420941,,T-motor,1500,6,3,Gemfan,T-motor,40,
9.5753804,1200,3434,0.028288546,12.19260296,0.290133362,3.537480889,7.996805195,T-motor,1500,6,3,Gemfan,T-motor,40,
13.7292426,1250,4168,0.042223269,12.18420859,0.431721081,5.260179707,8.026963185,T-motor,1500,6,3,Gemfan,T-motor,40,
17.8798376,1300,4813,0.057267485,12.17464693,0.601822441,7.326975739,7.81597854,T-motor,1500,6,3,Gemfan,T-motor,40,
22.0290122,1350,5456,0.075118051,12.16320092,0.836798398,10.17814704,7.38032672,T-motor,1500,6,3,Gemfan,T-motor,40,
26.1550614,1400,6118,0.095893635,12.14845086,1.09844648,13.34442309,7.186045795,T-motor,1500,6,3,Gemfan,T-motor,40,
30.780282,1500,7328,0.137210403,12.11376955,1.75628259,21.27520256,6.449311222,T-motor,1500,6,3,Gemfan,T-motor,40,
35.4313654,1600,8428,0.190688461,12.06335429,2.683793803,32.37555548,5.889890009,T-motor,1500,6,3,Gemfan,T-motor,40,
40.0562224,1700,9605,0.239992357,12.00032232,3.812585365,45.75225326,5.245476235,T-motor,1500,6,3,Gemfan,T-motor,40,
0.3027522,1000,0,6.09E-05,8.255258206,0.04577606,0.377893194,,T-Motor,2850,5,4.5,Master Airscrew (MAS),Hobbywing,30,
9.578996,1200,3855,0.032813954,8.246275115,0.497415874,4.101828147,7.999836422,T-Motor,2850,5,4.5,Master Airscrew (MAS),Hobbywing,30,
13.728173,1250,4643,0.044503976,8.239725419,0.756629983,6.234423302,7.13842707,T-Motor,2850,5,4.5,Master Airscrew (MAS),Hobbywing,30,
17.8793414,1300,5307,0.06126396,8.232351405,1.061001418,8.734536516,7.013990961,T-Motor,2850,5,4.5,Master Airscrew (MAS),Hobbywing,30,
21.7548998,1325,5578,0.067203544,8.227938658,1.215813404,10.00363811,6.717910367,T-Motor,2850,5,4.5,Master Airscrew (MAS),Hobbywing,30,
25.6560684,1350,5846,0.075175307,8.222776931,1.388741696,11.41931318,6.583172409,T-Motor,2850,5,4.5,Master Airscrew (MAS),Hobbywing,30,
29.5552312,1375,6163,0.082951538,8.216951453,1.578068942,12.96691589,6.397167857,T-Motor,2850,5,4.5,Master Airscrew (MAS),Hobbywing,30,
33.4297174,1400,6452,0.090287859,8.211605468,1.781156985,14.62615844,6.173039876,T-Motor,2850,5,4.5,Master Airscrew (MAS),Hobbywing,30,
37.331833,1425,6732,0.101149914,8.203993902,2.035797192,16.70166775,6.056276259,T-Motor,2850,5,4.5,Master Airscrew (MAS),Hobbywing,30,
41.2313794,1450,7026,0.107184154,8.196581581,2.245315017,18.40390771,5.823988881,T-Motor,2850,5,4.5,Master Airscrew (MAS),Hobbywing,30,
45.1301902,1475,7290,0.117383447,8.187155401,2.543599002,20.82484031,5.63670333,T-Motor,2850,5,4.5,Master Airscrew (MAS),Hobbywing,30,
49.0078146,1500,7594,0.126549526,8.178276902,2.82370352,23.09302928,5.479988113,T-Motor,2850,5,4.5,Master Airscrew (MAS),Hobbywing,30,
53.1320434,1550,8169,0.145776536,8.162067056,3.477325993,28.38216793,5.136201572,T-Motor,2850,5,4.5,Master Airscrew (MAS),Hobbywing,30,
57.2556532,1600,8774,0.169848684,8.142352328,4.319718955,35.17267369,4.828995527,T-Motor,2850,5,4.5,Master Airscrew (MAS),Hobbywing,30,
61.3866104,1650,9356,0.192868734,8.118780688,5.25247294,42.64367587,4.522798043,T-Motor,2850,5,4.5,Master Airscrew (MAS),Hobbywing,30,
65.510182,1700,9945,0.221511869,8.090887873,6.393971966,51.73291024,4.281836617,T-Motor,2850,5,4.5,Master Airscrew (MAS),Hobbywing,30,
69.6328426,1750,10642,0.255415096,8.058269788,7.722657728,62.23125945,4.104289356,T-Motor,2850,5,4.5,Master Airscrew (MAS),Hobbywing,30,
73.7556368,1800,11314,0.281701281,8.021187458,9.167745909,73.53620851,3.830783318,T-Motor,2850,5,4.5,Master Airscrew (MAS),Hobbywing,30,
77.9102228,1850,11914,0.318031522,7.974946214,10.86342691,86.63524528,3.670925392,T-Motor,2850,5,4.5,Master Airscrew (MAS),Hobbywing,30,
0.6972408,1000,0,0.000108102,15.06327709,0.005790958,0.087230808,,FL,,15,,,,,
7.2755204,1200,620,0.018180482,15.06355779,0.094033573,1.416480161,12.83497089,FL,,15,,,,,
12.2330402,1250,1059,0.059715077,15.06278902,0.243571808,3.668870747,16.27614638,FL,,15,,,,,
17.392481,1300,1471,0.116839254,15.06073807,0.460762395,6.939421746,16.83703033,FL,,15,,,,,
22.6194004,1350,1919,0.195435527,15.05532147,0.830341102,12.50105222,15.63352618,FL,,15,,,,,
27.8603608,1400,2306,0.28739638,15.04722955,1.336883409,20.11639153,14.28667658,FL,,15,,,,,
33.0770404,1450,2671,0.382221937,15.03726247,1.953580427,29.37650164,13.01114548,FL,,15,,,,,
38.9754006,1570,3409,0.634968983,14.99852734,3.915313075,58.7239302,10.81278077,FL,,15,,,,,
43.9066804,1600,3577,0.706521913,14.99451689,4.541333454,68.09510115,10.37551749,FL,,15,,,,,
49.1454002,1670,3992,0.876463319,14.96530049,6.373473708,95.38094921,9.189081538,FL,,15,,,,,
0.3001488,1000,0,0.000324279,11.97934835,0.004770708,0.057149968,,Lumenier,1700,6,4.2,Gemfan,Lumenier,40-45,
9.5542662,1200,3597,0.038462537,11.96656269,0.429624764,5.141131665,7.48133668,Lumenier,1700,6,4.2,Gemfan,Lumenier,40-45,
13.6789536,1250,4409,0.059644288,11.95675277,0.676557779,8.089434091,7.373110074,Lumenier,1700,6,4.2,Gemfan,Lumenier,40-45,
17.8498504,1300,5196,0.084642922,11.94191043,0.995788314,11.89161485,7.117866047,Lumenier,1700,6,4.2,Gemfan,Lumenier,40-45,
21.7545388,1325,5558,0.099880823,11.93269081,1.184320752,14.13213336,7.067639402,Lumenier,1700,6,4.2,Gemfan,Lumenier,40-45,
25.6544816,1350,5914,0.110812004,11.92245598,1.372443759,16.36290031,6.77214929,Lumenier,1700,6,4.2,Gemfan,Lumenier,40-45,
29.554442,1375,6268,0.121634488,11.9117299,1.548452963,18.44475346,6.594530437,Lumenier,1700,6,4.2,Gemfan,Lumenier,40-45,
33.4327544,1400,6607,0.136989229,11.89884538,1.754644076,20.87823857,6.56134032,Lumenier,1700,6,4.2,Gemfan,Lumenier,40-45,
37.3074864,1425,6890,0.153969093,11.88533114,1.992330227,23.6795045,6.502209248,Lumenier,1700,6,4.2,Gemfan,Lumenier,40-45,
41.1826486,1450,7173,0.164632569,11.87207677,2.208742232,26.22235734,6.27832835,Lumenier,1700,6,4.2,Gemfan,Lumenier,40-45,
45.082124,1475,7426,0.176112741,11.85870742,2.424058926,28.74620558,6.12646913,Lumenier,1700,6,4.2,Gemfan,Lumenier,40-45,
48.9567836,1500,7735,0.192749526,11.84223985,2.706465602,32.05061481,6.013910406,Lumenier,1700,6,4.2,Gemfan,Lumenier,40-45,
53.584517,1600,9003,0.275102321,11.78446072,4.175382606,49.20463233,5.590984186,Lumenier,1700,6,4.2,Gemfan,Lumenier,40-45,
58.2089198,1700,10353,0.361203343,11.69772749,6.175103008,72.23467218,5.00041506,Lumenier,1700,6,4.2,Gemfan,Lumenier,40-45,
0.298364,1000,0,0.000681177,12.2402163,-0.005460068,0.066832415,,T-motor,1950,6,4.2,APC,T-motor,50-60,
9.7153564,1200,4292,0.049298951,12.22205714,0.608180772,7.433220156,6.632246813,T-motor,1950,6,4.2,APC,T-motor,50-60,
13.9675018,1250,5260,0.079035487,12.2070164,0.978427169,11.9436765,6.61734997,T-motor,1950,6,4.2,APC,T-motor,50-60,
18.1193306,1300,6156,0.108641329,12.18953581,1.374918653,16.75962016,6.482326463,T-motor,1950,6,4.2,APC,T-motor,50-60,
21.998807,1325,6566,0.124782646,12.17558064,1.610589551,19.60986295,6.363259447,T-motor,1950,6,4.2,APC,T-motor,50-60,
25.894699,1350,6942,0.142392354,12.16130524,1.867091518,22.70626986,6.271058835,T-motor,1950,6,4.2,APC,T-motor,50-60,
29.8295338,1375,7312,0.161257637,12.14573095,2.147043274,26.07740994,6.183805726,T-motor,1950,6,4.2,APC,T-motor,50-60,
33.7407392,1400,7664,0.180637417,12.129029,2.4769259,30.04270608,6.012687949,T-motor,1950,6,4.2,APC,T-motor,50-60,
37.6226326,1425,8038,0.196089957,12.11282339,2.745872384,33.26026724,5.895621821,T-motor,1950,6,4.2,APC,T-motor,50-60,
41.5204674,1450,8328,0.212941771,12.09498397,3.06063741,37.0183604,5.752328547,T-motor,1950,6,4.2,APC,T-motor,50-60,
45.3958292,1475,8645,0.228669053,12.07628767,3.369712309,40.6936152,5.619285777,T-motor,1950,6,4.2,APC,T-motor,50-60,
49.3008366,1500,8962,0.247874726,12.05477365,3.754770228,45.26290522,5.476332653,T-motor,1950,6,4.2,APC,T-motor,50-60,
53.9458654,1600,10384,0.337189773,11.9779343,5.73666651,68.71341453,4.907189893,T-motor,1950,6,4.2,APC,T-motor,50-60,
58.5792178,1700,11923,0.448665153,11.85678659,8.681489844,102.9345723,4.358741118,T-motor,1950,6,4.2,APC,T-motor,50-60,
1.55366555,1000,0,-0.000338545,25.15375814,0.013458662,0.338535935,,DJI,760â€“780,17.6,05-06-2026 00:00,DJI,DJI ESC ,40-50,
80.92528525,1605,960,2.046769476,24.24738976,12.7632087,309.4744959,6.613693547,DJI,760â€“780,17.6,05-06-2026 00:00,DJI,DJI ESC ,40-50,
87.45873095,1584,4638,1.911740433,24.28608666,11.52835081,279.9785269,6.828168052,DJI,760â€“780,17.6,05-06-2026 00:00,DJI,DJI ESC ,40-50,
93.9504502,1563,4490,1.825146617,24.3147805,10.73667158,261.0598128,6.991296733,DJI,760â€“780,17.6,05-06-2026 00:00,DJI,DJI ESC ,40-50,
100.4850161,1542,4337,1.689296261,24.35360727,9.462437314,230.4444822,7.330599741,DJI,760â€“780,17.6,05-06-2026 00:00,DJI,DJI ESC ,40-50,
107.0107635,1521,4199,1.583406441,24.38641566,8.514819386,207.6459248,7.625511757,DJI,760â€“780,17.6,05-06-2026 00:00,DJI,DJI ESC ,40-50,
113.6753955,1500,4043,1.43145838,24.42348791,7.406614068,180.8953491,7.91318509,DJI,760â€“780,17.6,05-06-2026 00:00,DJI,DJI ESC ,40-50,
120.3085875,1479,3890,1.316159068,24.45649445,6.597704719,161.3567289,8.156827899,DJI,760â€“780,17.6,05-06-2026 00:00,DJI,DJI ESC ,40-50,
127.1139702,1458,3728,1.233684568,24.48594615,5.832973627,142.8258781,8.637682362,DJI,760â€“780,17.6,05-06-2026 00:00,DJI,DJI ESC ,40-50,
133.8080118,1437,3557,1.096041293,24.51931363,5.002504887,122.6579863,8.935751566,DJI,760â€“780,17.6,05-06-2026 00:00,DJI,DJI ESC ,40-50,
140.6010423,1416,3385,1.013541909,24.54575997,4.375120059,107.3906468,9.437897421,DJI,760â€“780,17.6,05-06-2026 00:00,DJI,DJI ESC ,40-50,
147.2701627,1395,3160,0.879060442,24.57644083,3.596697554,88.39402463,9.944794862,DJI,760â€“780,17.6,05-06-2026 00:00,DJI,DJI ESC ,40-50,
153.7736831,1374,2944,0.751652582,24.60387994,2.939359764,72.31965474,10.39347581,DJI,760â€“780,17.6,05-06-2026 00:00,DJI,DJI ESC ,40-50,
160.2636412,1353,2752,0.660222815,24.62767975,2.440008513,60.09174825,10.98691308,DJI,760â€“780,17.6,05-06-2026 00:00,DJI,DJI ESC ,40-50,
166.6715573,1332,2559,0.567929196,24.6502811,1.934387123,47.68318636,11.91047074,DJI,760â€“780,17.6,05-06-2026 00:00,DJI,DJI ESC ,40-50,
173.1776932,1311,2373,0.471220507,24.66896733,1.554630078,38.35111861,12.28700815,DJI,760â€“780,17.6,05-06-2026 00:00,DJI,DJI ESC ,40-50,
179.7685028,1290,2139,0.385909237,24.68839659,1.170950716,28.90889567,13.34915181,DJI,760â€“780,17.6,05-06-2026 00:00,DJI,DJI ESC ,40-50,
186.4844137,1269,1922,0.303433824,24.70420139,0.878119255,21.69323493,13.98748619,DJI,760â€“780,17.6,05-06-2026 00:00,DJI,DJI ESC ,40-50,
193.1192319,1248,1694,0.232781766,24.71968637,0.65229531,16.12453549,14.43649439,DJI,760â€“780,17.6,05-06-2026 00:00,DJI,DJI ESC ,40-50,
199.8350221,1227,1473,0.177218988,24.73159472,0.471252834,11.65483411,15.20562084,DJI,760â€“780,17.6,05-06-2026 00:00,DJI,DJI ESC ,40-50,
206.3963524,1206,1274,0.130316279,24.74052489,0.341531156,8.449660065,15.4226653,DJI,760â€“780,17.6,05-06-2026 00:00,DJI,DJI ESC ,40-50,
212.9574764,1185,1054,0.084886273,24.74897858,0.233360122,5.775424648,14.69784089,DJI,760â€“780,17.6,05-06-2026 00:00,DJI,DJI ESC ,40-50,
0.3026618,1000,0,0.000427998,12.22966576,0.043211061,0.528456837,,T-motor,1500,6,4,Lumenier,T-motor,40,
9.5770344,1200,3482,0.028156691,12.21978883,0.279340751,3.413484986,8.248664181,T-motor,1500,6,4,Lumenier,T-motor,40,
13.7274874,1250,4253,0.040535132,12.21288161,0.411377064,5.024099381,8.06813896,T-motor,1500,6,4,Lumenier,T-motor,40,
17.8780316,1300,4955,0.057405178,12.20430877,0.581106534,7.092003571,8.094352731,T-motor,1500,6,4,Lumenier,T-motor,40,
22.0282236,1350,5594,0.074954099,12.19364839,0.788993904,9.620714238,7.790907928,T-motor,1500,6,4,Lumenier,T-motor,40,
26.1551414,1400,6251,0.096122845,12.17810711,1.030462995,12.54908873,7.65974701,T-motor,1500,6,4,Lumenier,T-motor,40,
30.8039424,1500,7507,0.138363655,12.14564383,1.635347054,19.86234286,6.966129628,T-motor,1500,6,4,Lumenier,T-motor,40,
35.4536224,1600,8719,0.19158453,12.10146381,2.457786813,29.74281816,6.441371129,T-motor,1500,6,4,Lumenier,T-motor,40,
40.1052842,1700,9890,0.245506137,12.03970403,3.535150215,42.56216231,5.768178216,T-motor,1500,6,4,Lumenier,T-motor,40,
0.295707,1000,0,-0.000226491,15.57817178,-0.002686078,0.041844177,,Lumenier,1700,6,3.5,HQProp,Lumenier,35-40,
9.643554,1200,4749,0.023528825,15.56243258,0.507335872,7.895380306,2.980074916,Lumenier,1700,6,3.5,HQProp,Lumenier,35-40,
14.345738,1300,6872,0.050916743,15.53691847,1.18959491,18.48263914,2.754841603,Lumenier,1700,6,3.5,HQProp,Lumenier,35-40,
18.4957114,1350,7853,0.067935978,15.51587639,1.639104831,25.43214795,2.671263865,Lumenier,1700,6,3.5,HQProp,Lumenier,35-40,
22.6941036,1400,8742,0.083885788,15.49114362,2.136894052,33.10293267,2.534089322,Lumenier,1700,6,3.5,HQProp,Lumenier,35-40,
26.8463938,1450,9574,0.102086588,15.46218475,2.731472238,42.23452838,2.417135733,Lumenier,1700,6,3.5,HQProp,Lumenier,35-40,
31.0197496,1500,10361,0.120180963,15.42706898,3.366766166,51.9393339,2.313871861,Lumenier,1700,6,3.5,HQProp,Lumenier,35-40,
35.2278732,1550,11174,0.13699212,15.38751223,4.195949518,64.56522455,2.121763241,Lumenier,1700,6,3.5,HQProp,Lumenier,35-40,
39.4129136,1600,12063,0.163369468,15.33508142,5.287238811,81.08023763,2.014911068,Lumenier,1700,6,3.5,HQProp,Lumenier,35-40,
43.6644398,1650,12876,0.185172495,15.27838729,6.404855145,97.85585742,1.89229853,Lumenier,1700,6,3.5,HQProp,Lumenier,35-40,
47.8555066,1700,13790,0.20735101,15.20799966,7.763452609,118.0665847,1.756220958,Lumenier,1700,6,3.5,HQProp,Lumenier,35-40,
0.4940496,1000,0,-0.000332862,11.1503467,-0.002480741,0.027661119,,XILO,2600,5,4,Gemfan,XILO,30-35,
10.7738224,1200,6347,0.029328317,11.12358052,1.01716296,11.31449409,2.592101457,XILO,2600,5,4,Gemfan,XILO,30-35,
15.9980486,1300,8873,0.058693409,11.09188848,1.939515533,21.51289,2.728290296,XILO,2600,5,4,Gemfan,XILO,30-35,
20.5754096,1350,9965,0.073588534,11.06976006,2.475258362,27.40051615,2.685662323,XILO,2600,5,4,Gemfan,XILO,30-35,
25.1952042,1400,11081,0.091379313,11.04391324,3.106708205,34.31021588,2.663326675,XILO,2600,5,4,Gemfan,XILO,30-35,
29.8615124,1450,12141,0.110734454,11.01200451,3.823531909,42.10475063,2.629975307,XILO,2600,5,4,Gemfan,XILO,30-35,
34.5289922,1500,13225,0.131136643,10.98046419,4.664043672,51.2133645,2.560594182,XILO,2600,5,4,Gemfan,XILO,30-35,
39.2687426,1550,14379,0.153346317,10.94326094,5.676293972,62.11716613,2.46866247,XILO,2600,5,4,Gemfan,XILO,30-35,
43.8365966,1600,15583,0.180120612,10.89946583,6.901564686,75.22336848,2.394476821,XILO,2600,5,4,Gemfan,XILO,30-35,
48.6920596,1650,16676,0.207945299,10.85173282,8.211236242,89.10614184,2.333680879,XILO,2600,5,4,Gemfan,XILO,30-35,
53.4681898,1700,18016,0.244056498,10.78449702,10.04003792,108.276759,2.254006308,XILO,2600,5,4,Gemfan,XILO,30-35,
58.3280118,1750,19462,0.285115532,10.70277211,12.43675214,133.1077239,2.141990892,XILO,2600,5,4,Gemfan,XILO,30-35,
63.0254414,1800,20889,0.328144484,10.61359762,15.05092526,159.7444646,2.054183757,XILO,2600,5,4,Gemfan,XILO,30-35,
0.2911214,1000,0,0.000607391,8.299475698,0.010486798,0.087034925,,FlashHobby,3100,5.1,5.2,Gemfan,Hobbywing,20-30,
9.5323566,1200,4217,0.02289473,8.292779214,0.34120555,2.829542294,8.091319097,FlashHobby,3100,5.1,5.2,Gemfan,Hobbywing,20-30,
13.6786322,1250,5067,0.03320008,8.288812147,0.521079953,4.319133845,7.686744992,FlashHobby,3100,5.1,5.2,Gemfan,Hobbywing,20-30,
17.8036124,1300,5892,0.044976375,8.283495739,0.774492529,6.41550556,7.010573769,FlashHobby,3100,5.1,5.2,Gemfan,Hobbywing,20-30,
21.6737508,1325,6281,0.050428514,8.278685828,0.92309261,7.641993705,6.598868839,FlashHobby,3100,5.1,5.2,Gemfan,Hobbywing,20-30,
25.5558116,1350,6666,0.056905544,8.274979282,1.07270048,8.876574249,6.410755137,FlashHobby,3100,5.1,5.2,Gemfan,Hobbywing,20-30,
29.4375238,1375,7047,0.062186179,8.270362628,1.226874155,10.14669416,6.128713293,FlashHobby,3100,5.1,5.2,Gemfan,Hobbywing,20-30,
33.3059958,1400,7399,0.070384766,8.264573232,1.420103664,11.73655073,5.997057233,FlashHobby,3100,5.1,5.2,Gemfan,Hobbywing,20-30,
37.1793938,1425,7708,0.07863496,8.258747297,1.617189562,13.35595993,5.887630698,FlashHobby,3100,5.1,5.2,Gemfan,Hobbywing,20-30,
41.0807046,1450,8068,0.084726156,8.252587611,1.805288942,14.89830516,5.686966083,FlashHobby,3100,5.1,5.2,Gemfan,Hobbywing,20-30,
44.9821674,1475,8392,0.092166278,8.245533875,2.028917684,16.72950949,5.509203832,FlashHobby,3100,5.1,5.2,Gemfan,Hobbywing,20-30,
48.8570262,1500,8678,0.100570054,8.236430091,2.294219041,18.89617475,5.322244059,FlashHobby,3100,5.1,5.2,Gemfan,Hobbywing,20-30,
52.984039,1550,9370,0.118198161,8.222739862,2.804832595,23.06340878,5.124921556,FlashHobby,3100,5.1,5.2,Gemfan,Hobbywing,20-30,
57.109105,1600,10030,0.135857916,8.2065182,3.437692727,28.21148793,4.815694826,FlashHobby,3100,5.1,5.2,Gemfan,Hobbywing,20-30,
61.2340276,1650,10683,0.153837762,8.185604949,4.199693027,34.37702802,4.475016345,FlashHobby,3100,5.1,5.2,Gemfan,Hobbywing,20-30,
65.3835924,1700,11396,0.172045673,8.163697863,4.998138212,40.80329024,4.216465676,FlashHobby,3100,5.1,5.2,Gemfan,Hobbywing,20-30,
69.5353536,1750,12002,0.195835228,8.136799066,6.027529872,49.04479943,3.992986632,FlashHobby,3100,5.1,5.2,Gemfan,Hobbywing,20-30,
73.6838518,1800,12651,0.216564104,8.108402966,7.125140544,57.77351072,3.748501714,FlashHobby,3100,5.1,5.2,Gemfan,Hobbywing,20-30,
77.8353032,1850,13199,0.239023333,8.076519479,8.300726739,67.04098119,3.565331666,FlashHobby,3100,5.1,5.2,Gemfan,Hobbywing,20-30,
0.3014008,1000,0,-0.00017196,7.72575441,-0.014876068,0.11492885,,T-Motor,2850,6,4,Gemfan,Hobbywing,30,
9.5516326,1200,3640,0.028302483,7.718636996,0.371734468,2.869283417,9.863955024,T-Motor,2850,6,4,Gemfan,Hobbywing,30,
13.7017236,1250,4352,0.042125169,7.713709601,0.600444094,4.631651374,9.09506481,T-Motor,2850,6,4,Gemfan,Hobbywing,30,
17.8526498,1300,5013,0.055874295,7.708379541,0.874109593,6.737968505,8.292454166,T-Motor,2850,6,4,Gemfan,Hobbywing,30,
21.7516908,1325,5286,0.063535579,7.704298768,1.017414983,7.838469003,8.105610829,T-Motor,2850,6,4,Gemfan,Hobbywing,30,
25.627128,1350,5490,0.071406394,7.70027403,1.162412192,8.950892413,7.977572572,T-Motor,2850,6,4,Gemfan,Hobbywing,30,
29.5288514,1375,5761,0.078189124,7.695824782,1.307724837,10.06402121,7.769173228,T-Motor,2850,6,4,Gemfan,Hobbywing,30,
33.4278534,1400,6011,0.084715825,7.690951582,1.462062626,11.24465287,7.533876405,T-Motor,2850,6,4,Gemfan,Hobbywing,30,
37.3023826,1425,6285,0.093640687,7.686090521,1.66077451,12.76486322,7.335815969,T-Motor,2850,6,4,Gemfan,Hobbywing,30,
41.2025642,1450,6553,0.101020122,7.679586664,1.866629541,14.33494333,7.047123896,T-Motor,2850,6,4,Gemfan,Hobbywing,30,
45.104537,1475,6791,0.110163877,7.67284314,2.094064904,16.06743153,6.856346472,T-Motor,2850,6,4,Gemfan,Hobbywing,30,
49.003002,1500,7025,0.120771811,7.663546808,2.36207772,18.10189317,6.671777885,T-Motor,2850,6,4,Gemfan,Hobbywing,30,
53.1530102,1550,7591,0.138297238,7.650259134,2.88216405,22.04930185,6.272182158,T-Motor,2850,6,4,Gemfan,Hobbywing,30,
57.3055238,1600,8113,0.162072912,7.632942633,3.572709399,27.27028588,5.943205453,T-Motor,2850,6,4,Gemfan,Hobbywing,30,
61.428735,1650,8709,0.187529161,7.61175115,4.441407029,33.80688506,5.54707009,T-Motor,2850,6,4,Gemfan,Hobbywing,30,
65.5790672,1700,9349,0.215345371,7.587618751,5.395147149,40.93631967,5.260496602,T-Motor,2850,6,4,Gemfan,Hobbywing,30,
69.7289364,1750,10031,0.244062672,7.559406909,6.509157607,49.20537099,4.960081939,T-Motor,2850,6,4,Gemfan,Hobbywing,30,
73.8584088,1800,10715,0.282406405,7.523469423,7.879568469,59.28169244,4.763804703,T-Motor,2850,6,4,Gemfan,Hobbywing,30,
77.9837364,1850,11454,0.316531124,7.48340414,9.355317203,70.00961949,4.521251877,T-Motor,2850,6,4,Gemfan,Hobbywing,30,
0.5686324,1000,0,-0.000640831,15.9296389,0.048877596,0.778602455,,PrimoPal,2280,6,3,Gemfan,Hobbywing,30-35,
10.8673492,1200,5983,0.031313363,15.91022198,0.565354288,8.994912211,3.481230518,PrimoPal,2280,6,3,Gemfan,Hobbywing,30-35,
15.9934054,1300,8324,0.060507847,15.87452699,1.357062209,21.54272065,2.808737468,PrimoPal,2280,6,3,Gemfan,Hobbywing,30-35,
20.7220456,1350,9423,0.076250568,15.84431797,1.90259333,30.1452937,2.529435247,PrimoPal,2280,6,3,Gemfan,Hobbywing,30-35,
25.4026106,1400,10405,0.094408924,15.80892198,2.609013297,41.24568766,2.288940487,PrimoPal,2280,6,3,Gemfan,Hobbywing,30-35,
29.9399546,1450,11274,0.114627523,15.76348587,3.422738005,53.9542822,2.124530582,PrimoPal,2280,6,3,Gemfan,Hobbywing,30-35,
34.7267506,1500,11854,0.126095638,15.71460829,4.406204698,69.24178088,1.821091779,PrimoPal,2280,6,3,Gemfan,Hobbywing,30-35,
39.4468804,1550,12482,0.138497069,15.66053414,5.30718974,83.11342611,1.666362169,PrimoPal,2280,6,3,Gemfan,Hobbywing,30-35,
43.9156976,1600,13264,0.15386533,15.61021364,6.213366491,96.99197838,1.586371705,PrimoPal,2280,6,3,Gemfan,Hobbywing,30-35,
48.491336,1650,13724,0.171910886,15.54228101,7.3947523,114.9313183,1.495770591,PrimoPal,2280,6,3,Gemfan,Hobbywing,30-35,
0.2965712,1000,0,0.000460169,12.66589712,0.007269261,0.092071708,,,1300,7,3.5,Gemfan,,35,
9.57508,1200,3042,0.026754424,12.65409035,0.207972233,2.631699429,10.16621561,,1300,7,3.5,Gemfan,,35,
13.7253472,1250,3702,0.04032766,12.64450864,0.326781054,4.131985864,9.759873724,,1300,7,3.5,Gemfan,,35,
17.8783948,1300,4293,0.056060303,12.63557592,0.461237661,5.828003476,9.619126527,,1300,7,3.5,Gemfan,,35,
21.7771582,1325,4615,0.067876332,12.62847726,0.549262671,6.936351152,9.785596225,,1300,7,3.5,Gemfan,,35,
25.6767552,1350,4965,0.076469149,12.61960278,0.671269707,8.471157067,9.027001675,,1300,7,3.5,Gemfan,,35,
29.5519826,1375,5267,0.087540423,12.61036256,0.791847472,9.985483706,8.766768371,,1300,7,3.5,Gemfan,,35,
33.4276076,1400,5575,0.099244469,12.59845834,0.925760837,11.66315934,8.50922691,,1300,7,3.5,Gemfan,,35,
37.3026644,1425,5858,0.11225908,12.58687978,1.065151705,13.40693645,8.373208954,,1300,7,3.5,Gemfan,,35,
41.2094306,1450,6157,0.123013465,12.57548411,1.208141476,15.19296393,8.096739073,,1300,7,3.5,Gemfan,,35,
45.103442,1475,6428,0.139605682,12.56062564,1.384813064,17.39411848,8.026028031,,1300,7,3.5,Gemfan,,35,
48.9782788,1500,6716,0.150359487,12.54693201,1.550596767,19.45523221,7.728485862,,1300,7,3.5,Gemfan,,35,
53.1033966,1550,7255,0.176226094,12.52002588,1.900332878,23.79221682,7.406879967,,1300,7,3.5,Gemfan,,35,
57.2287578,1600,7781,0.205049042,12.48672622,2.351429697,29.36165886,6.983564624,,1300,7,3.5,Gemfan,,35,
61.381472,1650,8302,0.235581965,12.45053564,2.828588775,35.21744535,6.689354186,,1300,7,3.5,Gemfan,,35,
65.5055068,1700,8825,0.270803593,12.4022728,3.41519477,42.35617718,6.393485221,,1300,7,3.5,Gemfan,,35,
69.634509,1750,9319,0.300653496,12.35795517,4.035874578,49.8751571,6.028121283,,1300,7,3.5,Gemfan,,35,
73.7580176,1800,9782,0.336070401,12.30752266,4.749162563,58.45042585,5.749665576,,1300,7,3.5,Gemfan,,35,
77.9142094,1850,10218,0.373579658,12.24933179,5.546875607,67.94551968,5.498223574,,1300,7,3.5,Gemfan,,35,
82.08408,1900,10674,0.406017258,12.19197794,6.334732795,77.23292247,5.257049,,1300,7,3.5,Gemfan,,35,
86.2142302,1950,11070,0.437156866,12.13133293,7.17387683,87.0286882,5.023135186,,1300,7,3.5,Gemfan,,35,
0.299457,1000,0,0.000211119,8.049991319,0.020323567,0.163604536,,T-Motor,3800,5,3,Gemfan,T-motor,20,
9.5749328,1200,4959,0.027701394,8.039758626,0.602091766,4.840672466,5.722633364,T-Motor,3800,5,3,Gemfan,T-motor,20,
13.7003524,1250,5934,0.040326346,8.03303472,0.920874967,7.397420583,5.451406446,T-Motor,3800,5,3,Gemfan,T-motor,20,
17.8505194,1300,6800,0.0553852,8.024459413,1.278937339,10.26278077,5.396704951,T-Motor,3800,5,3,Gemfan,T-motor,20,
21.726175,1325,7216,0.06158662,8.018466205,1.45991327,11.70626522,5.260996465,T-Motor,3800,5,3,Gemfan,T-motor,20,
25.6258536,1350,7602,0.068862788,8.01105708,1.672877945,13.40152071,5.138430863,T-Motor,3800,5,3,Gemfan,T-motor,20,
29.502174,1375,8001,0.076433191,8.003933694,1.879716787,15.04512852,5.080261779,T-Motor,3800,5,3,Gemfan,T-motor,20,
33.3765524,1400,8356,0.082725398,7.996960977,2.116263794,16.92367898,4.888145055,T-Motor,3800,5,3,Gemfan,T-motor,20,
37.2777008,1425,8686,0.092958695,7.989307082,2.394424935,19.12979609,4.85936673,T-Motor,3800,5,3,Gemfan,T-motor,20,
41.1783564,1450,9024,0.099503264,7.982165961,2.622544757,20.9335875,4.753282909,T-Motor,3800,5,3,Gemfan,T-motor,20,
45.0560524,1475,9301,0.108062333,7.974707476,2.887049721,23.02337699,4.693591776,T-Motor,3800,5,3,Gemfan,T-motor,20,
48.9543238,1500,9615,0.113147465,7.967423338,3.119764279,24.85648272,4.552030403,T-Motor,3800,5,3,Gemfan,T-motor,20,
53.079423,1550,10241,0.13003295,7.95267542,3.74204604,29.75927756,4.369492816,T-Motor,3800,5,3,Gemfan,T-motor,20,
57.2047538,1600,10998,0.151471552,7.93327883,4.600952396,36.50063825,4.149832971,T-Motor,3800,5,3,Gemfan,T-motor,20,
61.3556704,1650,11716,0.172915251,7.909475134,5.59583598,44.26012554,3.906795304,T-Motor,3800,5,3,Gemfan,T-motor,20,
65.4805364,1700,12405,0.200717885,7.881853449,6.747746743,53.18475094,3.773974333,T-Motor,3800,5,3,Gemfan,T-motor,20,
69.6071126,1750,13249,0.227755263,7.850284383,8.053211654,63.22000169,3.602582355,T-Motor,3800,5,3,Gemfan,T-motor,20,
73.762919,1800,14141,0.25723539,7.812579611,9.513123154,74.32203199,3.461091999,T-Motor,3800,5,3,Gemfan,T-motor,20,
77.9332716,1850,14899,0.287035733,7.770398633,11.12614475,86.45457994,3.320075507,T-Motor,3800,5,3,Gemfan,T-motor,20,
77.8330454,1850,14866,0.294644318,7.683521023,11.87987144,91.27924199,3.227944401,T-Motor,3950,5.1,3,Gemfan,Hobbywing,25-30,
73.7086634,1800,14137,0.259411317,7.73219212,10.01031018,77.40164146,3.35149632,T-Motor,3950,5.1,3,Gemfan,Hobbywing,25-30,
69.5847214,1750,13308,0.234095971,7.77324059,8.46078685,65.76773177,3.559435077,T-Motor,3950,5.1,3,Gemfan,Hobbywing,25-30,
65.431982,1700,12455,0.202839029,7.812424781,7.021247702,54.85296954,3.697867779,T-Motor,3950,5.1,3,Gemfan,Hobbywing,25-30,
61.3031592,1650,11741,0.174824423,7.844876499,5.758360613,45.17362785,3.870054975,T-Motor,3950,5.1,3,Gemfan,Hobbywing,25-30,
57.1830118,1600,11030,0.150650575,7.870628828,4.737232626,37.28499967,4.040514307,T-Motor,3950,5.1,3,Gemfan,Hobbywing,25-30,
53.0525246,1550,10316,0.132048934,7.891894988,3.922971607,30.95967996,4.265190551,T-Motor,3950,5.1,3,Gemfan,Hobbywing,25-30,
48.903462,1500,9667,0.113631969,7.909479728,3.197353269,25.28940086,4.493264584,T-Motor,3950,5.1,3,Gemfan,Hobbywing,25-30,
45.0274112,1475,9371,0.104077139,7.918347662,2.867630343,22.70689402,4.583503971,T-Motor,3950,5.1,3,Gemfan,Hobbywing,25-30,
41.1530908,1450,9096,0.093748448,7.927290727,2.580538497,20.4566789,4.58277948,T-Motor,3950,5.1,3,Gemfan,Hobbywing,25-30,
37.2525316,1425,8740,0.089915985,7.934161182,2.381508923,18.89527565,4.758649016,T-Motor,3950,5.1,3,Gemfan,Hobbywing,25-30,
33.3528868,1400,8468,0.083418015,7.941081829,2.15123235,17.08311213,4.88306897,T-Motor,3950,5.1,3,Gemfan,Hobbywing,25-30,
29.4789474,1375,8156,0.078194746,7.947106945,1.959371154,15.57133211,5.02171205,T-Motor,3950,5.1,3,Gemfan,Hobbywing,25-30,
25.6024744,1350,7824,0.070712588,7.953783879,1.733005272,13.7839494,5.130067291,T-Motor,3950,5.1,3,Gemfan,Hobbywing,25-30,
21.7271844,1325,7442,0.063685367,7.959972128,1.523176727,12.1244443,5.252642138,T-Motor,3950,5.1,3,Gemfan,Hobbywing,25-30,
17.8274716,1300,7051,0.056367034,7.966368545,1.308623086,10.42497379,5.406923334,T-Motor,3950,5.1,3,Gemfan,Hobbywing,25-30,
13.7012682,1250,6157,0.041579876,7.975452019,0.938057859,7.481435448,5.557740349,T-Motor,3950,5.1,3,Gemfan,Hobbywing,25-30,
9.5788208,1200,5117,0.029377997,7.982821816,0.611006894,4.877559166,6.023093934,T-Motor,3950,5.1,3,Gemfan,Hobbywing,25-30,
0.3009678,1000,0,-0.000112708,7.99458178,0.013946219,0.111494188,,,,,,,,,
77.9340884,1850,11118,0.158335131,7.932453035,6.673639411,52.9383312,2.990935438,iFlight,3800,5.1,3,Gemfan,,20-30,
73.7842198,1800,10814,0.148454687,7.954274525,5.924706264,47.12674011,3.150115758,iFlight,3800,5.1,3,Gemfan,,20-30,
69.6591826,1750,10470,0.137138888,7.974205925,5.147948185,41.05079892,3.340711802,iFlight,3800,5.1,3,Gemfan,,20-30,
65.5073988,1700,10027,0.126551294,7.992320581,4.460538896,35.65005682,3.549820252,iFlight,3800,5.1,3,Gemfan,,20-30,
61.3573966,1650,9566,0.114180503,8.01215836,3.776304241,30.25634759,3.773770205,iFlight,3800,5.1,3,Gemfan,,20-30,
57.2315296,1600,9045,0.104017401,8.030125869,3.202296109,25.71484082,4.04503384,iFlight,3800,5.1,3,Gemfan,,20-30,
53.1062992,1550,8641,0.092345392,8.043485309,2.649338366,21.30991423,4.333447374,iFlight,3800,5.1,3,Gemfan,,20-30,
48.9819106,1500,8122,0.082370582,8.055031738,2.196383569,17.69193936,4.655825499,iFlight,3800,5.1,3,Gemfan,,20-30,
45.1055282,1475,7841,0.077154462,8.061113966,1.992828158,16.0644149,4.802818054,iFlight,3800,5.1,3,Gemfan,,20-30,
41.2045526,1450,7617,0.071926825,8.067511645,1.782908491,14.38363501,5.00060134,iFlight,3800,5.1,3,Gemfan,,20-30,
37.304905,1425,7380,0.066569634,8.073316594,1.596711927,12.89076089,5.164135327,iFlight,3800,5.1,3,Gemfan,,20-30,
33.403986,1400,7111,0.061351618,8.07887061,1.408252032,11.37708595,5.392559905,iFlight,3800,5.1,3,Gemfan,,20-30,
29.503695,1375,6844,0.055201155,8.083436519,1.231840146,9.95750162,5.543675205,iFlight,3800,5.1,3,Gemfan,,20-30,
25.6031222,1350,6557,0.049643429,8.088056284,1.064063205,8.606203088,5.768331068,iFlight,3800,5.1,3,Gemfan,,20-30,
21.7297898,1325,6243,0.04517135,8.092213304,0.913984813,7.396160059,6.107405708,iFlight,3800,5.1,3,Gemfan,,20-30,
17.85291,1300,5895,0.039716082,8.096113821,0.764851288,6.19232308,6.413761325,iFlight,3800,5.1,3,Gemfan,,20-30,
13.7275188,1250,5120,0.029265803,8.101988883,0.491056617,3.978535249,7.355924091,iFlight,3800,5.1,3,Gemfan,,20-30,
9.5772458,1200,4284,0.019751818,8.10644245,0.305306291,2.474947876,7.980700692,iFlight,3800,5.1,3,Gemfan,,20-30,
0.3006198,1000,0,0.000237217,8.111394934,0.009029406,0.07324108,,iFlight,3800,5.1,3,Gemfan,,20-30,
0.2994672,1000,0,-0.000653833,8.176760871,0.002144383,0.017534109,,FlashHobby,2700,5.5,5.2,Gemfan,,,
9.574108,1200,3602,0.032658052,8.168579336,0.465742443,3.804454099,8.584162371,FlashHobby,2700,5.5,5.2,Gemfan,,,
13.72482,1250,4309,0.046066814,8.16313794,0.724474843,5.91398808,7.789466817,FlashHobby,2700,5.5,5.2,Gemfan,,,
17.8759208,1300,4869,0.061960455,8.15652763,1.02566975,8.365903654,7.406307447,FlashHobby,2700,5.5,5.2,Gemfan,,,
21.7516178,1325,5131,0.068927484,8.152786076,1.182826633,9.643332502,7.14768306,FlashHobby,2700,5.5,5.2,Gemfan,,,
25.6519912,1350,5416,0.077605015,8.147975808,1.37145838,11.1746097,6.944762933,FlashHobby,2700,5.5,5.2,Gemfan,,,
29.5522734,1375,5705,0.085519195,8.142005118,1.570768153,12.78920234,6.686827929,FlashHobby,2700,5.5,5.2,Gemfan,,,
33.4284558,1400,5982,0.093594677,8.136097772,1.79851378,14.63288396,6.396188018,FlashHobby,2700,5.5,5.2,Gemfan,,,
37.3029094,1425,6243,0.10202088,8.12996601,2.044978449,16.62560528,6.136370866,FlashHobby,2700,5.5,5.2,Gemfan,,,
41.1787854,1450,6486,0.110737352,8.1227027,2.308564077,18.75177966,5.905431573,FlashHobby,2700,5.5,5.2,Gemfan,,,
45.0530386,1475,6785,0.117018243,8.115979041,2.546731723,20.66922128,5.661473252,FlashHobby,2700,5.5,5.2,Gemfan,,,
48.9293376,1500,7006,0.1259369,8.107487441,2.829209878,22.93778356,5.490369171,FlashHobby,2700,5.5,5.2,Gemfan,,,
53.0536186,1550,7501,0.146570411,8.092265426,3.52071053,28.4905241,5.144531942,FlashHobby,2700,5.5,5.2,Gemfan,,,
57.1806028,1600,8075,0.166214041,8.074120163,4.289836076,34.63665196,4.798790623,FlashHobby,2700,5.5,5.2,Gemfan,,,
61.3065822,1650,8622,0.191342285,8.05121876,5.236124753,42.15718584,4.538782212,FlashHobby,2700,5.5,5.2,Gemfan,,,
65.4305634,1700,9177,0.214958696,8.025432379,6.358522571,51.02989292,4.212407354,FlashHobby,2700,5.5,5.2,Gemfan,,,
69.5573956,1750,9713,0.244884792,7.991363665,7.603708738,60.76400173,4.030096525,FlashHobby,2700,5.5,5.2,Gemfan,,,
73.6819318,1800,10239,0.273503892,7.957873682,8.999909828,71.62014556,3.818812282,FlashHobby,2700,5.5,5.2,Gemfan,,,
77.8322414,1850,10748,0.303776661,7.919661528,10.52847134,83.38192941,3.64319539,FlashHobby,2700,5.5,5.2,Gemfan,,,
0.2726474,1000,0,-0.000649129,7.633755911,0.033357184,0.254640602,,T-motor,3550,5,3.7,APC,T-motor,30-35,
9.4218506,1200,4513,0.027174115,7.623084601,0.627741863,4.785329327,5.678630048,T-motor,3550,5,3.7,APC,T-motor,30-35,
13.5077106,1250,5410,0.040784514,7.616853621,0.950451018,7.239446279,5.633651051,T-motor,3550,5,3.7,APC,T-motor,30-35,
17.5690258,1300,6227,0.054066549,7.608086325,1.301026361,9.898320866,5.462193997,T-motor,3550,5,3.7,APC,T-motor,30-35,
21.3939556,1325,6545,0.064058089,7.602184035,1.517753256,11.53823957,5.551807869,T-motor,3550,5,3.7,APC,T-motor,30-35,
25.2293014,1350,6880,0.069851604,7.596525259,1.7088297,12.98116798,5.380995331,T-motor,3550,5,3.7,APC,T-motor,30-35,
29.0648608,1375,7243,0.07365551,7.59040513,1.883918512,14.29970474,5.150841322,T-motor,3550,5,3.7,APC,T-motor,30-35,
32.9209554,1400,7380,0.086055998,7.584508324,2.11660896,16.05343827,5.360596056,T-motor,3550,5,3.7,APC,T-motor,30-35,
36.7685478,1425,7730,0.087700695,7.578461517,2.318400444,17.56990854,4.991528276,T-motor,3550,5,3.7,APC,T-motor,30-35,
40.647787,1450,7935,0.097704806,7.571085439,2.564263233,19.41425602,5.032631999,T-motor,3550,5,3.7,APC,T-motor,30-35,
44.498891,1475,8346,0.100378186,7.564831716,2.76841224,20.94257272,4.793020785,T-motor,3550,5,3.7,APC,T-motor,30-35,
48.325499,1500,8587,0.112191961,7.555148557,3.129228255,23.64178433,4.745494654,T-motor,3550,5,3.7,APC,T-motor,30-35,
52.4263592,1550,9199,0.128042357,7.53643236,3.84421504,28.97166663,4.41957166,T-motor,3550,5,3.7,APC,T-motor,30-35,
56.5677832,1600,9899,0.148680315,7.51734569,4.649608734,34.95271618,4.253755681,T-motor,3550,5,3.7,APC,T-motor,30-35,
60.6955444,1650,10612,0.175223588,7.489569923,5.717677985,42.82294906,4.091815067,T-motor,3550,5,3.7,APC,T-motor,30-35,
64.8003154,1700,11485,0.20211156,7.456971074,7.036006916,52.46730005,3.852143327,T-motor,3550,5,3.7,APC,T-motor,30-35,
68.9097578,1750,12210,0.237905849,7.418045063,8.552109662,63.43993485,3.750096052,T-motor,3550,5,3.7,APC,T-motor,30-35,
73.0110684,1800,13066,0.275619502,7.37221252,10.38590309,76.56708478,3.599712626,T-motor,3550,5,3.7,APC,T-motor,30-35,
77.1325268,1850,14041,0.306208119,7.321895349,12.28607336,89.9573434,3.403925764,T-motor,3550,5,3.7,APC,T-motor,30-35,
0.3033514,1000,0,0.000106083,12.0647084,0.004915682,0.059306269,7.954652535,MultiStar Elite,2150,6,4.2,APC,MultiStar Elite,40,
9.5543832,1200,4473,0.052873075,12.04746269,0.581977095,7.01134734,7.541071978,MultiStar Elite,2150,6,4.2,APC,MultiStar Elite,40,
13.6795412,1250,5424,0.082964007,12.03190835,0.963180176,11.5888956,7.158922594,MultiStar Elite,2150,6,4.2,APC,MultiStar Elite,40,
17.8301308,1300,6242,0.10912081,12.01437414,1.350932833,16.23061249,6.723148013,MultiStar Elite,2150,6,4.2,APC,MultiStar Elite,40,
21.9598666,1350,6935,0.139656054,11.99283859,1.816573728,21.7858755,6.410394409,MultiStar Elite,2150,6,4.2,APC,MultiStar Elite,40,
26.1045516,1400,7708,0.1714361,11.96546428,2.413038855,28.87313023,5.937565448,MultiStar Elite,2150,6,4.2,APC,MultiStar Elite,40,
30.7293114,1500,9150,0.244316484,11.89950626,3.955828735,47.07240881,5.190226938,MultiStar Elite,2150,6,4.2,APC,MultiStar Elite,40,
35.3554108,1600,10431,0.331879488,11.80767147,6.17774481,72.94478114,4.549735875,MultiStar Elite,2150,6,4.2,APC,MultiStar Elite,40,
40.0056914,1700,11644,0.419313907,11.68113246,9.057337552,105.7999597,3.963270956,MultiStar Elite,2150,6,4.2,APC,MultiStar Elite,40,
0.3035658,1000,0,-2.24E-05,12.33249356,0.007333483,0.090440126,6.99542,Lumenier Zip V2 2407,1700,6,4,Lumenier,hobby wing,20,
9.5556648,1200,3775,0.0319146,12.32184949,0.390762288,4.814914104,6.628280273,Lumenier Zip V2 2408,1700,6,4,Lumenier,hobby wing,20,
13.7034678,1250,4639,0.050040545,12.31381824,0.58814013,7.242250658,6.909529623,Lumenier Zip V2 2409,1700,6,4,Lumenier,hobby wing,20,
17.8561104,1300,5485,0.073302476,12.30283538,0.864951969,10.64136169,6.888448834,Lumenier Zip V2 2410,1700,6,4,Lumenier,hobby wing,20,
22.0046648,1350,6289,0.095750599,12.29078533,1.143180738,14.05058904,6.814703579,Lumenier Zip V2 2411,1700,6,4,Lumenier,hobby wing,20,
26.1554144,1400,7046,0.121775248,12.27542881,1.477008425,18.13091178,6.716443668,Lumenier Zip V2 2412,1700,6,4,Lumenier,hobby wing,20,
30.8075392,1500,8500,0.180350545,12.23944539,2.329428398,28.51091166,6.32566743,Lumenier Zip V2 2413,1700,6,4,Lumenier,hobby wing,20,
35.43373,1600,9787,0.246270587,12.19527088,3.352657296,40.8865639,6.023264449,Lumenier Zip V2 2414,1700,6,4,Lumenier,hobby wing,20,
40.0586088,1700,11352,0.333947058,12.12653837,5.008586375,60.73681485,5.498264254,Lumenier Zip V2 2415,1700,6,4,Lumenier,hobby wing,20,
0.3013368,1000,0,-0.000329984,12.14816537,0.006633042,0.080579289,,T-Motor,1500,7,3.5,Gemfan,T-Motor,20,
9.5829866,1200,3357,0.033740483,12.13843274,0.262739455,3.1892452,10.57945731,T-Motor,1500,7,3.5,Gemfan,T-Motor,20,
13.7277038,1250,4027,0.051428538,12.13065949,0.416759352,5.055565795,10.17265716,T-Motor,1500,7,3.5,Gemfan,T-Motor,20,
17.8778222,1300,4661,0.069431535,12.121145,0.601137039,7.286469213,9.528831216,T-Motor,1500,7,3.5,Gemfan,T-Motor,20,
21.753293,1325,4994,0.078646479,12.11359427,0.721508243,8.740058122,8.99839309,T-Motor,1500,7,3.5,Gemfan,T-Motor,20,
25.6535602,1350,5308,0.089598831,12.10569522,0.860829309,10.42093725,8.59796283,T-Motor,1500,7,3.5,Gemfan,T-Motor,20,
29.5286308,1375,5612,0.10360061,12.09596351,1.012633611,12.24877921,8.458035548,T-Motor,1500,7,3.5,Gemfan,T-Motor,20,
33.4042508,1400,5899,0.117288568,12.08675178,1.17284435,14.17587854,8.273812991,T-Motor,1500,7,3.5,Gemfan,T-Motor,20,
37.28002,1425,6190,0.130855681,12.07428907,1.335057414,16.11986914,8.117663978,T-Motor,1500,7,3.5,Gemfan,T-Motor,20,
41.1804308,1450,6488,0.140310216,12.06270882,1.502767321,18.12744461,7.740209353,T-Motor,1500,7,3.5,Gemfan,T-Motor,20,
45.0810126,1475,6761,0.154690489,12.04990616,1.702334452,20.5129704,7.541106217,T-Motor,1500,7,3.5,Gemfan,T-Motor,20,
48.9814506,1500,7028,0.16611564,12.03727904,1.878796843,22.61560186,7.345178808,T-Motor,1500,7,3.5,Gemfan,T-Motor,20,
53.606324,1600,8115,0.222051067,11.98705878,2.852051144,34.18770472,6.495056294,T-Motor,1500,7,3.5,Gemfan,T-Motor,20,
58.257223,1700,9125,0.292048228,11.91662398,4.186012585,49.88313797,5.854648291,T-Motor,1500,7,3.5,Gemfan,T-Motor,20,
0.4644818,1000,0,0.000658942,15.54650729,0.048912738,0.760422241,,FlashHobby,1400,7,3.5,Gemfan,Hobbywing,25,
10.605081,1200,4135,0.02535216,15.53577403,0.371545806,5.772251687,4.392074635,FlashHobby,1400,7,3.5,Gemfan,Hobbywing,25,
15.591915,1300,5715,0.04939434,15.51810821,0.810742074,12.58118324,3.926048842,FlashHobby,1400,7,3.5,Gemfan,Hobbywing,25,
20.3408084,1350,6499,0.062865536,15.50274569,1.130876626,17.53169273,3.585822389,FlashHobby,1400,7,3.5,Gemfan,Hobbywing,25,
24.8118248,1400,7126,0.084119166,15.48058841,1.578064043,24.42935994,3.443363472,FlashHobby,1400,7,3.5,Gemfan,Hobbywing,25,
29.4645044,1450,7902,0.099635945,15.45812162,1.992272122,30.79678476,3.235271002,FlashHobby,1400,7,3.5,Gemfan,Hobbywing,25,
34.2175188,1500,8379,0.120331682,15.42035029,2.681256348,41.3459121,2.910364668,FlashHobby,1400,7,3.5,Gemfan,Hobbywing,25,
38.8733222,1550,8861,0.139404602,15.38050578,3.44323591,52.95870983,2.632326255,FlashHobby,1400,7,3.5,Gemfan,Hobbywing,25,
43.4177962,1600,9332,0.159326195,15.33736752,4.255671776,65.27080209,2.44100256,FlashHobby,1400,7,3.5,Gemfan,Hobbywing,25,
48.1364494,1650,9981,0.175597356,15.29671799,4.888603214,74.77958472,2.348199137,FlashHobby,1400,7,3.5,Gemfan,Hobbywing,25,
52.7156244,1700,10533,0.194043616,15.24563148,5.780120128,88.12158138,2.20199879,FlashHobby,1400,7,3.5,Gemfan,Hobbywing,25,
57.42429,1750,10965,0.203370225,15.18531361,6.793136797,103.1559126,1.97148394,FlashHobby,1400,7,3.5,Gemfan,Hobbywing,25,
62.2021148,1800,11257,0.217755086,15.12293782,7.881330206,119.1888667,1.826975055,FlashHobby,1400,7,3.5,Gemfan,Hobbywing,25,
0.3074306,1000,0,0.000165879,12.22073649,-0.016828101,0.20565179,,Flashhobby,1400,5,4.3,Gemfan,Hobbywing,20â€“25,
9.7638794,1200,3517,0.009533158,12.21749616,0.13883529,1.696219628,5.620238279,Flashhobby,1400,5,4.3,Gemfan,Hobbywing,20â€“25,
14.4709276,1300,5141,0.019510807,12.21122052,0.324636615,3.964209294,4.921740009,Flashhobby,1400,5,4.3,Gemfan,Hobbywing,20â€“25,
18.6961464,1350,5915,0.024580266,12.2061928,0.447396382,5.461006497,4.501050429,Flashhobby,1400,5,4.3,Gemfan,Hobbywing,20â€“25,
22.9502712,1400,6639,0.03272617,12.19969839,0.617015411,7.527401921,4.347604939,Flashhobby,1400,5,4.3,Gemfan,Hobbywing,20â€“25,
27.209741,1450,7349,0.039116647,12.19321797,0.79537852,9.698223668,4.033382598,Flashhobby,1400,5,4.3,Gemfan,Hobbywing,20â€“25,
31.5702946,1500,7979,0.046408671,12.18336178,0.982336291,11.96815843,3.877678494,Flashhobby,1400,5,4.3,Gemfan,Hobbywing,20â€“25,
36.0004184,1550,8650,0.054170155,12.17386753,1.206687421,14.69005282,3.68753986,Flashhobby,1400,5,4.3,Gemfan,Hobbywing,20â€“25,
40.2955726,1600,9354,0.063142382,12.1614907,1.483373087,18.040028,3.500126609,Flashhobby,1400,5,4.3,Gemfan,Hobbywing,20â€“25,
44.7420264,1650,10054,0.072928551,12.14697512,1.808940853,21.97315954,3.318983357,Flashhobby,1400,5,4.3,Gemfan,Hobbywing,20â€“25,
49.0563132,1700,10790,0.083607272,12.13108301,2.173875441,26.37146343,3.170369055,Flashhobby,1400,5,4.3,Gemfan,Hobbywing,20â€“25,
53.8686288,1800,12127,0.111004155,12.09379996,3.169072725,38.3261316,2.896304705,Flashhobby,1400,5,4.3,Gemfan,Hobbywing,20â€“25,
58.6639386,1900,13422,0.131838607,12.04972032,4.24871413,51.195817,2.575183185,Flashhobby,1400,5,4.3,Gemfan,Hobbywing,20â€“25,
0.454804,1000,0,-0.00016481,12.17902625,-0.029532879,0.359681704,,PrimoPal,2280,6,4.2,Gemfan,Hobbywing,45,
10.5364748,1200,2946,0.014089027,12.17272879,0.132315038,1.610635069,8.747497953,PrimoPal,2280,6,4.2,Gemfan,Hobbywing,45,
15.65592,1300,4205,0.028730876,12.16303193,0.374830777,4.559078706,6.301904032,PrimoPal,2280,6,4.2,Gemfan,Hobbywing,45,
20.316509,1350,4811,0.038277901,12.15500403,0.560899179,6.817731783,5.614462763,PrimoPal,2280,6,4.2,Gemfan,Hobbywing,45,
24.9561886,1400,5366,0.046819585,12.14462878,0.788403388,9.574866474,4.889842031,PrimoPal,2280,6,4.2,Gemfan,Hobbywing,45,
29.7618318,1450,5882,0.056026553,12.13250791,1.047156688,12.70463679,4.409929522,PrimoPal,2280,6,4.2,Gemfan,Hobbywing,45,
34.6419426,1500,6385,0.066201668,12.11731812,1.334798097,16.17417317,4.093048039,PrimoPal,2280,6,4.2,Gemfan,Hobbywing,45,
39.4515088,1550,6862,0.075497395,12.10069675,1.652979265,20.00220081,3.774454408,PrimoPal,2280,6,4.2,Gemfan,Hobbywing,45,
44.101658,1600,7278,0.087042371,12.08105764,2.027386863,24.49297754,3.553768466,PrimoPal,2280,6,4.2,Gemfan,Hobbywing,45,
48.8928782,1650,7733,0.096615597,12.05753371,2.439689829,29.41664234,3.284385615,PrimoPal,2280,6,4.2,Gemfan,Hobbywing,45,
53.6090032,1700,8153,0.108724514,12.03211386,2.895495378,34.83893006,3.120776495,PrimoPal,2280,6,4.2,Gemfan,Hobbywing,45,
58.3067488,1750,8542,0.120818416,12.00313641,3.419187351,41.04097218,2.943848792,PrimoPal,2280,6,4.2,Gemfan,Hobbywing,45,
63.206581,1800,8942,0.12985896,11.97264654,3.958847828,47.39788576,2.73976272,PrimoPal,2280,6,4.2,Gemfan,Hobbywing,45,
0.3012726,1000,0,3.74E-05,7.799848786,0.086756646,0.676688719,,T-Motor,2850,6,4.5,Gemfan,Hobbywing,30-35,
9.5518498,1200,3595,0.029901816,7.791735296,0.518592844,4.040738167,7.400087509,T-Motor,2850,6,4.5,Gemfan,Hobbywing,30-35,
13.7016696,1250,4285,0.044122592,7.78623272,0.778031064,6.057930927,7.283442569,T-Motor,2850,6,4.5,Gemfan,Hobbywing,30-35,
17.852112,1300,4881,0.057570431,7.778183202,1.049010933,8.159399216,7.055719298,T-Motor,2850,6,4.5,Gemfan,Hobbywing,30-35,
21.7526058,1325,5134,0.064860657,7.773690077,1.198695446,9.318286894,6.960577383,T-Motor,2850,6,4.5,Gemfan,Hobbywing,30-35,
25.6262136,1350,5404,0.072194042,7.768410466,1.359439249,10.56068209,6.836115411,T-Motor,2850,6,4.5,Gemfan,Hobbywing,30-35,
29.5017792,1375,5693,0.080022117,7.763170811,1.549848593,12.03173936,6.650918392,T-Motor,2850,6,4.5,Gemfan,Hobbywing,30-35,
33.4039926,1400,5956,0.087367631,7.756955571,1.757333184,13.63155543,6.409219545,T-Motor,2850,6,4.5,Gemfan,Hobbywing,30-35,
37.3038296,1425,6235,0.095300369,7.750768581,1.959674472,15.18898332,6.274308653,T-Motor,2850,6,4.5,Gemfan,Hobbywing,30-35,
41.2033478,1450,6479,0.104206143,7.743639927,2.210844161,17.11998112,6.086814142,T-Motor,2850,6,4.5,Gemfan,Hobbywing,30-35,
45.0805132,1475,6746,0.112759701,7.736135541,2.469809687,19.10678249,5.901553596,T-Motor,2850,6,4.5,Gemfan,Hobbywing,30-35,
48.9528604,1500,6981,0.121580368,7.727906844,2.749400191,21.24710855,5.722207686,T-Motor,2850,6,4.5,Gemfan,Hobbywing,30-35,
53.0807076,1550,7466,0.142580312,7.711093751,3.409731994,26.29276307,5.422796805,T-Motor,2850,6,4.5,Gemfan,Hobbywing,30-35,
57.2065776,1600,8006,0.16349817,7.692908283,4.152552496,31.94520549,5.11808164,T-Motor,2850,6,4.5,Gemfan,Hobbywing,30-35,
61.3539562,1650,8586,0.191122596,7.668090955,5.073631995,38.90507161,4.912536794,T-Motor,2850,6,4.5,Gemfan,Hobbywing,30-35,
65.5046594,1700,9162,0.226474654,7.638823627,6.200228204,47.3624497,4.781734376,T-Motor,2850,6,4.5,Gemfan,Hobbywing,30-35,
69.6553942,1750,9822,0.260275557,7.606387701,7.429906765,56.51475144,4.6054446,T-Motor,2850,6,4.5,Gemfan,Hobbywing,30-35,
73.8076302,1800,10426,0.29572199,7.568843899,8.886488857,67.26044697,4.396670003,T-Motor,2850,6,4.5,Gemfan,Hobbywing,30-35,
77.9304452,1850,11093,0.332105686,7.524077731,10.52135371,79.16348317,4.195187889,T-Motor,2850,6,4.5,Gemfan,Hobbywing,30-35,
0.3019472,1000,0,0.00026432,12.41182227,0.048556389,0.602673267,,Lumenier,1750,7,4,Gemfan Hobby,Lumenier,50-60,
9.552372,1200,7826,0.054776249,12.39079642,0.569397996,7.055294657,7.763849888,Lumenier,1750,7,4,Gemfan Hobby,Lumenier,50-60,
13.7027692,1250,9505,0.083876046,12.37563549,0.912602534,11.29403631,7.426578382,Lumenier,1750,7,4,Gemfan Hobby,Lumenier,50-60,
17.8537948,1300,10999,0.11515097,12.35573895,1.293122662,15.97748604,7.207076835,Lumenier,1750,7,4,Gemfan Hobby,Lumenier,50-60,
21.9783884,1350,12281,0.149597724,12.33167873,1.724194615,21.26221406,7.035848821,Lumenier,1750,7,4,Gemfan Hobby,Lumenier,50-60,
26.129805,1400,13484,0.181792758,12.30403889,2.205091958,27.1315372,6.700422356,Lumenier,1750,7,4,Gemfan Hobby,Lumenier,50-60,
30.7538812,1500,15922,0.260336965,12.23484451,3.536256638,43.2655501,6.017188376,Lumenier,1750,7,4,Gemfan Hobby,Lumenier,50-60,
35.3802062,1600,18245,0.360690485,12.13803,5.511934594,66.90402748,5.391162508,Lumenier,1750,7,4,Gemfan Hobby,Lumenier,50-60,
40.0310634,1700,20710,0.475527763,12.00309683,8.109234858,97.33593125,4.885428808,Lumenier,1750,7,4,Gemfan Hobby,Lumenier,50-60,
0.321124,1000,0,-0.000489616,25.04514932,0.040753457,1.020676422,,FL,,13,,,Hobbywing,40-50,
8.787618,1475,4846,0.531350702,25.00826782,2.824078049,70.62530018,7.52351778,FL,,13,,,Hobbywing,40-50,
12.842679,1502,5154,0.608795802,25.00463312,3.34063674,83.53139606,7.288227315,FL,,13,,,Hobbywing,40-50,
16.8955862,1530,5483,0.677339227,24.9944858,3.950793226,98.74804518,6.859267195,FL,,13,,,Hobbywing,40-50,
20.905236,1557,5847,0.763132771,24.98680609,4.700980295,117.4624831,6.496821374,FL,,13,,,Hobbywing,40-50,
24.9424084,1585,6154,0.859836693,24.97703732,5.498936694,137.347147,6.260317098,FL,,13,,,Hobbywing,40-50,
28.998168,1612,6415,0.928937787,24.96688634,6.236581294,155.7080163,5.965895712,FL,,13,,,Hobbywing,40-50,
33.0334012,1640,6714,1.011734478,24.95461697,7.110976749,177.451701,5.701463958,FL,,13,,,Hobbywing,40-50,
37.0730068,1667,7086,1.124310553,24.93864024,8.281297804,206.5243066,5.443962365,FL,,13,,,Hobbywing,40-50,
41.118861,1695,7366,1.24836881,24.92264592,9.516365805,237.1730154,5.263536445,FL,,13,,,Hobbywing,40-50,
45.1815372,1722,7528,1.321992161,24.91317688,10.22602781,254.7628397,5.189109066,FL,,13,,,Hobbywing,40-50,
49.2410878,1750,7707,1.372934508,24.90216682,10.94975813,272.6727036,5.035100654,FL,,13,,,Hobbywing,40-50,
0.3009458,1000,0,0.00086037,8.005997793,0.02332912,0.186772881,,T-Motor,3800,5.5,5.2,Gemfan,T-Motor,23,
9.578319,1200,4251,0.04544777,7.990836473,0.846040296,6.760569655,6.722476342,T-Motor,3800,5.5,5.2,Gemfan,T-Motor,23,
13.728731,1250,4950,0.062902192,7.981589446,1.265775863,10.10290327,6.226150071,T-Motor,3800,5.5,5.2,Gemfan,T-Motor,23,
17.8791594,1300,5571,0.076257149,7.971808963,1.689626103,13.46937651,5.661520341,T-Motor,3800,5.5,5.2,Gemfan,T-Motor,23,
21.7547836,1325,5874,0.080730185,7.965417608,1.898883405,15.12539931,5.337392,T-Motor,3800,5.5,5.2,Gemfan,T-Motor,23,
25.6544888,1350,6088,0.090114453,7.95750984,2.166865992,17.24285745,5.226190218,T-Motor,3800,5.5,5.2,Gemfan,T-Motor,23,
29.530105,1375,6303,0.099335453,7.949268144,2.479908554,19.71345807,5.038966402,T-Motor,3800,5.5,5.2,Gemfan,T-Motor,23,
33.4054962,1400,6510,0.106989861,7.940587223,2.812377909,22.33193209,4.790891403,T-Motor,3800,5.5,5.2,Gemfan,T-Motor,23,
37.2804234,1425,6690,0.117861107,7.930979545,3.175325199,25.1834392,4.680103688,T-Motor,3800,5.5,5.2,Gemfan,T-Motor,23,
41.155928,1450,6967,0.122728597,7.921245942,3.481343348,27.57657687,4.45046524,T-Motor,3800,5.5,5.2,Gemfan,T-Motor,23,
45.0318398,1475,7156,0.132296587,7.910820251,3.89214798,30.79008306,4.296727192,T-Motor,3800,5.5,5.2,Gemfan,T-Motor,23,
48.9078718,1500,7384,0.141561942,7.89984565,4.298474918,33.95728838,4.168823502,T-Motor,3800,5.5,5.2,Gemfan,T-Motor,23,
53.03271,1550,7953,0.158158706,7.880448162,5.149962708,40.58401416,3.897069074,T-Motor,3800,5.5,5.2,Gemfan,T-Motor,23,
57.1576548,1600,8349,0.184132851,7.854694001,6.28405248,49.35930932,3.730458414,T-Motor,3800,5.5,5.2,Gemfan,T-Motor,23,
61.2846584,1650,8927,0.203607199,7.825113758,7.434932924,58.17919591,3.49965647,T-Motor,3800,5.5,5.2,Gemfan,T-Motor,23,
65.4340934,1700,9384,0.231211364,7.788897868,8.937669518,69.61459505,3.321305885,T-Motor,3800,5.5,5.2,Gemfan,T-Motor,23,
69.5608916,1750,9951,0.255491009,7.74608328,10.61880592,82.25415497,3.106116761,T-Motor,3800,5.5,5.2,Gemfan,T-Motor,23,
73.6868254,1800,10392,0.286831105,7.699157232,12.53196767,96.48558951,2.972786988,T-Motor,3800,5.5,5.2,Gemfan,T-Motor,23,
77.811268,1850,10905,0.308120014,7.650195627,14.42171133,110.3289129,2.79274041,T-Motor,3800,5.5,5.2,Gemfan,T-Motor,23,
0.283611,1000,0,0.000190505,8.121642764,0.020927724,0.169967495,,Ummagawd,3500,5,3,HQProp,Hobbywing,30,
9.4810892,1200,5225,0.022207736,8.112330683,0.531206604,4.309323632,5.153415617,Ummagawd,3500,5,3,HQProp,Hobbywing,30,
13.5830602,1250,6333,0.032950868,8.106346414,0.789637152,6.401072295,5.147710707,Ummagawd,3500,5,3,HQProp,Hobbywing,30,
17.6649544,1300,7323,0.044257948,8.099654766,1.085147411,8.7893194,5.035423756,Ummagawd,3500,5,3,HQProp,Hobbywing,30,
21.5403848,1325,7805,0.050997249,8.095425438,1.243112668,10.06352591,5.067532895,Ummagawd,3500,5,3,HQProp,Hobbywing,30,
25.4021522,1350,8234,0.056922343,8.090295483,1.403081585,11.35134461,5.014590323,Ummagawd,3500,5,3,HQProp,Hobbywing,30,
29.2518488,1375,8667,0.063439923,8.085280131,1.588922402,12.84688273,4.938156897,Ummagawd,3500,5,3,HQProp,Hobbywing,30,
33.1234352,1400,9084,0.070413345,8.079029517,1.777173858,14.35784006,4.904173934,Ummagawd,3500,5,3,HQProp,Hobbywing,30,
36.9784546,1425,9489,0.077327755,8.073847866,1.985025032,16.02679012,4.824905956,Ummagawd,3500,5,3,HQProp,Hobbywing,30,
40.8428028,1450,9895,0.086186229,8.067037784,2.182095726,17.60304867,4.896096714,Ummagawd,3500,5,3,HQProp,Hobbywing,30,
44.7011692,1475,10298,0.093010279,8.060981984,2.42814011,19.57319368,4.751921434,Ummagawd,3500,5,3,HQProp,Hobbywing,30,
48.564242,1500,10662,0.101857973,8.05267512,2.668514934,21.48868382,4.740075,Ummagawd,3500,5,3,HQProp,Hobbywing,30,
52.6732156,1550,11434,0.117900731,8.039848794,3.18935462,25.6419289,4.59796654,Ummagawd,3500,5,3,HQProp,Hobbywing,30,
56.8057988,1600,12181,0.135820182,8.024605198,3.810132313,30.57480756,4.44222525,Ummagawd,3500,5,3,HQProp,Hobbywing,30,
60.9303036,1650,13085,0.157416707,8.003013471,4.57963652,36.65089276,4.295030641,Ummagawd,3500,5,3,HQProp,Hobbywing,30,
65.0562902,1700,13975,0.185531931,7.976408657,5.649476558,45.06253373,4.117210375,Ummagawd,3500,5,3,HQProp,Hobbywing,30,
69.1600814,1750,15040,0.216370601,7.948159249,6.76581296,53.77575885,4.023571311,Ummagawd,3500,5,3,HQProp,Hobbywing,30,
73.3058166,1800,16055,0.252716892,7.913827977,8.220718199,65.05734968,3.884524857,Ummagawd,3500,5,3,HQProp,Hobbywing,30,
77.42387,1850,17038,0.289491525,7.874237343,9.763681068,76.88154207,3.765422977,Ummagawd,3500,5,3,HQProp,Hobbywing,30,
0.2984952,1000,0,0.000150039,12.28329604,-0.003015713,0.037042896,,Lumenier,2550,7,3.5,Gemfan,Lumenier,50,
9.5726394,1200,5598,0.099714761,12.23011779,1.214855118,14.8578212,6.711264054,Lumenier,2550,7,3.5,Gemfan,Lumenier,50,
13.7230878,1250,6624,0.144697655,12.19521215,1.858164985,22.6607162,6.385396361,Lumenier,2550,7,3.5,Gemfan,Lumenier,50,
17.8257434,1300,7438,0.187157446,12.15478957,2.538686244,30.85719708,6.065276952,Lumenier,2550,7,3.5,Gemfan,Lumenier,50,
21.9495688,1350,8180,0.227076362,12.10989795,3.333923283,40.37347072,5.624395376,Lumenier,2550,7,3.5,Gemfan,Lumenier,50,
26.1007474,1400,8816,0.277072367,12.05220176,4.373799629,52.7139156,5.256152259,Lumenier,2550,7,3.5,Gemfan,Lumenier,50,
30.7511162,1500,10149,0.367681499,11.931892,6.689582497,79.81937591,4.606419114,Lumenier,2550,7,3.5,Gemfan,Lumenier,50,
35.376394,1600,11460,0.486906246,11.76356197,9.966837642,117.2455122,4.15287747,Lumenier,2550,7,3.5,Gemfan,Lumenier,50,
40.0281542,1700,12757,0.622347113,11.53648625,14.25426563,164.4441395,3.784550274,Lumenier,2550,7,3.5,Gemfan,Lumenier,50,
0.3001518,1000,0,-0.000328114,12.30098301,0.022550256,0.277390318,,EMAX,1900,6,4.5,Master Airscrew,Hobbywing,50,
9.5517938,1200,4309,0.05533384,12.27581673,0.636774305,7.816924665,7.078722474,EMAX,1900,6,4.5,Master Airscrew,Hobbywing,50,
13.7017054,1250,5238,0.082237882,12.25635133,0.996408502,12.21233267,6.734002746,EMAX,1900,6,4.5,Master Airscrew,Hobbywing,50,
17.8518546,1300,6100,0.112878387,12.23229161,1.407486287,17.21678269,6.556299683,EMAX,1900,6,4.5,Master Airscrew,Hobbywing,50,
21.7289202,1325,6498,0.128780395,12.2160826,1.633298229,19.95250608,6.454346865,EMAX,1900,6,4.5,Master Airscrew,Hobbywing,50,
25.602672,1350,6855,0.144493529,12.19949777,1.865328938,22.75607622,6.349667998,EMAX,1900,6,4.5,Master Airscrew,Hobbywing,50,
29.503031,1375,7222,0.155687595,12.18207861,2.10203941,25.60720934,6.079834505,EMAX,1900,6,4.5,Master Airscrew,Hobbywing,50,
33.3789508,1400,7489,0.171563425,12.16447826,2.353659666,28.63104183,5.992217343,EMAX,1900,6,4.5,Master Airscrew,Hobbywing,50,
37.254018,1425,7831,0.182785028,12.14654389,2.596638916,31.54018855,5.795305494,EMAX,1900,6,4.5,Master Airscrew,Hobbywing,50,
41.1542722,1450,8155,0.199881888,12.12502676,2.911164773,35.29795076,5.662705177,EMAX,1900,6,4.5,Master Airscrew,Hobbywing,50,
45.0309964,1475,8446,0.220345345,12.10053089,3.287328596,39.77842121,5.539318506,EMAX,1900,6,4.5,Master Airscrew,Hobbywing,50,
48.9045928,1500,8802,0.234314289,12.07549334,3.624571571,43.76848985,5.353492657,EMAX,1900,6,4.5,Master Airscrew,Hobbywing,50,
53.5564568,1600,10186,0.315480111,11.98116737,5.499743958,65.89335288,4.787738018,EMAX,1900,6,4.5,Master Airscrew,Hobbywing,50,
58.2056232,1700,11691,0.428197439,11.83665765,8.219705091,97.29383512,4.401074732,EMAX,1900,6,4.5,Master Airscrew,Hobbywing,50,
0.3022384,1000,0,0.000205529,11.89976912,0.006280054,0.074731193,,T-motor,2850,6,3,Gemfan,T-motor,45,
9.578787,1200,5610,0.058330363,11.87900811,0.678920947,8.064907436,7.232614075,T-motor,2850,6,3,Gemfan,T-motor,45,
13.7283882,1250,6712,0.086428139,11.86208685,1.08681591,12.89190471,6.704062853,T-motor,2850,6,3,Gemfan,T-motor,45,
17.8796158,1300,7585,0.11276694,11.84210836,1.52225346,18.02669042,6.25555424,T-motor,2850,6,3,Gemfan,T-motor,45,
22.0304324,1350,8451,0.143081661,11.81654671,2.045403395,24.16960475,5.919900748,T-motor,2850,6,3,Gemfan,T-motor,45,
26.1538228,1400,9310,0.174070523,11.78446674,2.728062256,32.14875892,5.414533229,T-motor,2850,6,3,Gemfan,T-motor,45,
30.8052796,1500,11031,0.251051359,11.70360801,4.603061302,53.87242514,4.660108731,T-motor,2850,6,3,Gemfan,T-motor,45,
35.4564744,1600,12392,0.320269129,11.60832064,6.787075054,78.78654344,4.065023223,T-motor,2850,6,3,Gemfan,T-motor,45,
40.0814428,1700,13851,0.406945411,11.47791137,9.680271878,111.1093027,3.662568314,T-motor,2850,6,3,Gemfan,T-motor,45,
0.3023414,1000,0,0.000176901,12.20925298,0.008657286,0.105698996,,Lumenier,1700,7,3.5,Gemfan,Lumenier,45-50,
9.569184,1200,3682,0.041455128,12.19644176,0.416249586,5.076763834,8.165660116,Lumenier,1700,7,3.5,Gemfan,Lumenier,45-50,
13.7435956,1250,4525,0.064110669,12.18570108,0.658116455,8.01961039,7.994237326,Lumenier,1700,7,3.5,Gemfan,Lumenier,45-50,
17.9038328,1300,5330,0.092108644,12.17231965,0.975751301,11.87715674,7.7551089,Lumenier,1700,7,3.5,Gemfan,Lumenier,45-50,
21.8060558,1325,5690,0.10779574,12.16316132,1.143493863,13.90850033,7.750349581,Lumenier,1700,7,3.5,Gemfan,Lumenier,45-50,
25.7057466,1350,6069,0.124930041,12.15230276,1.335083723,16.2243416,7.700160918,Lumenier,1700,7,3.5,Gemfan,Lumenier,45-50,
29.5804092,1375,6444,0.136991821,12.14165356,1.53075024,18.5858391,7.370763311,Lumenier,1700,7,3.5,Gemfan,Lumenier,45-50,
33.4541416,1400,6779,0.1545226,12.13015191,1.740779891,21.11592452,7.317823065,Lumenier,1700,7,3.5,Gemfan,Lumenier,45-50,
37.3323626,1425,7096,0.17222288,12.11829275,1.961181376,23.76617005,7.246555911,Lumenier,1700,7,3.5,Gemfan,Lumenier,45-50,
41.2338062,1450,7408,0.187755893,12.10442584,2.186501687,26.46634753,7.09413691,Lumenier,1700,7,3.5,Gemfan,Lumenier,45-50,
45.1076634,1475,7706,0.202310065,12.09111051,2.42483146,29.31890515,6.9003281,Lumenier,1700,7,3.5,Gemfan,Lumenier,45-50,
48.9829648,1500,7971,0.221874207,12.07457051,2.670277516,32.24245415,6.881430482,Lumenier,1700,7,3.5,Gemfan,Lumenier,45-50,
53.6087314,1600,9283,0.304924821,12.01804742,4.095562944,49.22066966,6.195056327,Lumenier,1700,7,3.5,Gemfan,Lumenier,45-50,
58.2736956,1700,10673,0.406079754,11.93555488,6.039837762,72.08881505,5.633047983,Lumenier,1700,7,3.5,Gemfan,Lumenier,45-50,
0.2886852,1000,0,-9.73E-05,12.54970454,0.058342459,0.732180625,,T-motor,1750,7,3.5,Gemfan,T-motor,35-40,
9.4932872,1200,3886,0.045830702,12.53136781,0.437391492,5.48111367,8.361567477,T-motor,1750,7,3.5,Gemfan,T-motor,35-40,
13.6027148,1250,4661,0.067079314,12.51948418,0.638159407,7.989426608,8.396011025,T-motor,1750,7,3.5,Gemfan,T-motor,35-40,
17.7160704,1300,5730,0.091380706,12.50226671,0.929476507,11.62056319,7.863707199,T-motor,1750,7,3.5,Gemfan,T-motor,35-40,
21.5690298,1325,5770,0.106611065,12.49031619,1.108233764,13.84219013,7.701892863,T-motor,1750,7,3.5,Gemfan,T-motor,35-40,
25.4234444,1350,6135,0.122457495,12.47696205,1.300073459,16.22096721,7.549333725,T-motor,1750,7,3.5,Gemfan,T-motor,35-40,
29.320432,1375,6485,0.140747529,12.46169645,1.512312247,18.84597617,7.468306618,T-motor,1750,7,3.5,Gemfan,T-motor,35-40,
33.195103,1400,6797,0.15415845,12.44604801,1.724064051,21.45778395,7.184267034,T-motor,1750,7,3.5,Gemfan,T-motor,35-40,
37.095163,1425,7264,0.174361702,12.42674061,1.980022889,24.60523085,7.086367255,T-motor,1750,7,3.5,Gemfan,T-motor,35-40,
40.994531,1450,7434,0.187431268,12.4060154,2.216796788,27.5016151,6.815282214,T-motor,1750,7,3.5,Gemfan,T-motor,35-40,
44.8799614,1475,7758,0.202539184,12.3856095,2.49797289,30.93891675,6.546421327,T-motor,1750,7,3.5,Gemfan,T-motor,35-40,
48.7482068,1500,8056,0.217691293,12.36535882,2.76676439,34.21203446,6.363003453,T-motor,1750,7,3.5,Gemfan,T-motor,35-40,
52.8975936,1550,8621,0.250443689,12.32274965,3.431963222,42.29122358,5.921883269,T-motor,1750,7,3.5,Gemfan,T-motor,35-40,
57.0547306,1600,9186,0.287754452,12.27274141,4.204257369,51.59776353,5.576878385,T-motor,1750,7,3.5,Gemfan,T-motor,35-40,
61.3623402,1650,9703,0.328034811,12.21517071,5.071397412,61.94798514,5.295326551,T-motor,1750,7,3.5,Gemfan,T-motor,35-40,
65.7638862,1700,10220,0.369621386,12.15006088,6.031841927,73.28724662,5.043461216,T-motor,1750,7,3.5,Gemfan,T-motor,35-40,
70.3037878,1750,10736,0.404737008,12.08206586,7.063218726,85.33827381,4.742737228,T-motor,1750,7,3.5,Gemfan,T-motor,35-40,
74.6011866,1800,11242,0.439644872,12.00904845,8.137315544,97.72141664,4.498961301,T-motor,1750,7,3.5,Gemfan,T-motor,35-40,
78.8283798,1850,11746,0.483352092,11.92638144,9.415051676,112.2874976,4.30459403,T-motor,1750,7,3.5,Gemfan,T-motor,35-40,
0.2988048,1000,0,0.000347804,12.47685083,-0.002941304,0.036698217,,Lumenier,2550,5,4,Gemfan,Lumenier,30-35,
9.5704072,1200,6277,0.02826233,12.45517916,0.791819092,9.862248652,2.865708554,Lumenier,2550,5,4,Gemfan,Lumenier,30-35,
14.2470202,1300,8880,0.057026041,12.42695537,1.596933835,19.84502549,2.873568523,Lumenier,2550,5,4,Gemfan,Lumenier,30-35,
18.3933004,1350,10055,0.074843676,12.40386169,2.11547733,26.24008822,2.85226464,Lumenier,2550,5,4,Gemfan,Lumenier,30-35,
22.5569444,1400,11177,0.09056966,12.38087919,2.689229236,33.29502228,2.720216218,Lumenier,2550,5,4,Gemfan,Lumenier,30-35,
26.7419778,1450,12256,0.109701133,12.35363561,3.32491692,41.07481207,2.670764088,Lumenier,2550,5,4,Gemfan,Lumenier,30-35,
30.9177036,1500,13234,0.130796486,12.32223802,4.127392971,50.85871858,2.571761342,Lumenier,2550,5,4,Gemfan,Lumenier,30-35,
35.1249922,1550,14232,0.152835889,12.28668451,4.968494522,61.04632467,2.503605087,Lumenier,2550,5,4,Gemfan,Lumenier,30-35,
39.2766926,1600,15261,0.170067205,12.24800632,5.822189823,71.31021777,2.384892517,Lumenier,2550,5,4,Gemfan,Lumenier,30-35,
43.4825598,1650,16282,0.200266816,12.1958072,7.143276572,87.11802382,2.298798887,Lumenier,2550,5,4,Gemfan,Lumenier,30-35,
47.6338668,1700,17470,0.231072365,12.13427841,8.634551386,104.7740505,2.205435065,Lumenier,2550,5,4,Gemfan,Lumenier,30-35,
0.2970682,1000,0,-0.000155312,12.37351285,0.022335705,0.276371135,,rcINpower,1880,6,4.5,Master Airscrew,Hobbywing,50,
9.5738122,1200,4228,0.04982652,12.34618107,0.662273356,8.176546771,6.093834131,rcINpower,1880,6,4.5,Master Airscrew,Hobbywing,50,
13.7242842,1250,5129,0.079851161,12.32668859,1.047061791,12.90680464,6.186748994,rcINpower,1880,6,4.5,Master Airscrew,Hobbywing,50,
17.8731388,1300,5966,0.108352693,12.30393151,1.444817556,17.77693626,6.095127515,rcINpower,1880,6,4.5,Master Airscrew,Hobbywing,50,
21.77488,1325,6363,0.121907276,12.28857042,1.655616097,20.345155,5.991956121,rcINpower,1880,6,4.5,Master Airscrew,Hobbywing,50,
25.6751552,1350,6756,0.136180958,12.27261877,1.887396415,23.16329666,5.879169982,rcINpower,1880,6,4.5,Master Airscrew,Hobbywing,50,
29.575661,1375,7085,0.154061544,12.25431141,2.146002322,26.29778074,5.858347728,rcINpower,1880,6,4.5,Master Airscrew,Hobbywing,50,
33.4760776,1400,7447,0.167934344,12.23455533,2.406875869,29.44705598,5.702924744,rcINpower,1880,6,4.5,Master Airscrew,Hobbywing,50,
37.351532,1425,7782,0.181271779,12.21624142,2.680054061,32.74018743,5.536675066,rcINpower,1880,6,4.5,Master Airscrew,Hobbywing,50,
41.2265712,1450,8105,0.194618563,12.19687183,2.933155725,35.77532444,5.440022296,rcINpower,1880,6,4.5,Master Airscrew,Hobbywing,50,
45.1027426,1475,8390,0.211218733,12.17403181,3.220988745,39.21241943,5.386526424,rcINpower,1880,6,4.5,Master Airscrew,Hobbywing,50,
49.0021958,1500,8658,0.225259081,12.15145742,3.553337836,43.17823339,5.216959175,rcINpower,1880,6,4.5,Master Airscrew,Hobbywing,50,
53.627678,1600,10024,0.307204377,12.06242495,5.310326449,64.05541425,4.795915863,rcINpower,1880,6,4.5,Master Airscrew,Hobbywing,50,
58.2530544,1700,11499,0.420372166,11.92127504,8.027480465,95.69780247,4.392704484,rcINpower,1880,6,4.5,Master Airscrew,Hobbywing,50,
0.2993544,1000,0,0.000342914,8.182678276,0.008765149,0.071722397,,Diatone,1400,5.1,2.6,Gemfan,Hobbywing,20-30,
9.549415,1200,5834,0.032672467,8.169863882,0.668723841,5.463382754,5.980263266,Diatone,1400,5.1,2.6,Gemfan,Hobbywing,20-30,
13.7008276,1250,6968,0.048132202,8.161201246,1.031712521,8.42001351,5.716404393,Diatone,1400,5.1,2.6,Gemfan,Hobbywing,20-30,
17.826708,1300,7945,0.063352079,8.151435365,1.435038056,11.69761996,5.415809261,Diatone,1400,5.1,2.6,Gemfan,Hobbywing,20-30,
21.72765,1325,8391,0.070684619,8.144698134,1.652651222,13.46034533,5.251322818,Diatone,1400,5.1,2.6,Gemfan,Hobbywing,20-30,
25.6032556,1350,8809,0.07890727,8.136877844,1.875415822,15.26002945,5.170846528,Diatone,1400,5.1,2.6,Gemfan,Hobbywing,20-30,
29.5030186,1375,9228,0.086100395,8.130167941,2.134784044,17.3561528,4.960799555,Diatone,1400,5.1,2.6,Gemfan,Hobbywing,20-30,
33.378592,1400,9568,0.094936023,8.122103596,2.400881754,19.50021032,4.868461505,Diatone,1400,5.1,2.6,Gemfan,Hobbywing,20-30,
37.2801512,1425,9908,0.102643281,8.114155614,2.6235921,21.28823457,4.821596688,Diatone,1400,5.1,2.6,Gemfan,Hobbywing,20-30,
41.1793786,1450,10233,0.10726058,8.107208712,2.87139443,23.27899394,4.607612347,Diatone,1400,5.1,2.6,Gemfan,Hobbywing,20-30,
45.0798062,1475,10553,0.113965132,8.099363712,3.119303071,25.2643701,4.510903343,Diatone,1400,5.1,2.6,Gemfan,Hobbywing,20-30,
48.9820498,1500,10867,0.124404153,8.090289118,3.426330841,27.72000712,4.48788315,Diatone,1400,5.1,2.6,Gemfan,Hobbywing,20-30,
53.1063228,1550,11596,0.145154842,8.071111299,4.208094736,33.96400098,4.273785126,Diatone,1400,5.1,2.6,Gemfan,Hobbywing,20-30,
57.2316032,1600,12494,0.159122734,8.050656107,5.008151913,40.31890878,3.946603179,Diatone,1400,5.1,2.6,Gemfan,Hobbywing,20-30,
61.3576916,1650,13275,0.189377967,8.022977795,6.154409552,49.37669118,3.835371762,Diatone,1400,5.1,2.6,Gemfan,Hobbywing,20-30,
65.4821418,1700,14100,0.216215373,7.986355961,7.42286344,59.28162968,3.647257577,Diatone,1400,5.1,2.6,Gemfan,Hobbywing,20-30,
69.6094564,1750,15068,0.243001236,7.948119617,8.886867809,70.63388837,3.440292496,Diatone,1400,5.1,2.6,Gemfan,Hobbywing,20-30,
73.7349796,1800,15940,0.280254936,7.902893951,10.69108847,84.49053839,3.316997873,Diatone,1400,5.1,2.6,Gemfan,Hobbywing,20-30,
77.86086,1850,16781,0.312600389,7.854819707,12.51254416,98.28377846,3.180589858,Diatone,1400,5.1,2.6,Gemfan,Hobbywing,20-30,
0.3035522,1000,0,-0.000158138,12.06447989,0.007064275,0.085226801,,Lumenier,1700,6,3.5,HQProp,Lumenier,35-40,
9.593317,1200,3646,0.034955437,12.05347538,0.399871599,4.819842478,7.252402432,Lumenier,1700,6,3.5,HQProp,Lumenier,35-40,
13.7310216,1250,4489,0.053474349,12.04474695,0.623783512,7.513314557,7.117278018,Lumenier,1700,6,3.5,HQProp,Lumenier,35-40,
17.8813136,1300,5301,0.075774691,12.03322157,0.91069424,10.95858558,6.914641514,Lumenier,1700,6,3.5,HQProp,Lumenier,35-40,
21.791921,1325,5678,0.086685224,12.02462091,1.053023633,12.66220999,6.84597899,Lumenier,1700,6,3.5,HQProp,Lumenier,35-40,
25.6791242,1350,6063,0.097885647,12.01590412,1.218748564,14.64436589,6.684184751,Lumenier,1700,6,3.5,HQProp,Lumenier,35-40,
29.5566608,1375,6422,0.111391617,12.00570687,1.40681752,16.88983876,6.59518536,Lumenier,1700,6,3.5,HQProp,Lumenier,35-40,
33.4289984,1400,6752,0.131698878,11.99426729,1.633483002,19.59243173,6.721926097,Lumenier,1700,6,3.5,HQProp,Lumenier,35-40,
37.3184344,1425,7087,0.141755729,11.98223885,1.830331984,21.931475,6.463574812,Lumenier,1700,6,3.5,HQProp,Lumenier,35-40,
41.233527,1450,7395,0.159086332,11.96990302,2.060674608,24.6660752,6.449600534,Lumenier,1700,6,3.5,HQProp,Lumenier,35-40,
45.1317512,1475,7697,0.176049033,11.953835,2.335564345,27.91895081,6.305718085,Lumenier,1700,6,3.5,HQProp,Lumenier,35-40,
49.0082614,1500,7974,0.189967492,11.93918552,2.555901507,30.51538225,6.225302726,Lumenier,1700,6,3.5,HQProp,Lumenier,35-40,
53.6572594,1600,9268,0.257312251,11.8861201,3.832721169,45.55618414,5.648239763,Lumenier,1700,6,3.5,HQProp,Lumenier,35-40,
58.2840992,1700,10636,0.349541671,11.80951115,5.753731115,67.94875175,5.144195618,Lumenier,1700,6,3.5,HQProp,Lumenier,35-40,
0.299369,1000,0,0.000572354,11.96667387,0.009567168,0.114487175,,T-motor,3550,5,3.7,Lumenier,T-motor,30,
9.5743564,1200,6780,0.069155755,11.92315071,1.105882098,13.18559892,5.244794336,T-motor,3550,5,3.7,Lumenier,T-motor,30,
14.2262264,1300,8938,0.125313226,11.86476379,2.292199143,27.19640138,4.607713494,T-motor,3550,5,3.7,Lumenier,T-motor,30,
18.3505458,1350,9802,0.152116655,11.82345028,2.996421294,35.42803819,4.293679882,T-motor,3550,5,3.7,Lumenier,T-motor,30,
22.4768128,1400,10690,0.18164007,11.77365223,3.897445177,45.88716412,3.958406975,T-motor,3550,5,3.7,Lumenier,T-motor,30,
26.6277468,1450,11483,0.212272311,11.71150767,4.939039572,57.84359982,3.66976314,T-motor,3550,5,3.7,Lumenier,T-motor,30,
30.7775384,1500,12094,0.23767939,11.65014413,5.998283859,69.88087147,3.401208149,T-motor,3550,5,3.7,Lumenier,T-motor,30,
34.9272286,1550,12757,0.266514366,11.58165598,7.166246586,82.99700261,3.211132424,T-motor,3550,5,3.7,Lumenier,T-motor,30,
39.0531418,1600,13375,0.299325191,11.50009946,8.573438449,98.59539484,3.035894238,T-motor,3550,5,3.7,Lumenier,T-motor,30,
43.2034018,1650,14119,0.329102544,11.41025251,10.19036653,116.2746553,2.830389337,T-motor,3550,5,3.7,Lumenier,T-motor,30,
47.3298864,1700,14857,0.360670304,11.30758929,12.10050723,136.8275659,2.635947673,T-motor,3550,5,3.7,Lumenier,T-motor,30,
0.3010332,1000,0,0.000430992,7.784027965,0.009857689,0.076732529,,FlashHobby,3100,6,4,Master Airscrew,Hobbywing,20-30,
9.5765034,1200,3617,0.028289261,7.77692704,0.354228464,2.754808919,10.26904647,FlashHobby,3100,6,4,Master Airscrew,Hobbywing,20-30,
13.7019882,1250,4355,0.041228574,7.770603592,0.566749278,4.403983979,9.36165388,FlashHobby,3100,6,4,Master Airscrew,Hobbywing,20-30,
17.852215,1300,5055,0.05525813,7.763771051,0.854068874,6.630795201,8.333560063,FlashHobby,3100,6,4,Master Airscrew,Hobbywing,20-30,
21.752218,1325,5395,0.06344824,7.759233117,1.011860554,7.851261922,8.081279215,FlashHobby,3100,6,4,Master Airscrew,Hobbywing,20-30,
25.6523654,1350,5718,0.070758162,7.753718997,1.189904463,9.226184842,7.669276473,FlashHobby,3100,6,4,Master Airscrew,Hobbywing,20-30,
29.5169328,1375,6020,0.077683659,7.748608158,1.377517478,10.67384317,7.277946495,FlashHobby,3100,6,4,Master Airscrew,Hobbywing,20-30,
33.3776042,1400,6296,0.085644232,7.742767998,1.573797336,12.18554765,7.028344894,FlashHobby,3100,6,4,Master Airscrew,Hobbywing,20-30,
37.2527316,1425,6552,0.093383267,7.735864518,1.781031045,13.77781487,6.777799555,FlashHobby,3100,6,4,Master Airscrew,Hobbywing,20-30,
41.1521366,1450,6808,0.1010297,7.729118075,2.001098682,15.466728,6.532066748,FlashHobby,3100,6,4,Master Airscrew,Hobbywing,20-30,
45.0274616,1475,7062,0.106490086,7.722031515,2.235228506,17.26050497,6.169581128,FlashHobby,3100,6,4,Master Airscrew,Hobbywing,20-30,
48.9049646,1500,7288,0.114630446,7.713134716,2.504134145,19.31472401,5.93487364,FlashHobby,3100,6,4,Master Airscrew,Hobbywing,20-30,
53.02876,1550,7789,0.134651192,7.69793266,3.084856708,23.7470192,5.670235525,FlashHobby,3100,6,4,Master Airscrew,Hobbywing,20-30,
57.152909,1600,8303,0.150739012,7.680230677,3.744539351,28.758926,5.241468741,FlashHobby,3100,6,4,Master Airscrew,Hobbywing,20-30,
61.279069,1650,8811,0.170660351,7.657556296,4.520909099,34.61911594,4.929656532,FlashHobby,3100,6,4,Master Airscrew,Hobbywing,20-30,
65.408023,1700,9357,0.190209467,7.63321622,5.426236966,41.41964002,4.592253014,FlashHobby,3100,6,4,Master Airscrew,Hobbywing,20-30,
69.5557682,1750,9904,0.213735092,7.604091157,6.46538873,49.16340527,4.347442803,FlashHobby,3100,6,4,Master Airscrew,Hobbywing,20-30,
73.6825212,1800,10431,0.236509869,7.572933015,7.584245562,57.43498361,4.117871272,FlashHobby,3100,6,4,Master Airscrew,Hobbywing,20-30,
77.8063584,1850,10919,0.25844582,7.536074033,8.805058722,66.35557439,3.894862228,FlashHobby,3100,6,4,Master Airscrew,Hobbywing,20-30,
0.2978044,1000,0,3.61E-05,22.56570577,0.032094984,0.724245963,,FL,650-700,15,,,Hobbywing,45-60,
8.6940772,1475,2575,0.184067872,22.53928128,2.333119112,52.58682793,3.500265744,FL,650-700,15,,,Hobbywing,45-60,
12.6209142,1502,2762,0.203627929,22.53260427,2.75347485,62.04295917,3.282047336,FL,650-700,15,,,Hobbywing,45-60,
16.5726024,1530,2928,0.24829165,22.52598138,3.417356103,76.97929993,3.225433984,FL,650-700,15,,,Hobbywing,45-60,
20.4978042,1557,3096,0.272959453,22.51861345,3.957590156,89.1194429,3.06284963,FL,650-700,15,,,Hobbywing,45-60,
24.459139,1585,3276,0.312450874,22.50799403,4.728421152,106.4272751,2.935815783,FL,650-700,15,,,Hobbywing,45-60,
28.4382708,1612,3435,0.335089336,22.50107687,5.327061173,119.8646129,2.795565159,FL,650-700,15,,,Hobbywing,45-60,
32.4646346,1640,3581,0.375532699,22.48980704,6.192588543,139.2701214,2.696434063,FL,650-700,15,,,Hobbywing,45-60,
36.4759206,1667,3782,0.421013338,22.47532747,7.25489209,163.0560755,2.582015647,FL,650-700,15,,,Hobbywing,45-60,
40.4741232,1695,3951,0.448085003,22.46339144,8.099470515,181.9415767,2.462796084,FL,650-700,15,,,Hobbywing,45-60,
44.4871046,1722,4050,0.474675884,22.4556304,8.748229458,196.4470074,2.416304988,FL,650-700,15,,,Hobbywing,45-60,
48.5024126,1750,4129,0.505191345,22.44476929,9.47084673,212.5709698,2.376577316,FL,650-700,15,,,Hobbywing,45-60,
0.2999414,1000,0,-0.000113252,12.38337518,0.021890856,0.271082681,,T-motor,1750,6,4.5,Master Airscrew,T-motor,40-45,
9.57701,1200,3953,0.046816389,12.36070659,0.531110586,6.564902117,7.131315681,T-motor,1750,6,4.5,Master Airscrew,T-motor,40-45,
13.7279512,1250,4883,0.072762428,12.34402315,0.848412543,10.47282407,6.947737064,T-motor,1750,6,4.5,Master Airscrew,T-motor,40-45,
17.8782286,1300,5744,0.100601693,12.3236987,1.20931183,14.90319463,6.750344185,T-motor,1750,6,4.5,Master Airscrew,T-motor,40-45,
21.7778658,1325,6132,0.116664959,12.31001232,1.39665151,17.19279729,6.785688061,T-motor,1750,6,4.5,Master Airscrew,T-motor,40-45,
25.6531862,1350,6522,0.134251019,12.29484922,1.641351623,20.18017073,6.652620557,T-motor,1750,6,4.5,Master Airscrew,T-motor,40-45,
29.5537456,1375,6897,0.147227239,12.28006882,1.838981473,22.58281904,6.519435808,T-motor,1750,6,4.5,Master Airscrew,T-motor,40-45,
33.4290874,1400,7265,0.163722022,12.26250747,2.091512056,25.64718221,6.383626105,T-motor,1750,6,4.5,Master Airscrew,T-motor,40-45,
37.3298676,1425,7598,0.181594098,12.24179229,2.3681923,28.99091824,6.263827041,T-motor,1750,6,4.5,Master Airscrew,T-motor,40-45,
41.2303068,1450,7944,0.198435698,12.22180316,2.658249475,32.48860182,6.107855885,T-motor,1750,6,4.5,Master Airscrew,T-motor,40-45,
45.1047674,1475,8225,0.214584763,12.20277186,2.926414371,35.71036694,6.009032715,T-motor,1750,6,4.5,Master Airscrew,T-motor,40-45,
48.9801974,1500,8545,0.230240233,12.1820221,3.199731485,38.97919966,5.906746045,T-motor,1750,6,4.5,Master Airscrew,T-motor,40-45,
53.1051894,1550,9239,0.264064806,12.14084843,3.896307071,47.30447359,5.582237502,T-motor,1750,6,4.5,Master Airscrew,T-motor,40-45,
57.2556978,1600,9889,0.316971642,12.08538911,4.878833498,58.96260124,5.37580831,T-motor,1750,6,4.5,Master Airscrew,T-motor,40-45,
61.406071,1650,10597,0.369951881,12.02152871,5.991892797,72.0317113,5.135958519,T-motor,1750,6,4.5,Master Airscrew,T-motor,40-45,
65.5572212,1700,11457,0.413410341,11.9451271,7.25173219,86.62286272,4.772531495,T-motor,1750,6,4.5,Master Airscrew,T-motor,40-45,
69.682258,1750,12115,0.468089239,11.86857188,8.567005519,101.6781208,4.603637789,T-motor,1750,6,4.5,Master Airscrew,T-motor,40-45,
73.8078938,1800,12834,0.518958211,11.78551975,9.998022788,117.831895,4.404225279,T-motor,1750,6,4.5,Master Airscrew,T-motor,40-45,
0.295765,1000,0,0.000285373,12.15162069,0.007278937,0.088450878,,Lumenier,1700,6,4.5,Master Airscrew,Lumenier,45-50,
9.5851338,1200,3652,0.040446941,12.13966865,0.421899582,5.121721127,7.897138389,Lumenier,1700,6,4.5,Master Airscrew,Lumenier,45-50,
13.7444618,1250,4483,0.062017025,12.13008222,0.659553202,8.000434566,7.751707107,Lumenier,1700,6,4.5,Master Airscrew,Lumenier,45-50,
17.8918766,1300,5295,0.086066388,12.11792138,0.968111049,11.73149358,7.336353806,Lumenier,1700,6,4.5,Master Airscrew,Lumenier,45-50,
21.8064854,1325,5674,0.098160841,12.10908265,1.121410643,13.57925417,7.228735818,Lumenier,1700,6,4.5,Master Airscrew,Lumenier,45-50,
25.721821,1350,6049,0.11011064,12.09992836,1.290718845,15.61760555,7.050417557,Lumenier,1700,6,4.5,Master Airscrew,Lumenier,45-50,
29.6009304,1375,6410,0.125846752,12.08912209,1.506125717,18.20773768,6.911718225,Lumenier,1700,6,4.5,Master Airscrew,Lumenier,45-50,
33.5002192,1400,6740,0.141212818,12.07692433,1.71450856,20.70599013,6.819901739,Lumenier,1700,6,4.5,Master Airscrew,Lumenier,45-50,
37.3742142,1425,7080,0.15550264,12.06408686,1.932599079,23.31504316,6.669626928,Lumenier,1700,6,4.5,Master Airscrew,Lumenier,45-50,
41.2752966,1450,7401,0.166437067,12.05211397,2.126396664,25.62757494,6.49445245,Lumenier,1700,6,4.5,Master Airscrew,Lumenier,45-50,
45.1899728,1475,7700,0.183138899,12.03787174,2.394648737,28.82647435,6.353149441,Lumenier,1700,6,4.5,Master Airscrew,Lumenier,45-50,
49.0762212,1500,7965,0.198550322,12.02360749,2.620611177,31.50920018,6.301344393,Lumenier,1700,6,4.5,Master Airscrew,Lumenier,45-50,
53.7392948,1600,9273,0.275690297,11.96852482,3.997429324,47.84333207,5.76235569,Lumenier,1700,6,4.5,Master Airscrew,Lumenier,45-50,
58.4255706,1700,10671,0.363597025,11.88668906,5.934849661,70.54571252,5.154062697,Lumenier,1700,6,4.5,Master Airscrew,Lumenier,45-50,
0.2880252,1000,0,5.47E-05,7.97961098,0.724449209,5.780822863,,T-Motor,3000,5,3,HQProp,T-Motor,30,
9.459925,1200,4329,0.012761626,7.983171553,0.422452813,3.372513278,3.78401071,T-Motor,3000,5,3,HQProp,T-Motor,30,
13.5652924,1250,5336,0.021497715,7.979354993,0.59580999,4.754179415,4.521856121,T-Motor,3000,5,3,HQProp,T-Motor,30,
17.6920116,1300,6281,0.030546776,7.974837189,0.813194581,6.485094389,4.710305538,T-Motor,3000,5,3,HQProp,T-Motor,30,
21.5469628,1325,6720,0.035522256,7.971184794,0.926786205,7.387584108,4.808372531,T-Motor,3000,5,3,HQProp,T-Motor,30,
25.4197946,1350,7135,0.040516223,7.968102698,1.04510588,8.327510981,4.865346056,T-Motor,3000,5,3,HQProp,T-Motor,30,
29.2770422,1375,7559,0.045844203,7.963800777,1.180821256,9.403825235,4.875059031,T-Motor,3000,5,3,HQProp,T-Motor,30,
33.1459816,1400,7978,0.051389543,7.960436578,1.310322902,10.43074236,4.926738778,T-Motor,3000,5,3,HQProp,T-Motor,30,
37.0226616,1425,8377,0.057205265,7.95632701,1.461637858,11.62926877,4.919076655,T-Motor,3000,5,3,HQProp,T-Motor,30,
40.8944052,1450,8780,0.062909071,7.951651958,1.610987807,12.81001435,4.910928967,T-Motor,3000,5,3,HQProp,T-Motor,30,
44.760393,1475,9176,0.069429825,7.94657666,1.781878525,14.1598343,4.903293635,T-Motor,3000,5,3,HQProp,T-Motor,30,
48.6140472,1500,9548,0.07545682,7.941822087,1.945393315,15.4499676,4.883946812,T-Motor,3000,5,3,HQProp,T-Motor,30,
52.746713,1550,10251,0.088730308,7.933718428,2.316901185,18.38164163,4.827115533,T-Motor,3000,5,3,HQProp,T-Motor,30,
56.894044,1600,10973,0.103450429,7.922497923,2.697172267,21.36834169,4.84129423,T-Motor,3000,5,3,HQProp,T-Motor,30,
61.0255776,1650,11884,0.121628296,7.907906006,3.290003301,26.01703686,4.674948077,T-Motor,3000,5,3,HQProp,T-Motor,30,
65.124231,1700,12756,0.142973724,7.891063769,3.979652101,31.40368851,4.552768493,T-Motor,3000,5,3,HQProp,T-Motor,30,
69.25198,1750,13700,0.166448154,7.869186733,4.876997803,38.37800641,4.337071391,T-Motor,3000,5,3,HQProp,T-Motor,30,
73.3771822,1800,14646,0.190669833,7.846418954,5.773859572,45.30412119,4.208664204,T-Motor,3000,5,3,HQProp,T-Motor,30,
77.5033082,1850,15569,0.220788953,7.818398148,6.82508061,53.3611976,4.137631144,T-Motor,3000,5,3,HQProp,T-Motor,30,
0.2837624,1000,0,-0.00030506,7.967316107,0.023374057,0.1862285,,T-Motor,3000,5.1,2.6,Gemfan,T-Motor,30,
9.4558434,1200,4331,0.016164394,7.960256997,0.415207746,3.305160366,4.890653324,T-Motor,3000,5.1,2.6,Gemfan,T-Motor,30,
13.5399512,1250,5315,0.025541944,7.956282134,0.593918621,4.72538411,5.405263036,T-Motor,3000,5.1,2.6,Gemfan,T-Motor,30,
17.6342158,1300,6229,0.035489839,7.951006939,0.828222496,6.585202816,5.389331209,T-Motor,3000,5.1,2.6,Gemfan,T-Motor,30,
21.4711814,1325,6656,0.04156029,7.947615963,0.950790481,7.5565176,5.499926281,T-Motor,3000,5.1,2.6,Gemfan,T-Motor,30,
25.3160874,1350,7054,0.045849565,7.943942583,1.075650071,8.544902402,5.36572134,T-Motor,3000,5.1,2.6,Gemfan,T-Motor,30,
29.207701,1375,7447,0.053001372,7.940121945,1.216466659,9.658893612,5.487312903,T-Motor,3000,5.1,2.6,Gemfan,T-Motor,30,
33.0506078,1400,7846,0.059325547,7.936000398,1.374331435,10.90669482,5.439369846,T-Motor,3000,5.1,2.6,Gemfan,T-Motor,30,
36.9089302,1425,8215,0.066104178,7.931558303,1.532326754,12.15373899,5.438999294,T-Motor,3000,5.1,2.6,Gemfan,T-Motor,30,
40.772536,1450,8614,0.07268245,7.92660361,1.696424782,13.4468868,5.405150721,T-Motor,3000,5.1,2.6,Gemfan,T-Motor,30,
44.6337646,1475,8955,0.079155371,7.921409684,1.869687813,14.81056315,5.344521343,T-Motor,3000,5.1,2.6,Gemfan,T-Motor,30,
48.5195506,1500,9280,0.084886019,7.916418362,2.036147412,16.11899476,5.266210479,T-Motor,3000,5.1,2.6,Gemfan,T-Motor,30,
52.6206504,1550,9889,0.098880549,7.906744202,2.423341686,19.16074282,5.160580151,T-Motor,3000,5.1,2.6,Gemfan,T-Motor,30,
56.7223522,1600,10700,0.113763458,7.894852403,2.904046178,22.92701595,4.961982766,T-Motor,3000,5.1,2.6,Gemfan,T-Motor,30,
60.834727,1650,11571,0.136903107,7.878213916,3.581564566,28.21633181,4.851910171,T-Motor,3000,5.1,2.6,Gemfan,T-Motor,30,
64.9391698,1700,12425,0.159431181,7.8598141,4.359940245,34.26831981,4.652436464,T-Motor,3000,5.1,2.6,Gemfan,T-Motor,30,
69.0862916,1750,13353,0.183116229,7.835863594,5.251012628,41.14621868,4.450378071,T-Motor,3000,5.1,2.6,Gemfan,T-Motor,30,
73.2346068,1800,14247,0.20662381,7.811654626,6.233765329,48.69602177,4.243135323,T-Motor,3000,5.1,2.6,Gemfan,T-Motor,30,
77.360555,1850,15089,0.23982334,7.781254616,7.406189706,57.62944784,4.161472113,T-Motor,3000,5.1,2.6,Gemfan,T-Motor,30,
0,1000,0,0,24.41,0,0,,Vector Technics,430,,,T-Motor,Hobbywing,80,
2,1100,0,0,24.41,0,0,,Vector Technics,430,,,T-Motor,Hobbywing,80,
4,1200,1387.035329,0.282461391,24.38,0.64,15.6032,18.10278603,Vector Technics,430,,,T-Motor,Hobbywing,80,
6,1300,2407.950627,0.863699632,24.32,2.27,55.2064,15.64491857,Vector Technics,430,,,T-Motor,Hobbywing,80,
8,1400,3403.27381,1.821213156,24.17,5.77,139.4609,13.05895169,Vector Technics,430,,,T-Motor,Hobbywing,80,
10,1500,4286.297265,2.91332922,23.92,11.3,270.296,10.77829202,Vector Technics,430,,,T-Motor,Hobbywing,80,
12,1600,4934.312532,3.864724447,23.61,17.76,419.3136,9.216787739,Vector Technics,430,,,T-Motor,Hobbywing,80,
14,1700,5494.378776,4.756976134,23.14,27.64,639.5896,7.437544534,Vector Technics,430,,,T-Motor,Hobbywing,80,
16,1800,6033.914033,5.647188387,22.63,38.76,877.1388,6.438192436,Vector Technics,430,,,T-Motor,Hobbywing,80,
18,1900,6384.659697,6.354871439,22.06,50.87,1122.1922,5.662908225,Vector Technics,430,,,T-Motor,Hobbywing,80,
20,2000,6403.662797,6.543518939,21.77,55.57,1209.7589,5.408944657,Vector Technics,430,,,T-Motor,Hobbywing,80,
0.3013634,1000,0,-0.000270928,12.36273342,0.042599816,0.526650172,,T-motor,2850,6,3,Gemfan,T-motor,45,
9.5777576,1200,5354,0.073727299,12.32903776,0.869929014,10.72538767,6.874091732,T-motor,2850,6,3,Gemfan,T-motor,45,
13.7017252,1250,6251,0.099918321,12.30610124,1.294733845,15.93312578,6.271106027,T-motor,2850,6,3,Gemfan,T-motor,45,
17.8515864,1300,7131,0.132512367,12.27446464,1.871661204,22.97363926,5.768018112,T-motor,2850,6,3,Gemfan,T-motor,45,
21.9762766,1350,7924,0.167819218,12.23386193,2.583021329,31.60032631,5.310679916,T-motor,2850,6,3,Gemfan,T-motor,45,
26.1273776,1400,8673,0.201793902,12.18782973,3.374001035,41.12175011,4.907230383,T-motor,2850,6,3,Gemfan,T-motor,45,
30.7775424,1500,9950,0.270543529,12.0830311,5.48298374,66.25106308,4.083610389,T-motor,2850,6,3,Gemfan,T-motor,45,
35.404087,1600,11252,0.346436989,11.94671461,8.003020028,95.60979627,3.623446581,T-motor,2850,6,3,Gemfan,T-motor,45,
40.054141,1700,12358,0.428607908,11.77158865,11.32871927,133.3570233,3.213988269,T-motor,2850,6,3,Gemfan,T-motor,45,
0.2805198,1000,0,-0.000868492,7.875548273,0.035277647,0.277830815,,T-motor,3550,5.1,3,Gemfan,T-motor,35,
9.4046562,1200,4778,0.02510519,7.86519029,0.58908771,4.63328694,5.418440575,T-motor,3550,5.1,3,Gemfan,T-motor,35,
13.4706268,1250,5774,0.036389947,7.859629733,0.868083227,6.822812746,5.333569624,T-motor,3550,5.1,3,Gemfan,T-motor,35,
17.5589494,1300,6631,0.050989151,7.851810273,1.219244402,9.573275723,5.326196872,T-motor,3550,5.1,3,Gemfan,T-motor,35,
21.4109628,1325,7027,0.058619416,7.846558746,1.398202673,10.97107941,5.343085587,T-motor,3550,5.1,3,Gemfan,T-motor,35,
25.2668024,1350,7402,0.066470378,7.840601532,1.570110408,12.31061007,5.399438216,T-motor,3550,5.1,3,Gemfan,T-motor,35,
29.1313036,1375,7789,0.073444324,7.834516359,1.772777611,13.88885519,5.288004179,T-motor,3550,5.1,3,Gemfan,T-motor,35,
32.9651084,1400,8125,0.080461241,7.828736685,1.989602878,15.57607704,5.16569356,T-motor,3550,5.1,3,Gemfan,T-motor,35,
36.8173708,1425,8461,0.086276511,7.822669667,2.213923075,17.31878888,4.981671129,T-motor,3550,5.1,3,Gemfan,T-motor,35,
40.6569046,1450,8764,0.091938552,7.816106306,2.442801057,19.09319275,4.815252896,T-motor,3550,5.1,3,Gemfan,T-motor,35,
44.4997862,1475,9070,0.097969919,7.810372557,2.641070185,20.62774209,4.749425265,T-motor,3550,5.1,3,Gemfan,T-motor,35,
48.3573886,1500,9339,0.10588832,7.803590278,2.878245336,22.46064732,4.714393089,T-motor,3550,5.1,3,Gemfan,T-motor,35,
52.4936496,1550,10057,0.118464367,7.789248063,3.475795312,27.07383191,4.375603983,T-motor,3550,5.1,3,Gemfan,T-motor,35,
56.6135526,1600,10769,0.142668589,7.768657956,4.279721094,33.24768933,4.291082847,T-motor,3550,5.1,3,Gemfan,T-motor,35,
60.7263642,1650,11590,0.168923854,7.744115585,5.345056404,41.3927346,4.081002505,T-motor,3550,5.1,3,Gemfan,T-motor,35,
64.8644024,1700,12418,0.198397865,7.716129664,6.478327147,49.98761228,3.968940615,T-motor,3550,5.1,3,Gemfan,T-motor,35,
69.0049824,1750,13284,0.23365355,7.682042736,7.93414433,60.95043582,3.833500888,T-motor,3550,5.1,3,Gemfan,T-motor,35,
73.134017,1800,14332,0.268859254,7.641179492,9.555693478,73.01676904,3.682157638,T-motor,3550,5.1,3,Gemfan,T-motor,35,
77.2846198,1850,15222,0.306744764,7.59577607,11.37335783,86.38947927,3.550718979,T-motor,3550,5.1,3,Gemfan,T-motor,35,
0.3040014,1000,0,-6.45E-05,12.29550354,0.007367243,0.090583957,6.724156,Lumenier Zip V2 2407,1700,6,3,Gemfan,hobby wing,25,
9.5547286,1200,3740,0.031445942,12.28361086,0.396834665,4.874562598,6.451028479,Lumenier Zip V2 2408,1700,6,3,Gemfan,hobby wing,25,
13.7060014,1250,4610,0.049631575,12.27505742,0.613074161,7.525520528,6.595101898,Lumenier Zip V2 2409,1700,6,3,Gemfan,hobby wing,25,
17.8562112,1300,5433,0.072397955,12.26324213,0.889964615,10.91385156,6.633584392,Lumenier Zip V2 2410,1700,6,3,Gemfan,hobby wing,25,
21.9807694,1350,6223,0.097325775,12.247386,1.223449274,14.9840555,6.495289247,Lumenier Zip V2 2411,1700,6,3,Gemfan,hobby wing,25,
26.106754,1400,6954,0.123299271,12.2301832,1.592815933,19.48043066,6.329391419,Lumenier Zip V2 2412,1700,6,3,Gemfan,hobby wing,25,
30.7578406,1500,8301,0.181579056,12.1923827,2.5138128,30.64936768,5.924398116,Lumenier Zip V2 2413,1700,6,3,Gemfan,hobby wing,25,
35.3826316,1600,9570,0.250415085,12.14013789,3.723786481,45.20728136,5.539264417,Lumenier Zip V2 2414,1700,6,3,Gemfan,hobby wing,25,
40.0077828,1700,11016,0.336221796,12.06522234,5.498662393,66.34258434,5.067963497,Lumenier Zip V2 2415,1700,6,3,Gemfan,hobby wing,25,
0.2806292,1000,0,0.00016296,7.740813598,0.013946272,0.107955489,,T-Motor,2800,6,2.6,Gemfan LR,Hobbywing,25-30,
9.5512782,1200,3853,0.020741532,7.735243665,0.330732147,2.558293742,8.107564878,T-Motor,2800,6,2.6,Gemfan LR,Hobbywing,25-30,
13.6966904,1250,4675,0.030840996,7.730165855,0.497003852,3.841922207,8.027491051,T-Motor,2800,6,2.6,Gemfan LR,Hobbywing,25-30,
17.7872456,1300,5418,0.042913136,7.725044822,0.724417921,5.59616091,7.668316946,T-Motor,2800,6,2.6,Gemfan LR,Hobbywing,25-30,
21.6514666,1325,5747,0.049345119,7.721946343,0.867617175,6.699693269,7.365280393,T-Motor,2800,6,2.6,Gemfan LR,Hobbywing,25-30,
25.5267816,1350,6114,0.055051783,7.717765223,0.988453898,7.628655118,7.216446736,T-Motor,2800,6,2.6,Gemfan LR,Hobbywing,25-30,
29.4017124,1375,6433,0.061236957,7.713760668,1.131549032,8.728498415,7.015749346,T-Motor,2800,6,2.6,Gemfan LR,Hobbywing,25-30,
33.3022256,1400,6720,0.067866785,7.709562081,1.277906509,9.852099565,6.888560603,T-Motor,2800,6,2.6,Gemfan LR,Hobbywing,25-30,
37.1770112,1425,6968,0.073982432,7.705254368,1.405804735,10.83208308,6.8299358,T-Motor,2800,6,2.6,Gemfan LR,Hobbywing,25-30,
41.077163,1450,7186,0.079467763,7.700740455,1.541330044,11.86938263,6.695189253,T-Motor,2800,6,2.6,Gemfan LR,Hobbywing,25-30,
44.9769334,1475,7502,0.084851147,7.696012103,1.697446003,13.06356498,6.495252052,T-Motor,2800,6,2.6,Gemfan LR,Hobbywing,25-30,
48.852111,1500,7788,0.092424767,7.689352188,1.880729145,14.46158876,6.391052086,T-Motor,2800,6,2.6,Gemfan LR,Hobbywing,25-30,
53.002523,1550,8376,0.107307633,7.678398884,2.305242775,17.70057355,6.062381685,T-Motor,2800,6,2.6,Gemfan LR,Hobbywing,25-30,
57.12764,1600,8962,0.12633794,7.662432542,2.823043047,21.63137691,5.840494589,T-Motor,2800,6,2.6,Gemfan LR,Hobbywing,25-30,
61.273151,1650,9583,0.145399621,7.646378633,3.40978538,26.07251008,5.576740446,T-Motor,2800,6,2.6,Gemfan LR,Hobbywing,25-30,
65.402546,1700,10203,0.167525023,7.626638801,4.114686674,31.38122905,5.338383094,T-Motor,2800,6,2.6,Gemfan LR,Hobbywing,25-30,
69.5294202,1750,10854,0.191030541,7.605092498,4.918267139,37.40387652,5.107239122,T-Motor,2800,6,2.6,Gemfan LR,Hobbywing,25-30,
73.6826134,1800,11469,0.216389134,7.579488155,5.872325615,44.50922245,4.861669615,T-Motor,2800,6,2.6,Gemfan LR,Hobbywing,25-30,
77.8030182,1850,12100,0.24164896,7.551413372,6.87000224,51.87822678,4.658003466,T-Motor,2800,6,2.6,Gemfan LR,Hobbywing,25-30,
0.2800832,1000,0,6.82E-05,7.598649574,0.038323708,0.291208428,,T-motor,3150,5,3,iFlight,T-motor,25-30,
9.4506944,1200,4393,0.030389849,7.587266161,0.670998104,5.091041206,5.969279744,T-motor,3150,5,3,iFlight,T-motor,25-30,
13.5313114,1250,5192,0.04646032,7.580301602,1.028295902,7.794793075,5.960430232,T-motor,3150,5,3,iFlight,T-motor,25-30,
17.6360884,1300,5917,0.060507985,7.57121116,1.41104089,10.68328853,5.663797722,T-motor,3150,5,3,iFlight,T-motor,25-30,
21.4804318,1325,6245,0.067631122,7.566151657,1.601152401,12.11456189,5.582630447,T-motor,3150,5,3,iFlight,T-motor,25-30,
25.3221886,1350,6499,0.073612482,7.559924076,1.794903977,13.56933779,5.424913333,T-motor,3150,5,3,iFlight,T-motor,25-30,
29.1761394,1375,6732,0.080993676,7.554014788,2.004772318,15.14407974,5.348207209,T-motor,3150,5,3,iFlight,T-motor,25-30,
33.022458,1400,6925,0.089203398,7.546798736,2.257258574,17.03507615,5.236454284,T-motor,3150,5,3,iFlight,T-motor,25-30,
36.8827298,1425,7221,0.094802453,7.538715753,2.506863016,18.89852771,5.016393564,T-motor,3150,5,3,iFlight,T-motor,25-30,
40.7308692,1450,7502,0.102770094,7.53037757,2.786468092,20.98315682,4.897742288,T-motor,3150,5,3,iFlight,T-motor,25-30,
44.5819724,1475,7805,0.110737145,7.521711005,3.087318503,23.22191756,4.768647765,T-motor,3150,5,3,iFlight,T-motor,25-30,
48.4290474,1500,8047,0.118902914,7.512481186,3.437411182,25.82348684,4.604448436,T-motor,3150,5,3,iFlight,T-motor,25-30,
52.5386924,1550,8648,0.13878357,7.492493387,4.229230379,31.68748065,4.379760303,T-motor,3150,5,3,iFlight,T-motor,25-30,
56.6350482,1600,9250,0.156205372,7.468305735,5.168215839,38.59781599,4.047000264,T-motor,3150,5,3,iFlight,T-motor,25-30,
60.7343982,1650,9966,0.177720988,7.441786414,6.259303747,46.58040158,3.815359726,T-motor,3150,5,3,iFlight,T-motor,25-30,
64.8400994,1700,10701,0.207384336,7.40720398,7.603712021,56.32224595,3.682103454,T-motor,3150,5,3,iFlight,T-motor,25-30,
68.9593868,1750,11418,0.244273712,7.362809534,9.410242009,69.28581957,3.525594607,T-motor,3150,5,3,iFlight,T-motor,25-30,
73.0842602,1800,12191,0.281558907,7.312048395,11.34555131,82.95922028,3.393943502,T-motor,3150,5,3,iFlight,T-motor,25-30,
77.2356978,1850,12963,0.322937345,7.254968918,13.62013222,98.81363594,3.268145552,T-motor,3150,5,3,iFlight,T-motor,25-30,
0.3020276,1000,0,0.000584995,12.14578383,0.021947517,0.266569793,,EMAX,1900,6,4,Lumenier,EMAX,45,
9.5778102,1200,4333,0.043313289,12.12710551,0.531443071,6.44486619,6.720587789,EMAX,1900,6,4,Lumenier,EMAX,45,
13.7277086,1250,5313,0.066707554,12.11255794,0.816204633,9.886325905,6.747456495,EMAX,1900,6,4,Lumenier,EMAX,45,
17.8781294,1300,6190,0.096167465,12.09415313,1.172926021,14.18554691,6.779256756,EMAX,1900,6,4,Lumenier,EMAX,45,
21.7799412,1325,6633,0.106468509,12.08229802,1.346212187,16.26533684,6.545730326,EMAX,1900,6,4,Lumenier,EMAX,45,
25.6794022,1350,7036,0.122577792,12.06748241,1.553326429,18.74473935,6.539316962,EMAX,1900,6,4,Lumenier,EMAX,45,
29.5541946,1375,7403,0.137415976,12.05287227,1.772119924,21.3591351,6.433592699,EMAX,1900,6,4,Lumenier,EMAX,45,
33.4543982,1400,7804,0.154039019,12.03790767,2.003146393,24.11369132,6.388031468,EMAX,1900,6,4,Lumenier,EMAX,45,
37.3301154,1425,8197,0.165108433,12.02261249,2.21223245,26.59681347,6.207827593,EMAX,1900,6,4,Lumenier,EMAX,45,
41.205292,1450,8510,0.18497062,12.00431814,2.505097569,30.07198819,6.150927521,EMAX,1900,6,4,Lumenier,EMAX,45,
45.1055212,1475,8871,0.194618891,11.98777978,2.714860778,32.54515314,5.979965428,EMAX,1900,6,4,Lumenier,EMAX,45,
49.005827,1500,9188,0.209529159,11.96929771,2.969688087,35.5450808,5.89474421,EMAX,1900,6,4,Lumenier,EMAX,45,
53.6565972,1600,10605,0.289054429,11.88996973,4.503988204,53.55228341,5.39761166,EMAX,1900,6,4,Lumenier,EMAX,45,
58.283501,1700,12278,0.385532679,11.77796144,6.716282909,79.10412111,4.873736969,EMAX,1900,6,4,Lumenier,EMAX,45,
0,1000,0,0.000322032,17.11464088,-0.013836886,0.236813335,,T-Motor,1500,6,2,Master Airscrew,Hobbywing,30,
9.2760666,1200,2300,0.010698756,17.1101262,0.064390812,1.101734919,9.710825483,T-Motor,1500,6,2,Master Airscrew,Hobbywing,30,
13.4261574,1250,4008,0.033894402,17.1006116,0.2086384,3.567844246,9.499966799,T-Motor,1500,6,2,Master Airscrew,Hobbywing,30,
17.5759424,1300,5541,0.0655872,17.08506061,0.453834494,7.753789834,8.45872814,T-Motor,1500,6,2,Master Airscrew,Hobbywing,30,
21.4514978,1325,6232,0.082237995,17.07295831,0.621994821,10.61929164,7.744207266,T-Motor,1500,6,2,Master Airscrew,Hobbywing,30,
25.3513516,1350,6830,0.0992827,17.0558175,0.801092092,13.66328052,7.266388195,T-Motor,1500,6,2,Master Airscrew,Hobbywing,30,
29.2266032,1375,7473,0.120856602,17.03782543,1.017584498,17.33742704,6.970849945,T-Motor,1500,6,2,Master Airscrew,Hobbywing,30,
33.1273802,1400,8119,0.139458118,17.01645566,1.268491007,21.58522098,6.46081493,T-Motor,1500,6,2,Master Airscrew,Hobbywing,30,
37.0269238,1425,8751,0.165503774,16.99021887,1.545531375,26.25891633,6.3027648,T-Motor,1500,6,2,Master Airscrew,Hobbywing,30,
40.9049156,1450,9373,0.192142514,16.96180322,1.868897764,31.69987612,6.06130173,T-Motor,1500,6,2,Master Airscrew,Hobbywing,30,
44.7759026,1475,9954,0.216188521,16.93041581,2.204698962,37.32647016,5.791828694,T-Motor,1500,6,2,Master Airscrew,Hobbywing,30,
48.6770078,1500,10534,0.242910721,16.89409194,2.573432398,43.47580352,5.587262364,T-Motor,1500,6,2,Master Airscrew,Hobbywing,30,
52.8273578,1550,11738,0.305002954,16.81705315,3.527833621,59.32776551,5.140981647,T-Motor,1500,6,2,Master Airscrew,Hobbywing,30,
56.976952,1600,12719,0.364102605,16.73192547,4.604843898,77.0479049,4.725665225,T-Motor,1500,6,2,Master Airscrew,Hobbywing,30,
61.1274366,1650,13752,0.424439364,16.62617387,5.880841583,97.77589466,4.340940733,T-Motor,1500,6,2,Master Airscrew,Hobbywing,30,
65.2776322,1700,14657,0.479220311,16.51047197,7.232669092,119.4147803,4.013073676,T-Motor,1500,6,2,Master Airscrew,Hobbywing,30,
0.3450142,1000,0,0.00039511,12.49274677,-0.017180082,0.214626413,,FlashHobby,1400,7,4.2,Gemfan,Hobbywing,30-35,
9.8016922,1200,3032,0.021194986,12.48463398,0.277031891,3.458641765,6.12812421,FlashHobby,1400,7,4.2,Gemfan,Hobbywing,30-35,
14.5469656,1300,4276,0.04110824,12.47007839,0.724001649,9.028357322,4.553235869,FlashHobby,1400,7,4.2,Gemfan,Hobbywing,30-35,
18.7412322,1350,4878,0.054363313,12.45640506,1.084213723,13.50540531,4.025300405,FlashHobby,1400,7,4.2,Gemfan,Hobbywing,30-35,
22.9912646,1400,5405,0.066771344,12.44052371,1.48634914,18.49096171,3.611026039,FlashHobby,1400,7,4.2,Gemfan,Hobbywing,30-35,
27.2562036,1450,5898,0.079499551,12.41771808,1.934820324,24.02605331,3.308889295,FlashHobby,1400,7,4.2,Gemfan,Hobbywing,30-35,
31.49914,1500,6352,0.092853627,12.3945078,2.476704415,30.69753219,3.02479126,FlashHobby,1400,7,4.2,Gemfan,Hobbywing,30-35,
35.7929418,1550,6812,0.106692661,12.36929857,3.040596213,37.61004238,2.836813105,FlashHobby,1400,7,4.2,Gemfan,Hobbywing,30-35,
40.0734588,1600,7210,0.121033501,12.33869934,3.736966821,46.10931006,2.624925449,FlashHobby,1400,7,4.2,Gemfan,Hobbywing,30-35,
44.2794544,1650,7638,0.130796571,12.30611405,4.462950344,54.92157595,2.381515248,FlashHobby,1400,7,4.2,Gemfan,Hobbywing,30-35,
48.465432,1700,7991,0.146883893,12.2681495,5.32086102,65.27711846,2.250158957,FlashHobby,1400,7,4.2,Gemfan,Hobbywing,30-35,
53.1496796,1800,8678,0.17488379,12.19353327,7.238322965,88.2607319,1.981445051,FlashHobby,1400,7,4.2,Gemfan,Hobbywing,30-35,
57.8544494,1900,9100,0.199369748,12.10587447,9.325877095,112.8978975,1.76592968,FlashHobby,1400,7,4.2,Gemfan,Hobbywing,30-35,
0.3372956,1000,0,0.000406562,12.01356231,0.011873756,0.142646108,,T-motor,2850,6,3.5,HQProp,T-motor,55,
9.6519968,1200,5102,0.071814014,11.98795205,0.802400544,9.619139248,7.465742253,T-motor,2850,6,3.5,HQProp,T-motor,55,
13.7806098,1250,6014,0.101486258,11.96855311,1.255996721,15.03246347,6.751139488,T-motor,2850,6,3.5,HQProp,T-motor,55,
17.9281608,1300,6909,0.133428646,11.93867799,1.854681906,22.14245005,6.025920602,T-motor,2850,6,3.5,HQProp,T-motor,55,
22.0537274,1350,7701,0.170643064,11.90434807,2.607686017,31.04280199,5.497025159,T-motor,2850,6,3.5,HQProp,T-motor,55,
26.2157476,1400,8415,0.205491173,11.86261533,3.47063892,41.17085444,4.99118067,T-motor,2850,6,3.5,HQProp,T-motor,55,
30.8587116,1500,9650,0.277477347,11.76899441,5.767949359,67.88296374,4.087584444,T-motor,2850,6,3.5,HQProp,T-motor,55,
35.5091,1600,10857,0.357481272,11.64533169,8.495928012,98.93789975,3.613188403,T-motor,2850,6,3.5,HQProp,T-motor,55,
40.133243,1700,11577,0.414756274,11.49010458,11.94842172,137.2886151,3.021053664,T-motor,2850,6,3.5,HQProp,T-motor,55,
0.2950694,1000,0,2.26E-05,8.391348057,0.021194471,0.177850184,,,1300,5.1,2.6,Gemfan,Gemfan,25,
9.5435366,1200,2146,0.003805418,8.389603485,0.11228618,0.942036528,4.039565738,,1300,5.1,2.6,Gemfan,Gemfan,25,
13.6452142,1250,2688,0.006342075,8.388080516,0.14693684,1.232518042,5.145624426,,1300,5.1,2.6,Gemfan,Gemfan,25,
17.774898,1300,3210,0.008568795,8.387289634,0.189178725,1.586696756,5.40039887,,1300,5.1,2.6,Gemfan,Gemfan,25,
21.6734688,1325,3478,0.009973211,8.38638269,0.214155312,1.795988399,5.5530486,,1300,5.1,2.6,Gemfan,Gemfan,25,
25.5718926,1350,3735,0.012653293,8.385180905,0.24180496,2.027578336,6.240593988,,1300,5.1,2.6,Gemfan,Gemfan,25,
29.4482556,1375,3987,0.014132992,8.384888714,0.271250528,2.274405489,6.213927977,,1300,5.1,2.6,Gemfan,Gemfan,25,
33.2975682,1400,4243,0.015782845,8.384409351,0.295647815,2.478832301,6.367048153,,1300,5.1,2.6,Gemfan,Gemfan,25,
37.1764944,1425,4488,0.017923847,8.382917034,0.329291639,2.760424487,6.493148937,,1300,5.1,2.6,Gemfan,Gemfan,25,
41.0444572,1450,4744,0.019953928,8.381221432,0.371860878,3.116648357,6.402367537,,1300,5.1,2.6,Gemfan,Gemfan,25,
44.9294286,1475,4993,0.023193287,8.379962693,0.405737601,3.400065961,6.821422692,,1300,5.1,2.6,Gemfan,Gemfan,25,
48.8039152,1500,5244,0.026329448,8.378707538,0.444764434,3.726551114,7.065366026,,1300,5.1,2.6,Gemfan,Gemfan,25,
52.9530648,1550,5745,0.031244306,8.376223054,0.527346867,4.417174983,7.073368305,,1300,5.1,2.6,Gemfan,Gemfan,25,
57.1047924,1600,6208,0.037618506,8.371957074,0.629346912,5.268865334,7.139773629,,1300,5.1,2.6,Gemfan,Gemfan,25,
61.2526236,1650,6642,0.043624586,8.36910724,0.738852812,6.183538417,7.054955056,,1300,5.1,2.6,Gemfan,Gemfan,25,
65.3784256,1700,7101,0.049961707,8.36395234,0.867569627,7.256311012,6.88527638,,1300,5.1,2.6,Gemfan,Gemfan,25,
69.5050446,1750,7589,0.058434357,8.359511909,1.011560121,8.45614888,6.910280012,,1300,5.1,2.6,Gemfan,Gemfan,25,
73.6331536,1800,8089,0.066143482,8.354756472,1.176751701,9.83147389,6.727727968,,1300,5.1,2.6,Gemfan,Gemfan,25,
77.7795764,1850,8596,0.075661021,8.349237108,1.347931823,11.2542024,6.722912807,,1300,5.1,2.6,Gemfan,Gemfan,25,
0.3037998,1000,0,-0.000651755,11.83091012,0.022377926,0.264751234,,Lumenier,2250,6,4.2,APC,Hobbywing,50,
9.5782544,1200,4672,0.05808472,11.80945712,0.759483726,8.969090495,6.47609927,Lumenier,2250,6,4.2, APC,Hobbywing,50,
13.7036856,1250,5665,0.090590794,11.7918143,1.191413204,14.04892325,6.448237484,Lumenier,2250,6,4.2,APC,Hobbywing,50,
17.8541308,1300,6555,0.124553764,11.76854517,1.699036431,19.99518698,6.229187269,Lumenier,2250,6,4.2,APC,Hobbywing,50,
21.7553216,1325,6930,0.139729001,11.75251184,1.936678524,22.76083728,6.139009692,Lumenier,2250,6,4.2,APC,Hobbywing,50,
25.6564222,1350,7291,0.1543762,11.73719377,2.194433573,25.75649205,5.993681114,Lumenier,2250,6,4.2,APC,Hobbywing,50,
29.5564964,1375,7614,0.169227743,11.7163618,2.47349759,28.98039268,5.839387516,Lumenier,2250,6,4.2,APC,Hobbywing,50,
33.4577176,1400,7969,0.188784842,11.69634035,2.829398712,33.09361033,5.70457076,Lumenier,2250,6,4.2,APC,Hobbywing,50,
37.331872,1425,8347,0.203971871,11.67607501,3.16715451,36.97993362,5.515744653,Lumenier,2250,6,4.2,APC,Hobbywing,50,
41.2077582,1450,8739,0.218017266,11.65414162,3.518325679,41.00306574,5.317096721,Lumenier,2250,6,4.2,APC,Hobbywing,50,
45.1087026,1475,9059,0.238862399,11.62864919,3.982797942,46.31456005,5.157393252,Lumenier,2250,6,4.2,APC,Hobbywing,50,
49.008373,1500,9376,0.257694162,11.60183908,4.454453122,51.67984829,4.986356777,Lumenier,2250,6,4.2,APC,Hobbywing,50,
53.634537,1600,10847,0.349371216,11.50574236,6.836329883,78.65705033,4.441702481,Lumenier,2250,6,4.2,APC,Hobbywing,50,
58.2579456,1700,12265,0.451901336,11.37231874,10.11787141,115.0636587,3.927402803,Lumenier,2250,6,4.2,APC,Hobbywing,50,
0,1000,0,0,49.78,0,0,,BrotherHobby,2800,6,2.6,APC,Hobbywing,30,
2,1100,0,0,49.79,0,0,,BrotherHobby,2800,6,2.6,APC,Hobbywing,30,
4,1200,1486.634492,0.431339958,49.74,0.54,26.8596,16.05906112,BrotherHobby,2800,6,2.6,APC,Hobbywing,30,
6,1300,2165.684973,0.903468565,49.69,1.38,68.5722,13.17543501,BrotherHobby,2800,6,2.6,APC,Hobbywing,30,
8,1400,2896.779119,1.617269914,49.57,3.28,162.5896,9.946945646,BrotherHobby,2800,6,2.6,APC,Hobbywing,30,
10,1500,3599.98932,2.609453789,49.36,6.56,323.8016,8.058804493,BrotherHobby,2800,6,2.6,APC,Hobbywing,30,
12,1600,4192.141201,3.536375827,49.1,10.71,525.861,6.724925078,BrotherHobby,2800,6,2.6,APC,Hobbywing,30,
14,1700,4682.497581,4.404154324,48.79,15.32,747.4628,5.892138477,BrotherHobby,2800,6,2.6,APC,Hobbywing,30,
16,1800,5142.773676,5.322918632,48.37,21.24,1027.3788,5.181067228,BrotherHobby,2800,6,2.6,APC,Hobbywing,30,
18,1900,5571.4416,6.324279953,47.76,30.35,1449.516,4.36302873,BrotherHobby,2800,6,2.6,APC,Hobbywing,30,
20,2000,5694.818512,6.622037087,47.39,34.69,1643.9591,4.028103307,BrotherHobby,2800,6,2.6,APC,Hobbywing,30,
0.2996478,1000,0,-0.000165253,8.285026347,0.54671598,4.529556301,,FlashHobby,2300,5.1,3,Gemfan,,01-10-2020 00:00,
9.5507354,1200,3486,0.01219165,8.290592492,0.228342678,1.893096092,6.44005882,FlashHobby,2300,5.1,3,Gemfan,,01-10-2020 00:00,
13.6761588,1250,4291,0.019802932,8.287633777,0.351694111,2.914711995,6.794130022,FlashHobby,2300,5.1,3,Gemfan,,01-10-2020 00:00,
17.826021,1300,5072,0.029039794,8.284427801,0.499545515,4.138448752,7.017072376,FlashHobby,2300,5.1,3,Gemfan,,01-10-2020 00:00,
21.7025696,1325,5433,0.033228857,8.282478978,0.591423475,4.898452502,6.783541839,FlashHobby,2300,5.1,3,Gemfan,,01-10-2020 00:00,
25.5761672,1350,5780,0.040103002,8.279400237,0.700778945,5.802029361,6.91189226,FlashHobby,2300,5.1,3,Gemfan,,01-10-2020 00:00,
29.4777074,1375,6128,0.043851014,8.276893977,0.804518841,6.658917149,6.585306993,FlashHobby,2300,5.1,3,Gemfan,,01-10-2020 00:00,
33.3777684,1400,6470,0.049556875,8.27396029,0.924136021,7.64626474,6.48118738,FlashHobby,2300,5.1,3,Gemfan,,01-10-2020 00:00,
37.2528664,1425,6823,0.05427433,8.271230778,1.026975607,8.494352246,6.389460734,FlashHobby,2300,5.1,3,Gemfan,,01-10-2020 00:00,
41.1282014,1450,7147,0.059271758,8.2672942,1.155441007,9.552370732,6.204926449,FlashHobby,2300,5.1,3,Gemfan,,01-10-2020 00:00,
45.0043544,1475,7457,0.065206416,8.263496266,1.284499801,10.61445931,6.143168867,FlashHobby,2300,5.1,3,Gemfan,,01-10-2020 00:00,
48.8798858,1500,7732,0.072609925,8.258975265,1.429394093,11.80533046,6.150605041,FlashHobby,2300,5.1,3,Gemfan,,01-10-2020 00:00,
53.0049772,1550,8255,0.084424525,8.252559804,1.693125514,13.97261956,6.042140071,FlashHobby,2300,5.1,3,Gemfan,,01-10-2020 00:00,
57.1308274,1600,8923,0.097209221,8.242248331,2.027938176,16.71477005,5.815767759,FlashHobby,2300,5.1,3,Gemfan,,01-10-2020 00:00,
61.2558754,1650,9589,0.113967647,8.230266506,2.478714911,20.40048431,5.586516711,FlashHobby,2300,5.1,3,Gemfan,,01-10-2020 00:00,
65.3815554,1700,10273,0.13182715,8.21773787,2.97902398,24.48083818,5.38491164,FlashHobby,2300,5.1,3,Gemfan,,01-10-2020 00:00,
69.5315986,1750,11002,0.151769659,8.20168494,3.586157905,29.41253728,5.160032876,FlashHobby,2300,5.1,3,Gemfan,,01-10-2020 00:00,
73.6821942,1800,11738,0.174289315,8.181343986,4.367845699,35.73484814,4.877292718,FlashHobby,2300,5.1,3,Gemfan,,01-10-2020 00:00,
77.8068144,1850,12377,0.195678232,8.161204536,5.109296268,41.69801188,4.692747294,FlashHobby,2300,5.1,3,Gemfan,,01-10-2020 00:00,
0.290309,1000,0,-6.55E-05,8.180993148,0.021173932,0.173223789,,BrotherHobby,3150,5.1,2.6,Gemfan,Hobbywing,30,
9.4847464,1200,4567,0.018370345,8.174128459,0.41144821,3.363230525,5.462112955,BrotherHobby,3150,5.1,2.6,Gemfan,Hobbywing,30,
13.5824908,1250,5554,0.028862318,8.169396332,0.610155315,4.984600588,5.790297055,BrotherHobby,3150,5.1,2.6,Gemfan,Hobbywing,30,
17.6789466,1300,6454,0.038748793,8.164641114,0.859723632,7.01933491,5.520294062,BrotherHobby,3150,5.1,2.6,Gemfan,Hobbywing,30,
21.508255,1325,6873,0.044003944,8.160871008,0.979463851,7.993278142,5.505118606,BrotherHobby,3150,5.1,2.6,Gemfan,Hobbywing,30,
25.353813,1350,7318,0.048288913,8.156873766,1.106799054,9.028020171,5.34878211,BrotherHobby,3150,5.1,2.6,Gemfan,Hobbywing,30,
29.2237726,1375,7670,0.057361487,8.152640358,1.27166976,10.36746621,5.532835692,BrotherHobby,3150,5.1,2.6,Gemfan,Hobbywing,30,
33.0702776,1400,8080,0.063555879,8.147642753,1.434741393,11.68976031,5.436884723,BrotherHobby,3150,5.1,2.6,Gemfan,Hobbywing,30,
36.9372856,1425,8447,0.070205291,8.142801599,1.606936899,13.08496835,5.365339028,BrotherHobby,3150,5.1,2.6,Gemfan,Hobbywing,30,
40.7772608,1450,8818,0.075967237,8.137667816,1.782267935,14.50350441,5.2378539,BrotherHobby,3150,5.1,2.6,Gemfan,Hobbywing,30,
44.6282498,1475,9189,0.083828018,8.132072409,1.959014188,15.93084523,5.261994347,BrotherHobby,3150,5.1,2.6,Gemfan,Hobbywing,30,
48.501485,1500,9534,0.089667335,8.126696514,2.149741612,17.47029767,5.132559065,BrotherHobby,3150,5.1,2.6,Gemfan,Hobbywing,30,
52.628951,1550,10148,0.101966613,8.116437542,2.53739418,20.59460138,4.951133136,BrotherHobby,3150,5.1,2.6,Gemfan,Hobbywing,30,
56.7337618,1600,10864,0.119716047,8.103301508,3.060104524,24.79694961,4.827853768,BrotherHobby,3150,5.1,2.6,Gemfan,Hobbywing,30,
60.8558204,1650,11746,0.142068005,8.086282046,3.777042226,30.54222874,4.651527111,BrotherHobby,3150,5.1,2.6,Gemfan,Hobbywing,30,
64.9798712,1700,12560,0.163738496,8.066633479,4.546078176,36.67154641,4.465001114,BrotherHobby,3150,5.1,2.6,Gemfan,Hobbywing,30,
69.1063036,1750,13414,0.19034493,8.043180206,5.520619501,44.40333749,4.286725752,BrotherHobby,3150,5.1,2.6,Gemfan,Hobbywing,30,
73.255265,1800,14327,0.215956943,8.013780823,6.582993604,52.7546679,4.093608241,BrotherHobby,3150,5.1,2.6,Gemfan,Hobbywing,30,
77.4055162,1850,15118,0.243652448,7.983239572,7.696264867,61.44112625,3.9656247,BrotherHobby,3150,5.1,2.6,Gemfan,Hobbywing,30,
0.3018804,1000,0,0.000180562,8.255580275,0.073468106,0.606521846,,X-Nova,3100,6,4.5,Master Airscrew (MAS),Hobbywing,30-35,
9.5524864,1200,4009,0.033564062,8.245732748,0.548178159,4.520130597,7.425462856,X-Nova,3100,6,4.5,Master Airscrew (MAS),Hobbywing,30-35,
13.7025408,1250,4767,0.047462496,8.238802064,0.807656604,6.654122899,7.132795237,X-Nova,3100,6,4.5,Master Airscrew (MAS),Hobbywing,30-35,
17.8527782,1300,5401,0.06328203,8.231382014,1.108781127,9.126801029,6.933648495,X-Nova,3100,6,4.5,Master Airscrew (MAS),Hobbywing,30-35,
21.7275364,1325,5719,0.071930786,8.226226001,1.295960601,10.66086479,6.74718114,X-Nova,3100,6,4.5,Master Airscrew (MAS),Hobbywing,30-35,
25.6278372,1350,6090,0.079235567,8.220839916,1.483982525,12.19958278,6.494940725,X-Nova,3100,6,4.5,Master Airscrew (MAS),Hobbywing,30-35,
29.5069078,1375,6352,0.089050502,8.213916383,1.710277329,14.04807498,6.338982505,X-Nova,3100,6,4.5,Master Airscrew (MAS),Hobbywing,30-35,
33.4030662,1400,6634,0.096481285,8.206961053,1.951088333,16.01250596,6.025370718,X-Nova,3100,6,4.5,Master Airscrew (MAS),Hobbywing,30-35,
37.3033038,1425,6923,0.104844429,8.199140131,2.197832938,18.02034024,5.818115944,X-Nova,3100,6,4.5,Master Airscrew (MAS),Hobbywing,30-35,
41.2036902,1450,7207,0.113605672,8.190279566,2.462190151,20.16602568,5.633518159,X-Nova,3100,6,4.5,Master Airscrew (MAS),Hobbywing,30-35,
45.078069,1475,7466,0.120912312,8.181225844,2.733570793,22.36396002,5.406569853,X-Nova,3100,6,4.5,Master Airscrew (MAS),Hobbywing,30-35,
48.9787556,1500,7789,0.130400078,8.173111302,3.002024078,24.53587692,5.314669548,X-Nova,3100,6,4.5,Master Airscrew (MAS),Hobbywing,30-35,
53.1288202,1550,8299,0.152725456,8.15591586,3.707391875,30.2371762,5.050916621,X-Nova,3100,6,4.5,Master Airscrew (MAS),Hobbywing,30-35,
57.279456,1600,8930,0.175033608,8.136201871,4.518759196,36.76553703,4.760806503,X-Nova,3100,6,4.5,Master Airscrew (MAS),Hobbywing,30-35,
61.4312156,1650,9498,0.204805341,8.112400259,5.45388663,44.24411131,4.628985304,X-Nova,3100,6,4.5,Master Airscrew (MAS),Hobbywing,30-35,
65.5544948,1700,10080,0.231360236,8.085412042,6.519615219,52.7137754,4.388990049,X-Nova,3100,6,4.5,Master Airscrew (MAS),Hobbywing,30-35,
69.70405,1750,10717,0.261353396,8.053497933,7.78069916,62.6618446,4.170853854,X-Nova,3100,6,4.5,Master Airscrew (MAS),Hobbywing,30-35,
73.8341518,1800,11364,0.29215459,8.016172423,9.200780349,73.7550417,3.961147375,X-Nova,3100,6,4.5,Master Airscrew (MAS),Hobbywing,30-35,
77.954465,1850,11865,0.32198759,7.974022264,10.69417489,85.27558864,3.775847167,X-Nova,3100,6,4.5,Master Airscrew (MAS),Hobbywing,30-35,
0.2972994,1000,0,0.000220192,12.523914,0.006446719,0.08073815,,,1300,6,3.5,HQProp,,20-25,
9.5748432,1200,3021,0.0244561,12.51349191,0.204862511,2.563545378,9.539951968,,1300,6,3.5,HQProp,,20-25,
13.72707,1250,3689,0.038015714,12.50641547,0.320857991,4.012783339,9.473652241,,1300,6,3.5,HQProp,,20-25,
17.8770944,1300,4295,0.04870469,12.49784789,0.434114029,5.425491104,8.977010386,,1300,6,3.5,HQProp,,20-25,
21.7770482,1325,4605,0.057968448,12.4913358,0.521067187,6.508825201,8.906130671,,1300,6,3.5,HQProp,,20-25,
25.6781852,1350,4933,0.067792671,12.48443441,0.632628867,7.898013602,8.583508991,,1300,6,3.5,HQProp,,20-25,
29.5531194,1375,5242,0.079048431,12.47648024,0.748661717,9.340663118,8.462828549,,1300,6,3.5,HQProp,,20-25,
33.4534502,1400,5559,0.087083439,12.46751995,0.875344459,10.9133745,7.979515346,,1300,6,3.5,HQProp,,20-25,
37.329043,1425,5846,0.096591246,12.4582119,0.995351926,12.40030521,7.789424881,,1300,6,3.5,HQProp,,20-25,
41.2289298,1450,6146,0.107025309,12.44814111,1.148446446,14.29602342,7.486369171,,1300,6,3.5,HQProp,,20-25,
45.1047418,1475,6434,0.119929419,12.43599701,1.301242794,16.18225149,7.41117015,,1300,6,3.5,HQProp,,20-25,
48.9801852,1500,6725,0.131160389,12.42148579,1.465009897,18.19759962,7.207565402,,1300,6,3.5,HQProp,,20-25,
53.1059952,1550,7253,0.155055168,12.39497651,1.81585821,22.50751986,6.889038366,,1300,6,3.5,HQProp,,20-25,
57.2312684,1600,7798,0.178709979,12.36727733,2.222708799,27.48885613,6.501179187,,1300,6,3.5,HQProp,,20-25,
61.35631,1650,8318,0.208515109,12.33388236,2.699982033,33.30126078,6.261477907,,1300,6,3.5,HQProp,,20-25,
65.5081314,1700,8841,0.237556426,12.29385932,3.271280758,40.21666543,5.906915051,,1300,6,3.5,HQProp,,20-25,
69.632609,1750,9328,0.26656789,12.25036253,3.907893361,47.8731104,5.568217473,,1300,6,3.5,HQProp,,20-25,
73.7576516,1800,9790,0.29880041,12.20115373,4.603617593,56.16944598,5.31962537,,1300,6,3.5,HQProp,,20-25,
77.8836596,1850,10243,0.330809468,12.14838676,5.344299242,64.92461413,5.095285862,,1300,6,3.5,HQProp,,20-25,
82.0100526,1900,10698,0.357524182,12.09449365,6.151577499,74.40021498,4.80541867,,1300,6,3.5,HQProp,,20-25,
86.1351428,1950,11048,0.392431002,12.03280082,7.056439827,84.90873492,4.621797769,,1300,6,3.5,HQProp,,20-25,
0.3338564,1000,0,0.000117123,12.18448785,-0.002134014,0.026001872,,FlashHobby,1400,6,3.8,EMAX,Hobbywing,25-30,
9.8224522,1200,3433,0.011543112,12.18005308,0.161161575,1.962956545,5.880472634,FlashHobby,1400,6,3.8,EMAX,Hobbywing,25-30,
14.547237,1300,4957,0.02619932,12.17118175,0.416592081,5.070417927,5.167092718,FlashHobby,1400,6,3.8,EMAX,Hobbywing,25-30,
18.8014008,1350,5662,0.033485618,12.16521996,0.588308798,7.156905928,4.678784144,FlashHobby,1400,6,3.8,EMAX,Hobbywing,25-30,
23.0141668,1400,6245,0.04124501,12.1565835,0.77630356,9.43719905,4.370471525,FlashHobby,1400,6,3.8,EMAX,Hobbywing,25-30,
27.2321018,1450,6845,0.051303894,12.14820008,1.02701324,12.47636232,4.112087545,FlashHobby,1400,6,3.8,EMAX,Hobbywing,25-30,
31.4119052,1500,7546,0.058620485,12.13712599,1.258645049,15.27633354,3.837339978,FlashHobby,1400,6,3.8,EMAX,Hobbywing,25-30,
35.673957,1550,8171,0.071130465,12.12434399,1.597166548,19.36459663,3.673222153,FlashHobby,1400,6,3.8,EMAX,Hobbywing,25-30,
39.964185,1600,8822,0.083935218,12.10736352,1.989018663,24.08177201,3.485425335,FlashHobby,1400,6,3.8,EMAX,Hobbywing,25-30,
44.2639346,1650,9445,0.096661003,12.08826537,2.437950686,29.47059485,3.279913521,FlashHobby,1400,6,3.8,EMAX,Hobbywing,25-30,
48.5982996,1700,10050,0.109576684,12.06395714,2.927875462,35.3217641,3.102242687,FlashHobby,1400,6,3.8,EMAX,Hobbywing,25-30,
53.3409226,1800,11283,0.138552784,12.01586458,4.230416548,50.83211237,2.725694011,FlashHobby,1400,6,3.8,EMAX,Hobbywing,25-30,
58.1126634,1900,12299,0.169014686,11.95547293,5.741709513,68.64485266,2.462161096,FlashHobby,1400,6,3.8,EMAX,Hobbywing,25-30,
,1000,0,-4.31E-05,12.45909435,-0.004738731,0.059040297,,Lumenier,1700,6,3.5,HQProp,Lumenier,50,
,1200,3778,0.037753747,12.44757995,0.414277822,5.156756309,7.321219877,Lumenier,1700,6,3.5,HQProp,Lumenier,50,
,1250,4634,0.058987805,12.43792156,0.652424947,8.11481031,7.269153908,Lumenier,1700,6,3.5,HQProp,Lumenier,50,
,1300,5450,0.082822827,12.42382437,0.964780602,11.98626474,6.909811222,Lumenier,1700,6,3.5,HQProp,Lumenier,50,
,1350,6231,0.110159377,12.40620404,1.301502757,16.14670876,6.822404375,Lumenier,1700,6,3.5,HQProp,Lumenier,50,
,1400,6949,0.141606624,12.38783768,1.715280895,21.24862131,6.664273506,Lumenier,1700,6,3.5,HQProp,Lumenier,50,
,1500,8231,0.198374536,12.34989008,2.649271369,32.71821019,6.063123095,Lumenier,1700,6,3.5,HQProp,Lumenier,50,
,1600,9554,0.273986366,12.29211725,4.030614207,49.54478243,5.530075066,Lumenier,1700,6,3.5,HQProp,Lumenier,50,
,1700,10949,0.371524815,12.20642207,6.107304246,74.54833331,4.983677011,Lumenier,1700,6,3.5,HQProp,Lumenier,50,
0.30086,1000,0,-0.001173144,8.275500387,-0.003959217,0.032764499,,HGLRC,3500,5.1,3,Gemfan,Hobbywing,25-35,
9.5509664,1200,4643,0.021950823,8.266618641,0.443342475,3.664943172,5.989403408,HGLRC,3500,5.1,3,Gemfan,Hobbywing,25-35,
13.7015276,1250,5598,0.032963695,8.260433352,0.703963252,5.815041525,5.668694685,HGLRC,3500,5.1,3,Gemfan,Hobbywing,25-35,
17.8503604,1300,6417,0.044517442,8.25306205,1.020580208,8.42291178,5.285279426,HGLRC,3500,5.1,3,Gemfan,Hobbywing,25-35,
21.7766864,1325,6792,0.051341729,8.247635558,1.196167811,9.865556173,5.204139344,HGLRC,3500,5.1,3,Gemfan,Hobbywing,25-35,
25.6900444,1350,7129,0.05679655,8.24154688,1.377474365,11.35251956,5.002990694,HGLRC,3500,5.1,3,Gemfan,Hobbywing,25-35,
29.5873714,1375,7457,0.06121448,8.235441571,1.524503409,12.55495875,4.875721326,HGLRC,3500,5.1,3,Gemfan,Hobbywing,25-35,
33.6907014,1400,7752,0.06884481,8.23000873,1.678101604,13.81079085,4.984856447,HGLRC,3500,5.1,3,Gemfan,Hobbywing,25-35,
37.631968,1425,8075,0.075426775,8.225643879,1.858474903,15.28715271,4.933997591,HGLRC,3500,5.1,3,Gemfan,Hobbywing,25-35,
41.5062946,1450,8404,0.083098098,8.21889126,2.061297189,16.94157745,4.904979971,HGLRC,3500,5.1,3,Gemfan,Hobbywing,25-35,
45.4108716,1475,8753,0.09024165,8.212540737,2.300339183,18.89162925,4.776806105,HGLRC,3500,5.1,3,Gemfan,Hobbywing,25-35,
49.2844252,1500,9042,0.097039179,8.202999685,2.588733619,21.23538107,4.569693298,HGLRC,3500,5.1,3,Gemfan,Hobbywing,25-35,
53.4351946,1550,9697,0.109890276,8.186119307,3.191201535,26.1235565,4.206558765,HGLRC,3500,5.1,3,Gemfan,Hobbywing,25-35,
57.5827206,1600,10389,0.132097593,8.168867331,3.89044508,31.78052972,4.156557291,HGLRC,3500,5.1,3,Gemfan,Hobbywing,25-35,
61.7200966,1650,11151,0.15587739,8.147341386,4.729410229,38.53211969,4.045388409,HGLRC,3500,5.1,3,Gemfan,Hobbywing,25-35,
65.887267,1700,11694,0.1731505,8.119381594,5.860386695,47.58271586,3.638936886,HGLRC,3500,5.1,3,Gemfan,Hobbywing,25-35,
70.017405,1750,12535,0.203917292,8.09199661,6.923405341,56.02417255,3.639809087,HGLRC,3500,5.1,3,Gemfan,Hobbywing,25-35,
74.2036986,1800,13303,0.231172182,8.058216258,8.22942768,66.31450793,3.485997097,HGLRC,3500,5.1,3,Gemfan,Hobbywing,25-35,
78.3614978,1850,14025,0.259386557,8.019444588,9.684534046,77.66458414,3.339830624,HGLRC,3500,5.1,3,Gemfan,Hobbywing,25-35,
0.2912528,1000,0,-0.000582247,12.3336937,0.03463911,0.427228178,,,1300,7,4,Gemfan,,20-25,
9.569559,1200,2838,0.028205656,12.32424716,0.244711047,3.015879426,9.352381763,,1300,7,4,Gemfan,,20-25,
13.740766,1250,3431,0.041737775,12.31694071,0.363937648,4.482598435,9.311067077,,1300,7,4,Gemfan,,20-25,
17.892793,1300,4045,0.057721277,12.30724812,0.540830547,6.656135736,8.671890033,,1300,7,4,Gemfan,,20-25,
21.7668296,1325,4340,0.06835664,12.30013713,0.640919541,7.88339824,8.670961185,,1300,7,4,Gemfan,,20-25,
25.6427332,1350,4655,0.078227345,12.29131865,0.763941987,9.389854399,8.331049825,,1300,7,4,Gemfan,,20-25,
29.5350292,1375,4971,0.092395975,12.28090567,0.922166114,11.32503506,8.15855977,,1300,7,4,Gemfan,,20-25,
33.4349272,1400,5238,0.101551632,12.27007553,1.053751497,12.92961046,7.854191146,,1300,7,4,Gemfan,,20-25,
37.3195376,1425,5499,0.115159354,12.25750352,1.231714068,15.09773953,7.627589109,,1300,7,4,Gemfan,,20-25,
41.1939164,1450,5756,0.128464757,12.24229728,1.40172437,17.16032644,7.486148771,,1300,7,4,Gemfan,,20-25,
45.0942588,1475,6033,0.139428229,12.22902357,1.570533065,19.20608587,7.259585815,,1300,7,4,Gemfan,,20-25,
48.9943618,1500,6278,0.152051515,12.21281932,1.755498033,21.43958031,7.092093814,,1300,7,4,Gemfan,,20-25,
53.1198712,1550,6754,0.180792612,12.18135043,2.189153571,26.6668468,6.779677162,,1300,7,4,Gemfan,,20-25,
57.2448934,1600,7221,0.209145471,12.14659292,2.67409169,32.48110318,6.438989166,,1300,7,4,Gemfan,,20-25,
61.3957154,1650,7671,0.235910104,12.10822677,3.204523425,38.80109633,6.079985536,,1300,7,4,Gemfan,,20-25,
65.5461806,1700,8102,0.271572349,12.06040928,3.853105856,46.47003363,5.844031692,,1300,7,4,Gemfan,,20-25,
69.6724034,1750,8539,0.308111145,12.00735375,4.628807346,55.57972723,5.543588652,,1300,7,4,Gemfan,,20-25,
73.798354,1800,8911,0.340738254,11.94902765,5.434892285,64.94167816,5.246834755,,1300,7,4,Gemfan,,20-25,
77.9487438,1850,9302,0.370435905,11.89166273,6.218928964,73.9534058,5.00904456,,1300,7,4,Gemfan,,20-25,
82.0998186,1900,9697,0.394600353,11.83163381,7.065066807,83.59128327,4.720592116,,1300,7,4,Gemfan,,20-25,
86.2241614,1950,9972,0.42582272,11.76738122,7.982827084,93.93696955,4.533068525,,1300,7,4,Gemfan,,20-25,
0.3604762,1000,0,-0.000570583,12.47605676,-0.003891267,0.048547663,,T-motor,1950,6,4,Lemenier,T-motor,40-45,
9.816713,1200,4435,0.045350027,12.45904918,0.555481812,6.920775214,6.552738086,T-motor,1950,6,4,Lemenier,T-motor,40-45,
13.993328,1250,5458,0.070740644,12.44586408,0.871807609,10.85039901,6.519635248,T-motor,1950,6,4,Lemenier,T-motor,40-45,
18.1766244,1300,6427,0.097156462,12.42902627,1.235177559,15.35205433,6.328564263,T-motor,1950,6,4,Lemenier,T-motor,40-45,
22.1623804,1325,6846,0.112639565,12.41427032,1.431806077,17.77482768,6.337027096,T-motor,1950,6,4,Lemenier,T-motor,40-45,
26.0485376,1350,7279,0.12773964,12.40213044,1.649803788,20.46108178,6.243054055,T-motor,1950,6,4,Lemenier,T-motor,40-45,
29.9495838,1375,7661,0.145015334,12.3886974,1.877598087,23.26099454,6.234270571,T-motor,1950,6,4,Lemenier,T-motor,40-45,
33.8299686,1400,8096,0.163065014,12.37453375,2.149923442,26.60430018,6.129272836,T-motor,1950,6,4,Lemenier,T-motor,40-45,
37.7665388,1425,8481,0.182994262,12.35866283,2.436341032,30.10991735,6.07754116,T-motor,1950,6,4,Lemenier,T-motor,40-45,
41.6504274,1450,8867,0.199875545,12.34154977,2.714185479,33.49725516,5.966923095,T-motor,1950,6,4,Lemenier,T-motor,40-45,
45.526852,1475,9257,0.217368193,12.32427184,3.009790883,37.09348102,5.860010627,T-motor,1950,6,4,Lemenier,T-motor,40-45,
49.4301584,1500,9606,0.236050139,12.30560125,3.331516298,40.99631113,5.757838498,T-motor,1950,6,4,Lemenier,T-motor,40-45,
54.1019056,1600,11082,0.316726799,12.24148231,4.844753323,59.30696212,5.340465734,T-motor,1950,6,4,Lemenier,T-motor,40-45,
58.7642908,1700,12831,0.421197444,12.14061616,7.252454929,88.04927153,4.783656202,T-motor,1950,6,4,Lemenier,T-motor,40-45,
0.3031806,1000,0,0.000398136,8.269749148,0.005718236,0.047288378,,FlashHobby,2300,5.5,5.2,Gemfan,,01-10-2020 00:00,
9.5796606,1200,3222,0.025306743,8.26414692,0.33896648,2.801268789,9.034028772,FlashHobby,2300,5.5,5.2,Gemfan,,01-10-2020 00:00,
13.7296612,1250,3887,0.037082482,8.259803053,0.528531382,4.365565125,8.494314306,FlashHobby,2300,5.5,5.2,Gemfan,,01-10-2020 00:00,
17.8805328,1300,4459,0.050043274,8.254900949,0.755538298,6.236893809,8.023749591,FlashHobby,2300,5.5,5.2,Gemfan,,01-10-2020 00:00,
21.7808046,1325,4696,0.056492195,8.25158465,0.882351755,7.280800201,7.759063982,FlashHobby,2300,5.5,5.2,Gemfan,,01-10-2020 00:00,
25.6559256,1350,4936,0.065044345,8.247424059,1.017077895,8.388272698,7.754200121,FlashHobby,2300,5.5,5.2,Gemfan,,01-10-2020 00:00,
29.5576254,1375,5209,0.071483768,8.241913633,1.17674867,9.698660909,7.370478126,FlashHobby,2300,5.5,5.2,Gemfan,,01-10-2020 00:00,
33.4578692,1400,5484,0.080446268,8.237108265,1.354299362,11.15551047,7.211347951,FlashHobby,2300,5.5,5.2,Gemfan,,01-10-2020 00:00,
37.3567308,1425,5750,0.086445415,8.231479706,1.528773644,12.58406922,6.869432557,FlashHobby,2300,5.5,5.2,Gemfan,,01-10-2020 00:00,
41.2326936,1450,6041,0.091703491,8.226694666,1.70936447,14.06241957,6.521174412,FlashHobby,2300,5.5,5.2,Gemfan,,01-10-2020 00:00,
45.133524,1475,6273,0.101451817,8.220853567,1.915886912,15.75022576,6.441292865,FlashHobby,2300,5.5,5.2,Gemfan,,01-10-2020 00:00,
49.033907,1500,6485,0.111823886,8.213422326,2.166422659,17.79374423,6.284449419,FlashHobby,2300,5.5,5.2,Gemfan,,01-10-2020 00:00,
53.1597424,1550,7005,0.129130081,8.20167388,2.661769861,21.83096834,5.914995567,FlashHobby,2300,5.5,5.2,Gemfan,,01-10-2020 00:00,
57.2849526,1600,7513,0.148680433,8.184557253,3.262134819,26.69912919,5.568737156,FlashHobby,2300,5.5,5.2,Gemfan,,01-10-2020 00:00,
61.4098058,1650,8027,0.16853276,8.167488168,3.950383147,32.26470761,5.223439858,FlashHobby,2300,5.5,5.2,Gemfan,,01-10-2020 00:00,
65.5350552,1700,8597,0.191270619,8.147651311,4.79136489,39.03837043,4.89955438,FlashHobby,2300,5.5,5.2,Gemfan,,01-10-2020 00:00,
69.6611146,1750,9140,0.213983041,8.124191722,5.748698419,46.70352811,4.581731825,FlashHobby,2300,5.5,5.2,Gemfan,,01-10-2020 00:00,
73.8103952,1800,9615,0.241182794,8.097676386,6.82556234,55.27119498,4.363625474,FlashHobby,2300,5.5,5.2,Gemfan,,01-10-2020 00:00,
77.9375548,1850,10114,0.264982566,8.069814129,7.919517261,63.90903229,4.146245945,FlashHobby,2300,5.5,5.2,Gemfan,,01-10-2020 00:00,
0.4103254,1000,0,2.47E-05,22.63841289,0.024404011,0.552468079,,FL,400-450,15,,,Hobbywing,60,
9.0242412,1475,3378,0.553145132,22.59563559,3.264567468,73.76497686,7.498750153,FL,400-450,15,,,Hobbywing,60,
13.067177,1502,3542,0.623319503,22.58584333,3.817224114,86.21522577,7.2298077,FL,400-450,15,,,Hobbywing,60,
17.2158498,1530,3779,0.675903873,22.5756161,4.399804134,99.32828903,6.804746967,FL,400-450,15,,,Hobbywing,60,
21.2762144,1557,3933,0.752053345,22.56277379,5.313202948,119.8805962,6.273353397,FL,400-450,15,,,Hobbywing,60,
25.4852706,1585,4130,0.832334843,22.55160092,6.147959563,138.6463306,6.003295146,FL,400-450,15,,,Hobbywing,60,
29.5040378,1612,4295,0.899164532,22.53733085,7.097815082,159.9658068,5.620979568,FL,400-450,15,,,Hobbywing,60,
33.5626418,1640,4450,0.969092709,22.5203211,8.246721474,185.7188156,5.218064231,FL,400-450,15,,,Hobbywing,60,
37.6789846,1667,4646,1.058180323,22.49982141,9.842669645,221.4583093,4.778237163,FL,400-450,15,,,Hobbywing,60,
41.7373604,1695,4791,1.115096032,22.48154215,11.17468097,251.2240611,4.438651406,FL,400-450,15,,,Hobbywing,60,
45.799127,1722,5000,1.151910963,22.46475715,12.41399864,278.8774647,4.130527234,FL,400-450,15,,,Hobbywing,60,
49.8731668,1750,4876,1.189579498,22.45214598,13.28308234,298.2337038,3.988749369,FL,400-450,15,,,Hobbywing,60,
0.456901,1000,0,0.000254275,12.21414642,-0.031604516,0.38602218,,PrimoPal,2280,6,4,Gemfan,Hobbywing,40,
10.7200162,1200,3258,0.010432799,12.20891862,0.100536529,1.227442303,8.499624373,PrimoPal,2280,6,4,Gemfan,Hobbywing,40,
16.021982,1300,4577,0.020545316,12.20234321,0.263063647,3.209992901,6.40042422,PrimoPal,2280,6,4,Gemfan,Hobbywing,40,
20.6670528,1350,5245,0.026846173,12.19651352,0.389096396,4.745619452,5.657042934,PrimoPal,2280,6,4,Gemfan,Hobbywing,40,
25.4914312,1400,5891,0.033311562,12.18904161,0.535180848,6.523341631,5.106518041,PrimoPal,2280,6,4,Gemfan,Hobbywing,40,
30.2290336,1450,6518,0.040620963,12.17947399,0.716359743,8.724884852,4.655759172,PrimoPal,2280,6,4,Gemfan,Hobbywing,40,
34.8345086,1500,7115,0.04823063,12.16877993,0.930312482,11.32076786,4.260367411,PrimoPal,2280,6,4,Gemfan,Hobbywing,40,
39.5169228,1550,7727,0.054913501,12.15698015,1.152315876,14.00868124,3.919962208,PrimoPal,2280,6,4,Gemfan,Hobbywing,40,
44.3731818,1600,8284,0.064755019,12.1436752,1.423525063,17.286826,3.745917228,PrimoPal,2280,6,4,Gemfan,Hobbywing,40,
49.0778476,1650,8884,0.074454119,12.12641729,1.735812178,21.0491828,3.537150083,PrimoPal,2280,6,4,Gemfan,Hobbywing,40,
53.7146798,1700,9426,0.084808671,12.10793779,2.08158094,25.20365253,3.364935736,PrimoPal,2280,6,4,Gemfan,Hobbywing,40,
58.4510242,1750,9947,0.095088519,12.0871748,2.465079414,29.79584578,3.191334781,PrimoPal,2280,6,4,Gemfan,Hobbywing,40,
63.2319836,1800,10466,0.104416603,12.06235687,2.865894677,34.56944435,3.020488312,PrimoPal,2280,6,4,Gemfan,Hobbywing,40,
0.3005968,1000,0,-0.000397794,12.36195316,0.009688232,0.11976547,,Lumenier,1750,6,4.2,Gemfan,Lumenier,30,
9.577023,1200,3934,0.045097889,12.34259412,0.478305026,5.903524801,7.639146259,Lumenier,1750,6,4.2,Gemfan,Lumenier,30,
13.7020486,1250,4799,0.06720252,12.32874304,0.754959667,9.30770374,7.220096544,Lumenier,1750,6,4.2,Gemfan,Lumenier,30,
17.8278498,1300,5625,0.093985148,12.31109933,1.103641278,13.5870374,6.917265727,Lumenier,1750,6,4.2,Gemfan,Lumenier,30,
21.703497,1325,5980,0.109401284,12.29820032,1.308956954,16.09781483,6.796033193,Lumenier,1750,6,4.2,Gemfan,Lumenier,30,
25.578683,1350,6333,0.125119783,12.28449683,1.515016688,18.6112177,6.722815518,Lumenier,1750,6,4.2,Gemfan,Lumenier,30,
29.478508,1375,6656,0.141420887,12.26908078,1.758392685,21.5738619,6.555195701,Lumenier,1750,6,4.2,Gemfan,Lumenier,30,
33.3794658,1400,6937,0.151995535,12.25451128,1.951516995,23.91488701,6.355686931,Lumenier,1750,6,4.2,Gemfan,Lumenier,30,
37.25293,1425,7216,0.165100699,12.23847269,2.160166077,26.43713353,6.245030248,Lumenier,1750,6,4.2,Gemfan,Lumenier,30,
41.129123,1450,7525,0.181059823,12.22022166,2.442122845,29.84328249,6.067021058,Lumenier,1750,6,4.2,Gemfan,Lumenier,30,
45.0045396,1475,7847,0.20193011,12.19975838,2.739358517,33.41951203,6.042281815,Lumenier,1750,6,4.2,Gemfan,Lumenier,30,
48.9048674,1500,8156,0.218324051,12.1764031,3.06284081,37.29438435,5.854073073,Lumenier,1750,6,4.2,Gemfan,Lumenier,30,
53.5309256,1600,9426,0.299852375,12.0953695,4.727356995,57.17912963,5.244087781,Lumenier,1750,6,4.2,Gemfan,Lumenier,30,
58.156021,1700,10790,0.395249899,11.98082338,6.940170709,83.14895948,4.753515873,Lumenier,1750,6,4.2,Gemfan,Lumenier,30,
0.467893,1000,0,7.95E-05,11.8782939,-0.003032656,0.036022774,,EMAX,2500,6,4,Gemfan,EMAX,40-45,
10.6971914,1200,5813,0.031160014,11.83718207,1.065721924,12.61514445,2.470048156,EMAX,2500,6,4,Gemfan,EMAX,40-45,
15.932598,1300,8041,0.060685232,11.79046638,2.074867838,24.46365949,2.480627739,EMAX,2500,6,4,Gemfan,EMAX,40-45,
20.574878,1350,8984,0.077926607,11.75591077,2.706152086,31.81328246,2.449499101,EMAX,2500,6,4,Gemfan,EMAX,40-45,
25.359364,1400,9864,0.093068867,11.71255394,3.393994767,39.7523468,2.341216924,EMAX,2500,6,4,Gemfan,EMAX,40-45,
30.090108,1450,10748,0.112904495,11.66629811,4.257619735,49.67066108,2.273062066,EMAX,2500,6,4,Gemfan,EMAX,40-45,
34.6504,1500,11662,0.13495797,11.61143124,5.285455755,61.37170607,2.19902588,EMAX,2500,6,4,Gemfan,EMAX,40-45,
39.4129132,1550,12561,0.157327233,11.5450464,6.44545503,74.41307737,2.114241721,EMAX,2500,6,4,Gemfan,EMAX,40-45,
44.2573518,1600,13396,0.182122821,11.4720408,7.717773596,88.53861359,2.056987498,EMAX,2500,6,4,Gemfan,EMAX,40-45,
49.0544522,1650,14361,0.213872686,11.37850192,9.536100817,108.5065415,1.971057993,EMAX,2500,6,4,Gemfan,EMAX,40-45,
53.6838016,1700,15662,0.239907986,11.28196026,11.36683997,128.2402368,1.870769983,EMAX,2500,6,4,Gemfan,EMAX,40-45,
58.9648728,1800,17940,0.314095188,11.02136173,17.34110224,191.1225606,1.643422874,EMAX,2500,6,4,Gemfan,EMAX,40-45,
0,1000,0,-0.000611353,7.811522574,0.037732461,0.294747974,,ECO,3300,6,3,HQProp,Hobbywing,30,
17.2762328,1275,4469,0.019560204,7.803950474,0.372690496,2.908458172,6.725282817,ECO,3300,6,3,HQProp,Hobbywing,30,
21.1766564,1300,5185,0.027235943,7.800733729,0.491628858,3.835065815,7.101818834,ECO,3300,6,3,HQProp,Hobbywing,30,
25.0762368,1325,5855,0.035224077,7.797637987,0.644797835,5.027900094,7.005723282,ECO,3300,6,3,HQProp,Hobbywing,30,
28.9765556,1350,6516,0.043768254,7.792738191,0.831043109,6.476101371,6.758426399,ECO,3300,6,3,HQProp,Hobbywing,30,
32.852133,1375,7145,0.051684357,7.788124075,1.018021496,7.928477721,6.518824797,ECO,3300,6,3,HQProp,Hobbywing,30,
36.7518004,1400,7726,0.061916763,7.781953258,1.233928864,9.602376747,6.448066426,ECO,3300,6,3,HQProp,Hobbywing,30,
40.652614,1425,8299,0.072711902,7.773587118,1.470350074,11.42989439,6.361555046,ECO,3300,6,3,HQProp,Hobbywing,30,
44.5270476,1450,8693,0.080559281,7.767365839,1.651826336,12.83033946,6.278811333,ECO,3300,6,3,HQProp,Hobbywing,30,
48.4024324,1475,9137,0.089636846,7.76020838,1.891800659,14.68076732,6.105733059,ECO,3300,6,3,HQProp,Hobbywing,30,
52.3023824,1500,9570,0.099009432,7.752333864,2.14288289,16.6123436,5.959991802,ECO,3300,6,3,HQProp,Hobbywing,30,
56.2018872,1525,10013,0.110109039,7.743749996,2.442884043,18.9170833,5.820613947,ECO,3300,6,3,HQProp,Hobbywing,30,
60.1021916,1550,10478,0.122566368,7.733925301,2.778506127,21.48875883,5.703743493,ECO,3300,6,3,HQProp,Hobbywing,30,
64.0038004,1575,10939,0.134014529,7.723209605,3.155191789,24.36820753,5.499564489,ECO,3300,6,3,HQProp,Hobbywing,30,
67.8774936,1600,11451,0.147888864,7.710125145,3.57630243,27.57373929,5.363395309,ECO,3300,6,3,HQProp,Hobbywing,30,
71.7525406,1625,11972,0.163803081,7.696286833,4.06845772,31.31201758,5.231316713,ECO,3300,6,3,HQProp,Hobbywing,30,
75.652474,1650,12519,0.181615865,7.680395643,4.632827034,35.58194457,5.10415795,ECO,3300,6,3,HQProp,Hobbywing,30,
79.5276234,1675,12993,0.198570081,7.660770421,5.235790309,40.11018753,4.950614631,ECO,3300,6,3,HQProp,Hobbywing,30,
83.42761,1700,13518,0.215696455,7.641370441,5.874136975,44.88645665,4.805379422,ECO,3300,6,3,HQProp,Hobbywing,30,
87.3281792,1725,13899,0.23395265,7.62200181,6.533263421,49.79654562,4.698170274,ECO,3300,6,3,HQProp,Hobbywing,30,
91.2277752,1750,14397,0.25052523,7.602007175,7.168568198,54.49550688,4.597172217,ECO,3300,6,3,HQProp,Hobbywing,30,
95.1277642,1775,14798,0.263122735,7.58135612,7.779247167,58.97724311,4.461428189,ECO,3300,6,3,HQProp,Hobbywing,30,
99.0280964,1800,15105,0.27772587,7.559450636,8.468254478,64.0153517,4.33842606,ECO,3300,6,3,HQProp,Hobbywing,30,
102.9283706,1825,15376,0.293327494,7.534708123,9.21770712,69.45273271,4.22341185,ECO,3300,6,3,HQProp,Hobbywing,30,
106.8287316,1850,15583,0.300095948,7.51819446,9.607796518,72.23328256,4.154538427,ECO,3300,6,3,HQProp,Hobbywing,30,
110.7286966,1875,15504,0.295529011,7.511389184,9.558336741,71.79638721,4.116210059,ECO,3300,6,3,HQProp,Hobbywing,30,
0.2949624,1000,0,-0.000650378,12.10220677,0.006453417,0.078100586,,Lumenier,1700,6,4.5,Master Airscrew,Lumenier,40-45,
9.5739818,1200,3711,0.027902387,12.0923355,0.358368113,4.333507459,6.438753651,Lumenier,1700,6,4.5,Master Airscrew,Lumenier,40-45,
13.722117,1250,4568,0.044265823,12.08551776,0.530078304,6.406270753,6.909764571,Lumenier,1700,6,4.5,Master Airscrew,Lumenier,40-45,
17.8716014,1300,5416,0.060185159,12.07560614,0.744187171,8.986511171,6.697277505,Lumenier,1700,6,4.5,Master Airscrew,Lumenier,40-45,
21.7534548,1325,5822,0.069478461,12.06808675,0.86200336,10.40273133,6.678867208,Lumenier,1700,6,4.5,Master Airscrew,Lumenier,40-45,
25.6693028,1350,6208,0.078849825,12.06168093,0.993878796,11.98784892,6.577479024,Lumenier,1700,6,4.5,Master Airscrew,Lumenier,40-45,
29.5718012,1375,6591,0.091636759,12.05392315,1.152132401,13.88771542,6.598404161,Lumenier,1700,6,4.5,Master Airscrew,Lumenier,40-45,
33.4736806,1400,6970,0.103026039,12.04554062,1.302894478,15.69406837,6.564648309,Lumenier,1700,6,4.5,Master Airscrew,Lumenier,40-45,
37.3719648,1425,7333,0.113671665,12.03751821,1.459397925,17.5675291,6.470555111,Lumenier,1700,6,4.5,Master Airscrew,Lumenier,40-45,
41.2725212,1450,7721,0.122381336,12.02741129,1.612491119,19.3940939,6.310237368,Lumenier,1700,6,4.5,Master Airscrew,Lumenier,40-45,
45.1484886,1475,8067,0.138568687,12.0163846,1.82308509,21.90689161,6.325346832,Lumenier,1700,6,4.5,Master Airscrew,Lumenier,40-45,
49.0260628,1500,8437,0.149761251,12.00558049,2.000269665,24.01439845,6.236310761,Lumenier,1700,6,4.5,Master Airscrew,Lumenier,40-45,
53.6848552,1600,9800,0.211385079,11.96687878,2.93647638,35.14045687,6.015433426,Lumenier,1700,6,4.5,Master Airscrew,Lumenier,40-45,
58.3444482,1700,11311,0.279988494,11.90852079,4.282116209,50.99366989,5.49065196,Lumenier,1700,6,4.5,Master Airscrew,Lumenier,40-45,
0.3038324,1000,0,0.000388008,12.56636575,0.010167411,0.127767402,,,1300,6,4.2,Gemfan,,20-25,
9.5667844,1200,2980,0.024771023,12.55455084,0.211617026,2.656756705,9.32378315,,1300,6,4.2,Gemfan,,20-25,
13.7296882,1250,3574,0.038580099,12.5469618,0.329931712,4.139640585,9.319673628,,1300,6,4.2,Gemfan,,20-25,
17.9029688,1300,4192,0.05298872,12.53814332,0.480739672,6.027582913,8.791039558,,1300,6,4.2,Gemfan,,20-25,
21.8302508,1325,4510,0.06235527,12.53049435,0.584160297,7.3198173,8.51869207,,1300,6,4.2,Gemfan,,20-25,
25.7311512,1350,4851,0.072660753,12.52173495,0.699296297,8.756402884,8.298013866,,1300,6,4.2,Gemfan,,20-25,
29.6312906,1375,5153,0.083111471,12.51273425,0.846410454,10.59090908,7.847435008,,1300,6,4.2,Gemfan,,20-25,
33.5310562,1400,5469,0.09201486,12.50374133,0.964104632,12.05491493,7.632974654,,1300,6,4.2,Gemfan,,20-25,
37.4316558,1425,5735,0.104997861,12.49162581,1.116590517,13.94803092,7.527790951,,1300,6,4.2,Gemfan,,20-25,
41.3321524,1450,6022,0.113916719,12.48055867,1.25943205,15.71841559,7.247341109,,1300,6,4.2,Gemfan,,20-25,
45.2321162,1475,6303,0.12720592,12.46700595,1.445124237,18.01637247,7.060573377,,1300,6,4.2,Gemfan,,20-25,
49.1078042,1500,6580,0.13782788,12.45363296,1.60791444,20.02437627,6.883004896,,1300,6,4.2,Gemfan,,20-25,
53.2336384,1550,7110,0.163283496,12.42553755,1.990061288,24.72758127,6.603294294,,1300,6,4.2,Gemfan,,20-25,
57.3842632,1600,7595,0.189298587,12.39104095,2.45736206,30.44927391,6.216850617,,1300,6,4.2,Gemfan,,20-25,
61.5088896,1650,8097,0.216130142,12.35551021,2.950510645,36.4550644,5.92867262,,1300,6,4.2,Gemfan,,20-25,
65.659533,1700,8619,0.248213886,12.31334194,3.564885701,43.89565663,5.654634314,,1300,6,4.2,Gemfan,,20-25,
69.8101804,1750,9086,0.279170025,12.26609073,4.274297784,52.42892442,5.324733019,,1300,6,4.2,Gemfan,,20-25,
73.9358064,1800,9551,0.308165129,12.2158441,4.960140298,60.5923006,5.085879332,,1300,6,4.2,Gemfan,,20-25,
78.0860782,1850,9998,0.337206956,12.16145977,5.714218701,69.49324087,4.852370554,,1300,6,4.2,Gemfan,,20-25,
82.2376398,1900,10375,0.369078456,12.10241824,6.591275191,79.77036913,4.626761289,,1300,6,4.2,Gemfan,,20-25,
86.3731264,1950,10779,0.392175341,12.04363734,7.441535966,89.62316044,4.375825841,,1300,6,4.2,Gemfan,,20-25,
0.4301088,1000,0,-0.000115094,15.59350703,0.047668141,0.743313493,,FlashHobby,1400,7,3.8,DalProp,Hobbywing,25,
6.602726,1200,4024,0.027252042,15.58131652,0.400495612,6.240248901,4.367140153,FlashHobby,1400,7,3.8,DalProp,Hobbywing,25,
11.7020808,1300,5671,0.055215417,15.56402459,0.848483817,13.20582299,4.181141649,FlashHobby,1400,7,3.8,DalProp,Hobbywing,25,
16.1974938,1350,6452,0.069881045,15.54795501,1.171376909,18.21251548,3.836979303,FlashHobby,1400,7,3.8,DalProp,Hobbywing,25,
20.6592884,1400,7156,0.089085845,15.52799704,1.581903131,24.56378713,3.626714564,FlashHobby,1400,7,3.8,DalProp,Hobbywing,25,
25.1155938,1450,7838,0.108927623,15.50340922,2.065986532,32.02983466,3.400817522,FlashHobby,1400,7,3.8,DalProp,Hobbywing,25,
29.7602254,1500,8495,0.128778631,15.47343336,2.607798417,40.35159502,3.191413649,FlashHobby,1400,7,3.8,DalProp,Hobbywing,25,
34.3766156,1550,9088,0.146442943,15.43696079,3.262912645,50.36945455,2.907376004,FlashHobby,1400,7,3.8,DalProp,Hobbywing,25,
39.0552268,1600,9649,0.165925494,15.39496239,3.981324043,61.29233391,2.707116598,FlashHobby,1400,7,3.8,DalProp,Hobbywing,25,
43.6849542,1650,10146,0.188290758,15.34923215,4.821372089,74.00435948,2.544319806,FlashHobby,1400,7,3.8,DalProp,Hobbywing,25,
48.1822108,1700,10648,0.208707428,15.29742757,5.779363387,88.40939279,2.36069292,FlashHobby,1400,7,3.8,DalProp,Hobbywing,25,
52.8088822,1750,11128,0.225182797,15.24010081,6.749391712,102.8614101,2.189186367,FlashHobby,1400,7,3.8,DalProp,Hobbywing,25,
57.4794192,1800,11493,0.242950473,15.17729048,7.763614958,117.8306394,2.061861623,FlashHobby,1400,7,3.8,DalProp,Hobbywing,25,
0.3202664,1000,0,0.000449823,15.6355706,-0.000651982,0.010194105,,Lumenier,1700,5.1,3.6,Gemfan,Lumenier,35-40,
9.5948708,1200,4873,0.025262094,15.62366793,0.389703644,6.088600328,4.149080645,Lumenier,1700,5.1,3.6,Gemfan,Lumenier,35-40,
14.234912,1300,7165,0.055947213,15.60817291,0.821449283,12.82132245,4.363607052,Lumenier,1700,5.1,3.6,Gemfan,Lumenier,35-40,
18.426904,1350,8234,0.071531483,15.59354758,1.08152416,16.86479846,4.241466834,Lumenier,1700,5.1,3.6,Gemfan,Lumenier,35-40,
22.578848,1400,9262,0.091323359,15.57939794,1.364445788,21.25724391,4.296105342,Lumenier,1700,5.1,3.6,Gemfan,Lumenier,35-40,
26.718429,1450,10279,0.112347203,15.56225771,1.715164813,26.69183684,4.209047282,Lumenier,1700,5.1,3.6,Gemfan,Lumenier,35-40,
30.9263838,1500,11368,0.137180501,15.54067608,2.121413464,32.96819947,4.160994637,Lumenier,1700,5.1,3.6,Gemfan,Lumenier,35-40,
35.1126238,1550,12355,0.162970008,15.51816703,2.603084121,40.3950942,4.034400991,Lumenier,1700,5.1,3.6,Gemfan,Lumenier,35-40,
39.2947766,1600,13301,0.19014965,15.49061629,3.09867276,48.00035072,3.961422092,Lumenier,1700,5.1,3.6,Gemfan,Lumenier,35-40,
43.4799592,1650,14321,0.218126953,15.46020901,3.687060533,57.00272648,3.826605609,Lumenier,1700,5.1,3.6,Gemfan,Lumenier,35-40,
47.6251192,1700,15261,0.242963106,15.42281282,4.314532437,66.54222617,3.651262067,Lumenier,1700,5.1,3.6,Gemfan,Lumenier,35-40,
0.3079008,1000,0,-0.000463097,21.80282504,0.021615701,0.471283342,,FL,650-700,15,,,Hobbywing,50-65,
8.7289812,1475,2272,0.732272311,21.74899107,4.399982995,95.69519088,7.652132818,FL,650-700,15,,,Hobbywing,50-65,
12.7845568,1502,2393,0.823581797,21.73750035,5.271594873,114.5912954,7.187123545,FL,650-700,15,,,Hobbywing,50-65,
16.8582152,1530,2538,0.90989065,21.72736228,6.171837616,134.0977518,6.785278932,FL,650-700,15,,,Hobbywing,50-65,
20.8428872,1557,2650,1.014275608,21.7117821,7.317358659,158.8728967,6.384195344,FL,650-700,15,,,Hobbywing,50-65,
25.1068422,1585,2763,1.139380657,21.69190011,8.63762757,187.3665545,6.08102476,FL,650-700,15,,,Hobbywing,50-65,
29.0951704,1612,2907,1.20337244,21.67906908,9.604079042,208.207493,5.779678835,FL,650-700,15,,,Hobbywing,50-65,
33.1785766,1640,3015,1.306214412,21.65991554,10.96672949,237.5384345,5.498960261,FL,650-700,15,,,Hobbywing,50-65,
37.4242142,1667,3116,1.427813688,21.64057251,12.47823453,270.0361392,5.287491121,FL,650-700,15,,,Hobbywing,50-65,
41.4735334,1695,3268,1.543596347,21.61745277,14.36633091,310.5634798,4.97030864,FL,650-700,15,,,Hobbywing,50-65,
45.5332062,1722,3311,1.620031023,21.60295434,15.63116474,337.6793381,4.797542638,FL,650-700,15,,,Hobbywing,50-65,
49.7359032,1750,3358,1.695835138,21.58813223,16.66831598,359.8378093,4.712776407,FL,650-700,15,,,Hobbywing,50-65,
0.4913586,1000,0,-0.000554417,16.50496313,0.03688416,0.608771695,,T-motor,3550,4,4.5,Gemfan,T-motor,25-30,
10.8123798,1200,9944,0.046838114,16.45633288,1.419000654,23.35154713,2.005782048,T-motor,3550,4,4.5,Gemfan,T-motor,25-30,
15.9731176,1300,13840,0.086746725,16.38599454,3.089925482,50.63150206,1.713295501,T-motor,3550,4,4.5,Gemfan,T-motor,25-30,
20.6620012,1350,15369,0.104404056,16.33326,4.069432894,66.4671055,1.570762782,T-motor,3550,4,4.5,Gemfan,T-motor,25-30,
25.4633966,1400,16615,0.120949976,16.27708232,5.080412693,82.69429563,1.46261571,T-motor,3550,4,4.5,Gemfan,T-motor,25-30,
30.1597446,1450,17780,0.137771816,16.21395531,6.323594197,102.5304737,1.343715789,T-motor,3550,4,4.5,Gemfan,T-motor,25-30,
34.9234752,1500,18959,0.152749073,16.14809772,7.54749742,121.8777259,1.253297699,T-motor,3550,4,4.5,Gemfan,T-motor,25-30,
39.7462894,1550,19944,0.170591485,16.06417005,8.999712192,144.572907,1.17996856,T-motor,3550,4,4.5,Gemfan,T-motor,25-30,
44.6628988,1600,21049,0.189754981,15.97550063,10.61176519,169.5282614,1.119311788,T-motor,3550,4,4.5,Gemfan,T-motor,25-30,
49.5013972,1650,22352,0.216534287,15.86462198,12.57863546,199.5552965,1.085084139,T-motor,3550,4,4.5,Gemfan,T-motor,25-30,
54.3725452,1700,23860,0.249156616,15.7199516,15.502468,243.6980465,1.022398904,T-motor,3550,4,4.5,Gemfan,T-motor,25-30,
0.3541868,1000,0,0.000112919,12.55043815,-0.014069863,0.176582946,,FlashHobby,1400,6,4,Gemfan,Hobbywing,25-30,
9.8512698,1200,3547,0.012274903,12.54531916,0.166891287,2.093704459,5.862767735,FlashHobby,1400,6,4,Gemfan,Hobbywing,25-30,
14.6866818,1300,5157,0.024934463,12.53708904,0.408247199,5.118231489,4.871695111,FlashHobby,1400,6,4,Gemfan,Hobbywing,25-30,
18.9696548,1350,5897,0.033113696,12.53047276,0.572989442,7.179828602,4.612045468,FlashHobby,1400,6,4,Gemfan,Hobbywing,25-30,
23.2922282,1400,6566,0.040688162,12.5222248,0.764429802,9.572361824,4.25058755,FlashHobby,1400,6,4,Gemfan,Hobbywing,25-30,
27.6124624,1450,7175,0.048292629,12.51355239,0.976386941,12.21806914,3.952558199,FlashHobby,1400,6,4,Gemfan,Hobbywing,25-30,
31.8132816,1500,7848,0.059499628,12.50178491,1.234048023,15.42780295,3.856649467,FlashHobby,1400,6,4,Gemfan,Hobbywing,25-30,
36.1240106,1550,8507,0.07095628,12.48742196,1.554120055,19.4069529,3.656229799,FlashHobby,1400,6,4,Gemfan,Hobbywing,25-30,
40.4444808,1600,9202,0.083458902,12.47026832,1.932135211,24.09424452,3.463852204,FlashHobby,1400,6,4,Gemfan,Hobbywing,25-30,
44.7480194,1650,9840,0.095930623,12.45102646,2.370742485,29.51817741,3.249882998,FlashHobby,1400,6,4,Gemfan,Hobbywing,25-30,
48.970054,1700,10475,0.109826153,12.42721051,2.855814993,35.48981409,3.094582374,FlashHobby,1400,6,4,Gemfan,Hobbywing,25-30,
53.7096028,1800,11801,0.139958492,12.37595818,4.119301552,50.98030372,2.745344404,FlashHobby,1400,6,4,Gemfan,Hobbywing,25-30,
58.462539,1900,12891,0.169271103,12.31798899,5.579796538,68.73187231,2.462774502,FlashHobby,1400,6,4,Gemfan,Hobbywing,25-30,
0.3023988,1000,0,0.000153122,7.626823646,-0.002422824,0.018478452,,T-Motor,2850,5,3,Gemfan,Hobbywing,30,
9.577168,1200,3825,0.0145545,7.620892328,0.281748209,2.147172764,6.778448317,T-Motor,2850,5,3,Gemfan,Hobbywing,30,
13.7282508,1250,4646,0.024052328,7.617115272,0.433733657,3.303799264,7.280202516,T-Motor,2850,5,3,Gemfan,Hobbywing,30,
17.8783782,1300,5445,0.031704385,7.613226732,0.621644187,4.73271814,6.698980204,T-Motor,2850,5,3,Gemfan,Hobbywing,30,
21.7533474,1325,5788,0.038118404,7.609230569,0.746327838,5.678980598,6.712191245,T-Motor,2850,5,3,Gemfan,Hobbywing,30,
25.6537196,1350,6165,0.042601062,7.60584904,0.865859694,6.585598124,6.468822052,T-Motor,2850,5,3,Gemfan,Hobbywing,30,
29.5278556,1375,6509,0.048359556,7.602272527,0.990742783,7.531896643,6.420634576,T-Motor,2850,5,3,Gemfan,Hobbywing,30,
33.4034982,1400,6843,0.052644981,7.598509625,1.119313545,8.505114742,6.189802522,T-Motor,2850,5,3,Gemfan,Hobbywing,30,
37.3036248,1425,7179,0.057947404,7.594249249,1.258689336,9.558800547,6.062204515,T-Motor,2850,5,3,Gemfan,Hobbywing,30,
41.1802186,1450,7486,0.063414169,7.589291163,1.40612268,10.67147443,5.942399986,T-Motor,2850,5,3,Gemfan,Hobbywing,30,
45.053693,1475,7807,0.070228464,7.583963692,1.57781908,11.96612262,5.868940724,T-Motor,2850,5,3,Gemfan,Hobbywing,30,
48.9538322,1500,8070,0.076668813,7.57849075,1.733483597,13.1371894,5.836013356,T-Motor,2850,5,3,Gemfan,Hobbywing,30,
53.0813152,1550,8603,0.088526446,7.568967173,2.068639402,15.65746373,5.65394548,T-Motor,2850,5,3,Gemfan,Hobbywing,30,
57.2087318,1600,9260,0.103431454,7.557197703,2.516304808,19.01621292,5.439119449,T-Motor,2850,5,3,Gemfan,Hobbywing,30,
61.3545296,1650,9990,0.118356839,7.540665457,3.030055347,22.84863369,5.180040121,T-Motor,2850,5,3,Gemfan,Hobbywing,30,
65.4801716,1700,10741,0.137758811,7.522250287,3.698470861,27.82082349,4.951643896,T-Motor,2850,5,3,Gemfan,Hobbywing,30,
69.6076054,1750,11533,0.167768417,7.497160749,4.692751847,35.18231495,4.768544018,T-Motor,2850,5,3,Gemfan,Hobbywing,30,
73.7303902,1800,12305,0.19271037,7.469484155,5.57878808,41.67066917,4.624604642,T-Motor,2850,5,3,Gemfan,Hobbywing,30,
77.8608832,1850,13077,0.220075596,7.438248201,6.666729627,49.58878966,4.438011049,T-Motor,2850,5,3,Gemfan,Hobbywing,30,
0,1000,0,0.000284917,7.970116102,0.052637403,0.419526215,,T-Motor,2850,7,6,Gemfan,Hobbywing,30,
17.575301,1300,4438,0.041073753,7.95707084,0.688687603,5.479936041,7.495297841,T-Motor,2850,7,6,Gemfan,Hobbywing,30,
21.4754446,1325,5017,0.051648166,7.951514559,0.913029822,7.259969921,7.114101888,T-Motor,2850,7,6,Gemfan,Hobbywing,30,
25.3755178,1350,5552,0.062732949,7.945194303,1.138777126,9.047805535,6.933498788,T-Motor,2850,7,6,Gemfan,Hobbywing,30,
29.2756974,1375,6001,0.075183295,7.939107933,1.375453925,10.91987717,6.884994583,T-Motor,2850,7,6,Gemfan,Hobbywing,30,
33.1756444,1400,6402,0.084915694,7.932095801,1.604280125,12.72530364,6.67297981,T-Motor,2850,7,6,Gemfan,Hobbywing,30,
37.0582076,1425,6710,0.0947779,7.925700416,1.83042522,14.50740193,6.533071889,T-Motor,2850,7,6,Gemfan,Hobbywing,30,
40.9257534,1450,7155,0.107543524,7.916441796,2.148934772,17.01191704,6.321658128,T-Motor,2850,7,6,Gemfan,Hobbywing,30,
44.8260634,1475,7527,0.119549324,7.907047571,2.474276357,19.56422086,6.110610007,T-Motor,2850,7,6,Gemfan,Hobbywing,30,
48.7258756,1500,7961,0.132799163,7.895570076,2.869272374,22.65454109,5.86192246,T-Motor,2850,7,6,Gemfan,Hobbywing,30,
52.8757236,1550,8944,0.169144639,7.871513845,3.910542646,30.78189058,5.494939923,T-Motor,2850,7,6,Gemfan,Hobbywing,30,
57.001309,1600,9825,0.203822188,7.839905029,5.136257119,40.26776802,5.061670849,T-Motor,2850,7,6,Gemfan,Hobbywing,30,
61.1513832,1650,10684,0.240216903,7.801523825,6.679682558,52.11170262,4.609653705,T-Motor,2850,7,6,Gemfan,Hobbywing,30,
65.30142,1700,11629,0.28549982,7.754357117,8.442813421,65.46859034,4.360867076,T-Motor,2850,7,6,Gemfan,Hobbywing,30,
0.3025158,1000,0,-0.000357674,11.66538,0.010753291,0.12544123,,T-motor,3550,6,4.2,Gemfan,T-motor,35,
9.5786366,1200,5462,0.095384666,11.6133736,1.336757816,15.52426793,6.144229558,T-motor,3550,6,4.2,Gemfan,T-motor,35,
14.2046676,1300,7119,0.163170793,11.53196321,2.997553965,34.56768204,4.720327872,T-motor,3550,6,4.2,Gemfan,T-motor,35,
18.3538434,1350,7649,0.197722149,11.47158634,4.085041551,46.86190684,4.219251029,T-motor,3550,6,4.2,Gemfan,T-motor,35,
22.4827316,1400,8207,0.225955069,11.41277679,5.104317214,58.25443304,3.878761784,T-motor,3550,6,4.2,Gemfan,T-motor,35,
26.6311236,1450,8712,0.250690199,11.34663488,6.225975667,70.64387264,3.548647455,T-motor,3550,6,4.2,Gemfan,T-motor,35,
30.781026,1500,9132,0.267452353,11.27649506,7.45251667,84.0382674,3.182506748,T-motor,3550,6,4.2,Gemfan,T-motor,35,
34.9057328,1550,9489,0.298281802,11.19769258,8.806960389,98.61763497,3.024629435,T-motor,3550,6,4.2,Gemfan,T-motor,35,
39.0331094,1600,10066,0.321406465,11.11533763,10.21242091,113.5145065,2.831413141,T-motor,3550,6,4.2,Gemfan,T-motor,35,
43.1558274,1650,10602,0.359205376,11.01054323,12.13418481,133.6039664,2.688583175,T-motor,3550,6,4.2,Gemfan,T-motor,35,
47.282996,1700,11127,0.397586426,10.89855544,14.24943629,155.2982714,2.560147143,T-motor,3550,6,4.2,Gemfan,T-motor,35,
0.2990352,1000,0,-8.61E-05,8.006503804,0.00959602,0.07683057,,FlashHobby,3100,5.1,3,Gemfan,Hobbywing,20-30,
9.5749526,1200,8459,0.018835618,8.000987821,0.308101905,2.46511959,7.64085355,FlashHobby,3100,5.1,3,Gemfan,Hobbywing,20-30,
13.7249,1250,10124,0.02795857,7.997246815,0.465350863,3.721525707,7.512663463,FlashHobby,3100,5.1,3,Gemfan,Hobbywing,20-30,
17.874206,1300,11747,0.038643706,7.992685655,0.691730963,5.528788142,6.989543699,FlashHobby,3100,5.1,3,Gemfan,Hobbywing,20-30,
21.7753142,1325,12447,0.044316668,7.989630701,0.8223155,6.569997162,6.74531,FlashHobby,3100,5.1,3,Gemfan,Hobbywing,20-30,
25.6758276,1350,13140,0.050237228,7.985809815,0.968576728,7.734869537,6.494903058,FlashHobby,3100,5.1,3,Gemfan,Hobbywing,20-30,
29.5758564,1375,13856,0.056272668,7.981378196,1.117501372,8.919201087,6.309160129,FlashHobby,3100,5.1,3,Gemfan,Hobbywing,20-30,
33.4763018,1400,14564,0.062452626,7.976959717,1.280045386,10.21087048,6.116288176,FlashHobby,3100,5.1,3,Gemfan,Hobbywing,20-30,
37.3524704,1425,15228,0.069634163,7.972218098,1.461884695,11.65446362,5.974892116,FlashHobby,3100,5.1,3,Gemfan,Hobbywing,20-30,
41.2282858,1450,15894,0.076038571,7.966942078,1.650611087,13.15032292,5.782258839,FlashHobby,3100,5.1,3,Gemfan,Hobbywing,20-30,
45.1278724,1475,16513,0.082468226,7.9608131,1.852702387,14.74901743,5.591438617,FlashHobby,3100,5.1,3,Gemfan,Hobbywing,20-30,
49.0049114,1500,17166,0.090227895,7.954293945,2.075033854,16.50542922,5.46655852,FlashHobby,3100,5.1,3,Gemfan,Hobbywing,20-30,
53.130054,1550,18461,0.106248035,7.942023144,2.579250152,20.4844644,5.186761691,FlashHobby,3100,5.1,3,Gemfan,Hobbywing,20-30,
57.3111648,1600,19734,0.122618748,7.926902189,3.183452088,25.23491332,4.859091321,FlashHobby,3100,5.1,3,Gemfan,Hobbywing,20-30,
61.4563256,1650,21036,0.140885868,7.909133975,3.892102572,30.78316069,4.576718718,FlashHobby,3100,5.1,3,Gemfan,Hobbywing,20-30,
65.6070558,1700,22366,0.161252371,7.889247455,4.695772525,37.04611144,4.352747551,FlashHobby,3100,5.1,3,Gemfan,Hobbywing,20-30,
69.8078534,1750,23699,0.184158324,7.865808591,5.619655297,44.20313291,4.166182619,FlashHobby,3100,5.1,3,Gemfan,Hobbywing,20-30,
74.0096932,1800,25027,0.204646297,7.837922996,6.630492122,51.96928668,3.93783156,FlashHobby,3100,5.1,3,Gemfan,Hobbywing,20-30,
78.161327,1850,26246,0.226777031,7.808452956,7.746426998,60.4876108,3.749148432,FlashHobby,3100,5.1,3,Gemfan,Hobbywing,20-30,
0.3012048,1000,0,-4.38E-05,11.9735713,0.005009495,0.059981551,8.420465,MultiStar Elite,2150,6,4.5,Master Airscrew,MultiStar Elite,40,
9.5851236,1200,4403,0.057240835,11.95470637,0.605313549,7.236345742,7.910185175,MultiStar Elite,2150,6,4.5,Master Airscrew,MultiStar Elite,40,
13.7522938,1250,5357,0.084865109,11.93858267,0.975070996,11.64096571,7.290212074,MultiStar Elite,2150,6,4.5,Master Airscrew,MultiStar Elite,40,
17.877579,1300,6139,0.111260207,11.92188837,1.357404362,16.18282328,6.87520371,MultiStar Elite,2150,6,4.5,Master Airscrew,MultiStar Elite,40,
22.029418,1350,6841,0.144325999,11.89799729,1.839903616,21.89116823,6.592887017,MultiStar Elite,2150,6,4.5,Master Airscrew,MultiStar Elite,40,
26.1775356,1400,7583,0.176054503,11.86992722,2.456968776,29.16404054,6.036697913,MultiStar Elite,2150,6,4.5,Master Airscrew,MultiStar Elite,40,
30.803898,1500,9032,0.250365231,11.80758566,3.987755184,47.08576093,5.317217488,MultiStar Elite,2150,6,4.5,Master Airscrew,MultiStar Elite,40,
35.4284296,1600,10287,0.33918904,11.71201926,6.22539731,72.91197318,4.652034844,MultiStar Elite,2150,6,4.5,Master Airscrew,MultiStar Elite,40,
40.0540574,1700,11592,0.428783567,11.59383136,8.963116862,103.9168654,4.126217293,MultiStar Elite,2150,6,4.5,Master Airscrew,MultiStar Elite,40,
0.300981,1000,0,3.13E-05,7.688826945,0.691753071,5.318769652,,Tâ€‘Motor,2850,5.1,4.55,Gemfan,Hobbywing,30,
9.5505998,1200,3678,0.022284542,7.692935251,0.425661036,3.274582786,6.805307246,Tâ€‘Motor,2850,5.1,4.55,Gemfan,Hobbywing,30,
13.7008002,1250,4427,0.033267198,7.687335359,0.642744079,4.940989289,6.732902356,Tâ€‘Motor,2850,5.1,4.55,Gemfan,Hobbywing,30,
17.8512372,1300,5110,0.045466599,7.681198351,0.92237444,7.084941027,6.417357502,Tâ€‘Motor,2850,5.1,4.55,Gemfan,Hobbywing,30,
21.7262252,1325,5405,0.052312902,7.677054364,1.070474913,8.218094104,6.365575869,Tâ€‘Motor,2850,5.1,4.55,Gemfan,Hobbywing,30,
25.6260348,1350,5678,0.058349607,7.671889384,1.221049708,9.367758295,6.228769501,Tâ€‘Motor,2850,5.1,4.55,Gemfan,Hobbywing,30,
29.5264604,1375,5919,0.064192718,7.66588336,1.357109833,10.40344569,6.170332373,Tâ€‘Motor,2850,5.1,4.55,Gemfan,Hobbywing,30,
33.4014596,1400,6163,0.069674577,7.660295308,1.515833764,11.61173427,6.000359267,Tâ€‘Motor,2850,5.1,4.55,Gemfan,Hobbywing,30,
37.301724,1425,6436,0.075626206,7.65373909,1.708893872,13.07942783,5.782072991,Tâ€‘Motor,2850,5.1,4.55,Gemfan,Hobbywing,30,
41.1549526,1450,6714,0.0816616,7.647983289,1.892236108,14.47179013,5.642812589,Tâ€‘Motor,2850,5.1,4.55,Gemfan,Hobbywing,30,
45.0270994,1475,6968,0.089254063,7.641018161,2.12012461,16.19991065,5.509540473,Tâ€‘Motor,2850,5.1,4.55,Gemfan,Hobbywing,30,
48.927231,1500,7221,0.096737334,7.632777298,2.381518566,18.17760085,5.321787766,Tâ€‘Motor,2850,5.1,4.55,Gemfan,Hobbywing,30,
53.0515302,1550,7758,0.114604815,7.617524606,2.942673152,22.41588514,5.112660685,Tâ€‘Motor,2850,5.1,4.55,Gemfan,Hobbywing,30,
57.1772776,1600,8338,0.133762566,7.599990078,3.602206723,27.37673535,4.885994055,Tâ€‘Motor,2850,5.1,4.55,Gemfan,Hobbywing,30,
61.3024454,1650,9011,0.152621352,7.57890404,4.370470952,33.12337995,4.607662389,Tâ€‘Motor,2850,5.1,4.55,Gemfan,Hobbywing,30,
65.4286716,1700,9628,0.175411439,7.553341968,5.3485821,40.39966965,4.341902801,Tâ€‘Motor,2850,5.1,4.55,Gemfan,Hobbywing,30,
69.5525858,1750,10263,0.201209068,7.521563028,6.472819185,48.68571747,4.132815099,Tâ€‘Motor,2850,5.1,4.55,Gemfan,Hobbywing,30,
73.677544,1800,10915,0.23389376,7.482448436,7.838559728,58.65161898,3.987848316,Tâ€‘Motor,2850,5.1,4.55,Gemfan,Hobbywing,30,
77.8090304,1850,11607,0.264715397,7.439773042,9.28125589,69.05043737,3.833652721,Tâ€‘Motor,2850,5.1,4.55,Gemfan,Hobbywing,30,
0.567288,1000,0,-0.000806379,12.59084434,-0.026629642,0.33528968,,PrimoPal,1400,5,4,Gemfan,Hobbywing,20-25,
7.0050172,1200,3527,0.008887259,12.586296,0.082310486,1.035984138,8.578567009,PrimoPal,1400,5,4,Gemfan,Hobbywing,20-25,
12.4297382,1300,5101,0.01846402,12.58074246,0.213773199,2.689425561,6.865414026,PrimoPal,1400,5,4,Gemfan,Hobbywing,20-25,
17.1344886,1350,5831,0.024567998,12.57569128,0.311410944,3.916207891,6.273415248,PrimoPal,1400,5,4,Gemfan,Hobbywing,20-25,
21.9435822,1400,6477,0.030769348,12.57006886,0.420013003,5.279592363,5.827977927,PrimoPal,1400,5,4,Gemfan,Hobbywing,20-25,
26.9501336,1450,7153,0.037370184,12.56259036,0.546543013,6.865995981,5.442791473,PrimoPal,1400,5,4,Gemfan,Hobbywing,20-25,
31.8905252,1500,7844,0.044421476,12.55393251,0.701414576,8.805511256,5.044735643,PrimoPal,1400,5,4,Gemfan,Hobbywing,20-25,
36.8886734,1550,8520,0.053372086,12.54370161,0.900762026,11.29889007,4.72365742,PrimoPal,1400,5,4,Gemfan,Hobbywing,20-25,
41.8577298,1600,9201,0.063272891,12.53117144,1.12237109,14.06462454,4.49872594,PrimoPal,1400,5,4,Gemfan,Hobbywing,20-25,
46.8540956,1650,9877,0.072968135,12.5170671,1.353906631,16.94694014,4.305682,PrimoPal,1400,5,4,Gemfan,Hobbywing,20-25,
52.0441284,1700,10559,0.081480173,12.50057258,1.619111896,20.23982577,4.025734923,PrimoPal,1400,5,4,Gemfan,Hobbywing,20-25,
57.1262536,1750,11243,0.092716802,12.48156632,1.913188191,23.8795853,3.882680576,PrimoPal,1400,5,4,Gemfan,Hobbywing,20-25,
62.0872364,1800,11866,0.103848525,12.46051425,2.274395467,28.34013712,3.664362135,PrimoPal,1400,5,4,Gemfan,Hobbywing,20-25,
0.3006576,1000,0,-0.000334796,12.74538536,0.007187684,0.091609802,,,1300,6,4.5,Master Airscrew,Hobbywing,35,
9.5761466,1200,3028,0.02696816,12.73236195,0.217126494,2.764533106,9.755050414,,1300,6,4.5,Master Airscrew,Hobbywing,35,
13.727976,1250,3653,0.040659503,12.72407568,0.338024402,4.301048079,9.45339432,,1300,6,4.5,Master Airscrew,Hobbywing,35,
17.8770228,1300,4281,0.055723491,12.71385155,0.472170479,6.003105375,9.28244431,,1300,6,4.5,Master Airscrew,Hobbywing,35,
21.7531006,1325,4610,0.065615472,12.70488958,0.578027819,7.343779615,8.934836782,,1300,6,4.5,Master Airscrew,Hobbywing,35,
25.6523256,1350,4939,0.077782637,12.69545543,0.697817793,8.859114684,8.779955943,,1300,6,4.5,Master Airscrew,Hobbywing,35,
29.528775,1375,5261,0.087367965,12.68597782,0.821528377,10.42189077,8.383120383,,1300,6,4.5,Master Airscrew,Hobbywing,35,
33.4295956,1400,5580,0.096405657,12.67562875,0.943352419,11.95758504,8.062301621,,1300,6,4.5,Master Airscrew,Hobbywing,35,
37.329229,1425,5875,0.105007734,12.66473795,1.072495712,13.58287714,7.730890349,,1300,6,4.5,Master Airscrew,Hobbywing,35,
41.2038224,1450,6157,0.120615084,12.64897254,1.244012208,15.73547627,7.665168917,,1300,6,4.5,Master Airscrew,Hobbywing,35,
45.0801428,1475,6450,0.13134966,12.63511499,1.406163542,17.76703804,7.392884491,,1300,6,4.5,Master Airscrew,Hobbywing,35,
48.9808596,1500,6746,0.143310449,12.62001847,1.574396532,19.86891332,7.212797546,,1300,6,4.5,Master Airscrew,Hobbywing,35,
53.6315184,1600,7835,0.19410828,12.56085371,2.368089248,29.74522262,6.52569599,,1300,6,4.5,Master Airscrew,Hobbywing,35,
58.2572028,1700,8902,0.2539442,12.48165618,3.459627806,43.18188478,5.880803984,,1300,6,4.5,Master Airscrew,Hobbywing,35,
0.2983052,1000,0,-3.13E-05,12.24060925,0.005710545,0.069900552,,Lumenier,1750,6,4,Lumenier,Lumenier,30,
9.5513622,1200,3995,0.034866273,12.22617619,0.396035326,4.841997679,7.200803318,Lumenier,1750,6,4,Lumenier,Lumenier,30,
13.675019,1250,4883,0.054405304,12.21600064,0.60278518,7.36362414,7.388386821,Lumenier,1750,6,4,Lumenier,Lumenier,30,
17.8023502,1300,5741,0.078768244,12.20224577,0.882205343,10.76488642,7.31714584,Lumenier,1750,6,4,Lumenier,Lumenier,30,
21.6780974,1325,6174,0.089132355,12.19360534,1.018285365,12.41656986,7.178500631,Lumenier,1750,6,4,Lumenier,Lumenier,30,
25.5505756,1350,6557,0.103206638,12.18199166,1.184741707,14.43251359,7.150981519,Lumenier,1750,6,4,Lumenier,Lumenier,30,
29.4519648,1375,6943,0.115616553,12.17052545,1.344031733,16.35757242,7.068075242,Lumenier,1750,6,4,Lumenier,Lumenier,30,
33.3522128,1400,7308,0.127369163,12.15808477,1.544082811,18.77308971,6.784667017,Lumenier,1750,6,4,Lumenier,Lumenier,30,
37.2514216,1425,7676,0.144679603,12.14507346,1.74981149,21.25158907,6.807942805,Lumenier,1750,6,4,Lumenier,Lumenier,30,
41.1277204,1450,8026,0.158676391,12.13041707,1.954556209,23.70958199,6.692500576,Lumenier,1750,6,4,Lumenier,Lumenier,30,
45.02667,1475,8381,0.171117802,12.11598223,2.167525159,26.26169631,6.51587012,Lumenier,1750,6,4,Lumenier,Lumenier,30,
48.9263192,1500,8685,0.185063491,12.10040675,2.404985958,29.10130832,6.359284241,Lumenier,1750,6,4,Lumenier,Lumenier,30,
53.5792104,1600,10005,0.260295602,12.03991639,3.583485681,43.14486799,6.033060562,Lumenier,1750,6,4,Lumenier,Lumenier,30,
58.2282732,1700,11550,0.35012016,11.94563819,5.440615219,64.99162094,5.387158452,Lumenier,1750,6,4,Lumenier,Lumenier,30,
0.3028984,1000,0,0.000446721,12.45098545,0.021935663,0.273120617,,rcINpower,1800,6,4,Lumenier,Hobbywing,45,
9.5520704,1200,4314,0.042782152,12.4230016,0.616341042,7.656805754,5.587467292,rcINpower,1800,6,4,Lumenier,Hobbywing,45,
13.7031476,1250,5270,0.064667989,12.40572977,0.918881109,11.39939072,5.672933766,rcINpower,1800,6,4,Lumenier,Hobbywing,45,
17.8548784,1300,6171,0.09232088,12.38551249,1.278786132,15.83842161,5.828919211,rcINpower,1800,6,4,Lumenier,Hobbywing,45,
21.75393,1325,6586,0.105035825,12.37234543,1.458911322,18.05015483,5.819109387,rcINpower,1800,6,4,Lumenier,Hobbywing,45,
25.654247,1350,6989,0.121037072,12.35812828,1.665226375,20.57908115,5.881558632,rcINpower,1800,6,4,Lumenier,Hobbywing,45,
29.5305718,1375,7396,0.133064504,12.34280184,1.856331465,22.91233141,5.807549707,rcINpower,1800,6,4,Lumenier,Hobbywing,45,
33.4305328,1400,7786,0.147571325,12.32628174,2.085601083,25.70770655,5.740353556,rcINpower,1800,6,4,Lumenier,Hobbywing,45,
37.3307852,1425,8135,0.164277595,12.3090104,2.356798195,29.00985349,5.662820571,rcINpower,1800,6,4,Lumenier,Hobbywing,45,
41.2064748,1450,8492,0.180172814,12.29007702,2.597825555,31.92747614,5.643190012,rcINpower,1800,6,4,Lumenier,Hobbywing,45,
45.0813064,1475,8847,0.197104199,12.26977191,2.880243942,35.33993622,5.577378446,rcINpower,1800,6,4,Lumenier,Hobbywing,45,
48.9576896,1500,9207,0.212362265,12.24667397,3.152236725,38.60441544,5.500983825,rcINpower,1800,6,4,Lumenier,Hobbywing,45,
53.608127,1600,10618,0.281118489,12.17383572,4.498536964,54.76444996,5.133229472,rcINpower,1800,6,4,Lumenier,Hobbywing,45,
58.2318332,1700,12242,0.380031108,12.06042277,6.66909001,80.43204502,4.72487188,rcINpower,1800,6,4,Lumenier,Hobbywing,45,
,1000,0,0.000758514,8.118845537,0.021805618,0.177036443,,Diatone,2900,5.1,3,Gemfan,Diatone,30,
,1200,4432,0.02065972,8.110913794,0.433362772,3.514968084,5.877640911,Diatone,2900,5.1,3,Gemfan,Diatone,30,
,1250,5372,0.031573178,8.107234073,0.660974113,5.358671853,5.891978306,Diatone,2900,5.1,3,Gemfan,Diatone,30,
,1300,6248,0.042718167,8.100622848,0.937398243,7.593509626,5.625615675,Diatone,2900,5.1,3,Gemfan,Diatone,30,
,1325,6662,0.049800487,8.096631305,1.09133499,8.836137047,5.636002156,Diatone,2900,5.1,3,Gemfan,Diatone,30,
,1350,7031,0.056456459,8.09242261,1.264074448,10.22942465,5.519025855,Diatone,2900,5.1,3,Gemfan,Diatone,30,
,1375,7400,0.064330648,8.087547381,1.430095945,11.56596871,5.562063091,Diatone,2900,5.1,3,Gemfan,Diatone,30,
,1400,7779,0.070314896,8.083032772,1.604504013,12.96925852,5.421658889,Diatone,2900,5.1,3,Gemfan,Diatone,30,
,1425,8145,0.078084851,8.078080601,1.794179703,14.49352826,5.387566765,Diatone,2900,5.1,3,Gemfan,Diatone,30,
,1450,8438,0.088679924,8.071077629,2.032577679,16.40509223,5.405633989,Diatone,2900,5.1,3,Gemfan,Diatone,30,
,1475,8782,0.094015181,8.065993067,2.223150628,17.93191755,5.242896102,Diatone,2900,5.1,3,Gemfan,Diatone,30,
,1500,9051,0.100777528,8.058885519,2.442622869,19.68481807,5.119555988,Diatone,2900,5.1,3,Gemfan,Diatone,30,
,1550,9646,0.116814397,8.047754709,2.903916996,23.37001168,4.99847407,Diatone,2900,5.1,3,Gemfan,Diatone,30,
,1600,10335,0.138683084,8.032647066,3.548611185,28.50474122,4.86526373,Diatone,2900,5.1,3,Gemfan,Diatone,30,
,1650,11155,0.156295412,8.013733161,4.263034727,34.16282276,4.575014569,Diatone,2900,5.1,3,Gemfan,Diatone,30,
,1700,11959,0.186153178,7.987384441,5.301729119,42.34694868,4.395905339,Diatone,2900,5.1,3,Gemfan,Diatone,30,
,1750,12828,0.207525052,7.963530653,6.285189697,50.05230081,4.146164088,Diatone,2900,5.1,3,Gemfan,Diatone,30,
,1800,13679,0.242788617,7.932509549,7.584787857,60.1664021,4.035285623,Diatone,2900,5.1,3,Gemfan,Diatone,30,
,1850,14523,0.269783937,7.899164275,8.91616144,70.43022391,3.830513691,Diatone,2900,5.1,3,Gemfan,Diatone,30,
0.3010058,1000,0,-5.49E-05,7.731368218,0.071765429,0.554844954,,Xâ€‘Nova,3100,6,2.6,Gemfan LR,Hobbywing,30,
9.5768102,1200,4069,0.024883716,7.725240263,0.431108872,3.330419616,7.471645779,Xâ€‘Nova,3100,6,2.6,Gemfan LR,Hobbywing,30,
13.7262392,1250,4932,0.037400471,7.720115333,0.643021928,4.964203447,7.53403259,Xâ€‘Nova,3100,6,2.6,Gemfan LR,Hobbywing,30,
17.876512,1300,5677,0.049875107,7.713882444,0.910976876,7.027168532,7.097468445,Xâ€‘Nova,3100,6,2.6,Gemfan LR,Hobbywing,30,
21.7767818,1325,5969,0.056607236,7.709911647,1.0523709,8.113686663,6.976758903,Xâ€‘Nova,3100,6,2.6,Gemfan LR,Hobbywing,30,
25.6500102,1350,6274,0.060964059,7.705745781,1.181710619,9.105961617,6.69496117,Xâ€‘Nova,3100,6,2.6,Gemfan LR,Hobbywing,30,
29.5273462,1375,6491,0.067805994,7.70143824,1.31447745,10.1233669,6.697968632,Xâ€‘Nova,3100,6,2.6,Gemfan LR,Hobbywing,30,
33.401379,1400,6766,0.073445692,7.696788647,1.455551967,11.20307586,6.555850609,Xâ€‘Nova,3100,6,2.6,Gemfan LR,Hobbywing,30,
37.2833134,1425,7053,0.080170476,7.691699323,1.623448077,12.48707448,6.420276905,Xâ€‘Nova,3100,6,2.6,Gemfan LR,Hobbywing,30,
41.1306544,1450,7352,0.085791362,7.685042449,1.823177984,14.0112002,6.123055874,Xâ€‘Nova,3100,6,2.6,Gemfan LR,Hobbywing,30,
45.0269084,1475,7632,0.0972784,7.678341807,2.050150567,15.74175681,6.179640616,Xâ€‘Nova,3100,6,2.6,Gemfan LR,Hobbywing,30,
48.8980928,1500,7937,0.103203824,7.670457015,2.274598365,17.44720898,5.915205352,Xâ€‘Nova,3100,6,2.6,Gemfan LR,Hobbywing,30,
53.0271822,1550,8512,0.122036385,7.654941054,2.810014285,21.51049371,5.673341872,Xâ€‘Nova,3100,6,2.6,Gemfan LR,Hobbywing,30,
57.1781814,1600,9144,0.142976235,7.637179815,3.444741045,26.30810677,5.434683527,Xâ€‘Nova,3100,6,2.6,Gemfan LR,Hobbywing,30,
61.3237562,1650,9749,0.164808923,7.61741071,4.192504818,31.9360311,5.160595012,Xâ€‘Nova,3100,6,2.6,Gemfan LR,Hobbywing,30,
65.4547286,1700,10435,0.187855268,7.593275035,5.082273408,38.59109979,4.867839191,Xâ€‘Nova,3100,6,2.6,Gemfan LR,Hobbywing,30,
69.6120954,1750,11147,0.216806129,7.564557,6.138626844,46.43599266,4.668924172,Xâ€‘Nova,3100,6,2.6,Gemfan LR,Hobbywing,30,
73.732681,1800,11781,0.245011561,7.528667227,7.404041496,55.74256456,4.395412434,Xâ€‘Nova,3100,6,2.6,Gemfan LR,Hobbywing,30,
77.860958,1850,12389,0.276704564,7.489294418,8.76742493,65.66182658,4.214085693,Xâ€‘Nova,3100,6,2.6,Gemfan LR,Hobbywing,30,
0.3010386,1000,0,0.000568131,12.29698528,0.00986504,0.121310248,,Lumenier,1750,6,4.2,APC,Lumenier,30,
9.5543414,1200,3942,0.040793808,12.28039184,0.450240041,5.529124132,7.377987284,Lumenier,1750,6,4.2,APC,Lumenier,30,
13.705548,1250,4814,0.063992833,12.26762702,0.695955116,8.537717788,7.495308994,Lumenier,1750,6,4.2,APC,Lumenier,30,
17.8306042,1300,5645,0.091918793,12.24953282,1.03279169,12.6512157,7.265609537,Lumenier,1750,6,4.2,APC,Lumenier,30,
21.7319976,1325,6032,0.10397334,12.23719788,1.219450804,14.9226608,6.967479982,Lumenier,1750,6,4.2,APC,Lumenier,30,
25.62972,1350,6395,0.118894931,12.2259964,1.399884719,17.11498554,6.946832132,Lumenier,1750,6,4.2,APC,Lumenier,30,
29.5299926,1375,6743,0.135163165,12.21117905,1.627436799,19.87292215,6.801373434,Lumenier,1750,6,4.2,APC,Lumenier,30,
33.4301576,1400,7064,0.149560579,12.19753277,1.837516187,22.41316391,6.672890068,Lumenier,1750,6,4.2,APC,Lumenier,30,
37.3306484,1425,7361,0.162865385,12.18060699,2.061433477,25.10951101,6.486202976,Lumenier,1750,6,4.2,APC,Lumenier,30,
41.207794,1450,7665,0.173774097,12.16609542,2.265886876,27.56699594,6.303700892,Lumenier,1750,6,4.2,APC,Lumenier,30,
45.0824078,1475,7961,0.19028666,12.14843037,2.532115704,30.76123132,6.185924668,Lumenier,1750,6,4.2,APC,Lumenier,30,
48.9568712,1500,8274,0.208244769,12.12931863,2.807025121,34.0473021,6.116336854,Lumenier,1750,6,4.2,APC,Lumenier,30,
53.5826896,1600,9598,0.279591133,12.05521125,4.289107986,51.70610283,5.407313989,Lumenier,1750,6,4.2,APC,Lumenier,30,
58.2176764,1700,11016,0.366659486,11.94942529,6.404723425,76.53276407,4.790882581,Lumenier,1750,6,4.2,APC,Lumenier,30,
0.2965618,1000,0,7.09E-05,7.664586873,0.049310319,0.377943226,,Tâ€‘Motor,2850,5.5,5.2,Gemfan,Hobbywing,30,
9.5715912,1200,3508,0.029640889,7.655144121,0.488185867,3.737133166,7.93145111,Tâ€‘Motor,2850,5.5,5.2,Gemfan,Hobbywing,30,
13.721663,1250,4179,0.042283478,7.649862442,0.729381295,5.579666576,7.578137032,Tâ€‘Motor,2850,5.5,5.2,Gemfan,Hobbywing,30,
17.8712498,1300,4725,0.054786682,7.643089139,1.0007598,7.648896356,7.162691173,Tâ€‘Motor,2850,5.5,5.2,Gemfan,Hobbywing,30,
21.772277,1325,4988,0.061675818,7.638975503,1.149445041,8.780582506,7.024114676,Tâ€‘Motor,2850,5.5,5.2,Gemfan,Hobbywing,30,
25.6474958,1350,5247,0.069313841,7.633218823,1.321460989,10.0870009,6.871600554,Tâ€‘Motor,2850,5.5,5.2,Gemfan,Hobbywing,30,
29.54695,1375,5527,0.076255443,7.627549135,1.510616751,11.52230349,6.618072733,Tâ€‘Motor,2850,5.5,5.2,Gemfan,Hobbywing,30,
33.4472898,1400,5794,0.08366814,7.62167517,1.721667059,13.12198708,6.376179095,Tâ€‘Motor,2850,5.5,5.2,Gemfan,Hobbywing,30,
37.3219168,1425,6033,0.09361138,7.614685565,1.95479225,14.88512833,6.288919929,Tâ€‘Motor,2850,5.5,5.2,Gemfan,Hobbywing,30,
41.2218534,1450,6284,0.100344232,7.607003898,2.196416718,16.70815053,6.00570553,Tâ€‘Motor,2850,5.5,5.2,Gemfan,Hobbywing,30,
45.0991686,1475,6543,0.108218163,7.598185437,2.448602719,18.60493752,5.816636726,Tâ€‘Motor,2850,5.5,5.2,Gemfan,Hobbywing,30,
48.9992158,1500,6764,0.116841398,7.590069298,2.735681358,20.76401108,5.62711114,Tâ€‘Motor,2850,5.5,5.2,Gemfan,Hobbywing,30,
53.1483672,1550,7302,0.131911884,7.574160745,3.315754589,25.11405825,5.252511668,Tâ€‘Motor,2850,5.5,5.2,Gemfan,Hobbywing,30,
57.2517424,1600,7817,0.153070101,7.552936424,4.103781187,30.9955984,4.938446377,Tâ€‘Motor,2850,5.5,5.2,Gemfan,Hobbywing,30,
61.3978504,1650,8309,0.178175239,7.527535575,5.034653145,37.89853065,4.701375905,Tâ€‘Motor,2850,5.5,5.2,Gemfan,Hobbywing,30,
65.54779,1700,8895,0.204152779,7.497627531,6.143902596,46.06469325,4.431871018,Tâ€‘Motor,2850,5.5,5.2,Gemfan,Hobbywing,30,
69.6728718,1750,9448,0.234776138,7.461016835,7.446083147,55.55535172,4.22598599,Tâ€‘Motor,2850,5.5,5.2,Gemfan,Hobbywing,30,
73.7975244,1800,10157,0.260108471,7.420574775,8.863387909,65.77143274,3.95473323,Tâ€‘Motor,2850,5.5,5.2,Gemfan,Hobbywing,30,
77.923063,1850,10760,0.289898661,7.376230221,10.41351481,76.81248264,3.774108728,Tâ€‘Motor,2850,5.5,5.2,Gemfan,Hobbywing,30,
0.2996082,1000,0,0.001039844,8.194846885,-0.003508116,0.02874847,,BrotherHobby,3100,5,4,Gemfan,Hobbywing,30-35,
9.5755612,1200,4388,0.021196102,8.187795683,0.381759205,3.125766371,6.781089745,BrotherHobby,3110,5,4,Gemfan,Hobbywing,30-35,
13.725514,1250,5344,0.03166217,8.182993105,0.562220495,4.600646437,6.882113215,BrotherHobby,3120,5,4,Gemfan,Hobbywing,30-35,
17.8761266,1300,6226,0.04173721,8.178050595,0.796401357,6.513010589,6.40828216,BrotherHobby,3130,5,4,Gemfan,Hobbywing,30-35,
21.7759922,1325,6637,0.048643128,8.174325671,0.920536597,7.524765938,6.464404129,BrotherHobby,3140,5,4,Gemfan,Hobbywing,30-35,
25.6764144,1350,7047,0.053755354,8.170215264,1.047783148,8.560613869,6.27938081,BrotherHobby,3150,5,4,Gemfan,Hobbywing,30-35,
29.5774378,1375,7434,0.059756403,8.166999209,1.198593871,9.788915196,6.104496993,BrotherHobby,3160,5,4,Gemfan,Hobbywing,30-35,
33.4764474,1400,7825,0.066360204,8.162632204,1.343968354,10.97031937,6.049067681,BrotherHobby,3170,5,4,Gemfan,Hobbywing,30-35,
37.3773602,1425,8198,0.072669262,8.157403389,1.494882506,12.19435962,5.959252021,BrotherHobby,3180,5,4,Gemfan,Hobbywing,30-35,
41.2535618,1450,8600,0.080220995,8.153225922,1.665325281,13.57777325,5.908258585,BrotherHobby,3190,5,4,Gemfan,Hobbywing,30-35,
45.1280168,1475,8981,0.086300092,8.147181617,1.849259795,15.0662554,5.728038583,BrotherHobby,3200,5,4,Gemfan,Hobbywing,30-35,
49.0286296,1500,9356,0.093418159,8.141897048,2.045134048,16.65127087,5.610271991,BrotherHobby,3210,5,4,Gemfan,Hobbywing,30-35,
53.1788228,1550,10035,0.108783477,8.131817597,2.434568643,19.79746813,5.49481763,BrotherHobby,3220,5,4,Gemfan,Hobbywing,30-35,
57.3301366,1600,10706,0.124259474,8.120397852,2.852168505,23.160743,5.365090152,BrotherHobby,3230,5,4,Gemfan,Hobbywing,30-35,
61.4551404,1650,11578,0.143711427,8.105500971,3.483341271,28.23422606,5.08997224,BrotherHobby,3240,5,4,Gemfan,Hobbywing,30-35,
65.5804952,1700,12365,0.163165669,8.087467659,4.19429429,33.92121942,4.81013572,BrotherHobby,3250,5,4,Gemfan,Hobbywing,30-35,
69.733166,1750,13225,0.186979446,8.067006579,5.026866092,40.55176183,4.610883418,BrotherHobby,3260,5,4,Gemfan,Hobbywing,30-35,
73.8836976,1800,14127,0.212719964,8.043794846,5.993480412,48.21032684,4.412331929,BrotherHobby,3270,5,4,Gemfan,Hobbywing,30-35,
78.058405,1850,14949,0.238619656,8.016634588,6.994264592,56.07046345,4.255710427,BrotherHobby,3280,5,4,Gemfan,Hobbywing,30-35,
0,1000,0,0.000121158,7.880851987,0.033006498,0.260119326,,BrotherHobby,3600,6,3,Common FPV brands,Hobbywing,20-35,
17.3006198,1275,4917,0.027465925,7.872127548,0.432230474,3.402573425,8.072103675,BrotherHobby,3600,6,3,Common FPV brands,Hobbywing,20-35,
21.1767936,1300,5620,0.036139729,7.868473542,0.589860947,4.641305256,7.78654421,BrotherHobby,3600,6,3,Common FPV brands,Hobbywing,20-35,
25.076396,1325,6338,0.046627644,7.863367715,0.795127225,6.252377749,7.457585883,BrotherHobby,3600,6,3,Common FPV brands,Hobbywing,20-35,
28.951647,1350,7004,0.057015516,7.858797258,1.012259259,7.955140289,7.167128956,BrotherHobby,3600,6,3,Common FPV brands,Hobbywing,20-35,
32.8513086,1375,7601,0.066778442,7.851782286,1.247649134,9.796269368,6.816721701,BrotherHobby,3600,6,3,Common FPV brands,Hobbywing,20-35,
36.7514026,1400,8167,0.077244401,7.843386921,1.508442871,11.83130108,6.528817143,BrotherHobby,3600,6,3,Common FPV brands,Hobbywing,20-35,
40.6519862,1425,8627,0.087253085,7.835648415,1.758243445,13.77697746,6.333253064,BrotherHobby,3600,6,3,Common FPV brands,Hobbywing,20-35,
44.5270912,1450,9003,0.095083316,7.828291734,1.977110366,15.47739673,6.143366233,BrotherHobby,3600,6,3,Common FPV brands,Hobbywing,20-35,
48.40197,1475,9487,0.10677618,7.819756201,2.309086366,18.05649243,5.913450832,BrotherHobby,3600,6,3,Common FPV brands,Hobbywing,20-35,
52.3016472,1500,10098,0.121802399,7.807633821,2.744616438,21.42896013,5.684008859,BrotherHobby,3600,6,3,Common FPV brands,Hobbywing,20-35,
56.2021172,1525,10306,0.127746008,7.799746925,2.980397883,23.24634922,5.495314843,BrotherHobby,3600,6,3,Common FPV brands,Hobbywing,20-35,
60.102332,1550,10795,0.141504554,7.786791236,3.441913444,26.80146144,5.279732755,BrotherHobby,3600,6,3,Common FPV brands,Hobbywing,20-35,
63.9777004,1575,11315,0.15708991,7.768975458,4.027578038,31.29015493,5.020426099,BrotherHobby,3600,6,3,Common FPV brands,Hobbywing,20-35,
67.8778794,1600,11710,0.172373854,7.754174247,4.518947048,35.04070282,4.919246468,BrotherHobby,3600,6,3,Common FPV brands,Hobbywing,20-35,
71.777726,1625,12239,0.189077647,7.738108882,5.087261391,39.36578256,4.803096358,BrotherHobby,3600,6,3,Common FPV brands,Hobbywing,20-35,
75.6779074,1650,12806,0.206897835,7.718566526,5.767798448,44.51913603,4.647391055,BrotherHobby,3600,6,3,Common FPV brands,Hobbywing,20-35,
79.5784802,1675,13320,0.226883612,7.695704576,6.629108793,51.01566287,4.447332432,BrotherHobby,3600,6,3,Common FPV brands,Hobbywing,20-35,
83.478335,1700,13711,0.244758375,7.67356464,7.372405305,56.57262866,4.326445148,BrotherHobby,3600,6,3,Common FPV brands,Hobbywing,20-35,
87.3779932,1725,14168,0.262386433,7.648459095,8.098420949,61.94044136,4.236108546,BrotherHobby,3600,6,3,Common FPV brands,Hobbywing,20-35,
91.2782272,1750,14512,0.281761738,7.623025752,8.939355876,68.14494005,4.134741888,BrotherHobby,3600,6,3,Common FPV brands,Hobbywing,20-35,
95.1790056,1775,14866,0.293608989,7.598578356,9.731852107,73.94824078,3.970466178,BrotherHobby,3600,6,3,Common FPV brands,Hobbywing,20-35,
99.0788628,1800,15066,0.311679504,7.572161057,10.58120351,80.12257717,3.890033431,BrotherHobby,3600,6,3,Common FPV brands,Hobbywing,20-35,
102.97884,1825,15467,0.321660856,7.544373841,11.41982467,86.15542649,3.733495023,BrotherHobby,3600,6,3,Common FPV brands,Hobbywing,20-35,
106.878629,1850,15660,0.330894744,7.522183323,11.98609347,90.16159242,3.670018852,BrotherHobby,3600,6,3,Common FPV brands,Hobbywing,20-35,
110.7790442,1875,15575,0.328505379,7.515357079,11.91647111,89.55653554,3.668134073,BrotherHobby,3600,6,3,Common FPV brands,Hobbywing,20-35,
114.6792204,1900,15495,0.324313388,7.508839094,11.81415753,88.71060791,3.655858027,BrotherHobby,3600,6,3,Common FPV brands,Hobbywing,20-35,
0.300107,1000,0,0.000232695,12.10228887,0.047923883,0.579988679,,4.2,1750,6,Lumenier,Gemfan,Hobbywing,50,
9.576161,1200,7856,0.038625038,12.08869126,0.478378923,5.782975107,6.679094571,4.2,1750,6,Lumenier,Gemfan,Hobbywing,50,
13.7262398,1250,9647,0.057385574,12.07879747,0.717660359,8.668474132,6.620031703,4.2,1750,6,Lumenier,Gemfan,Hobbywing,50,
17.8774328,1300,11352,0.082908081,12.06574194,1.026651009,12.38730614,6.692987129,4.2,1750,6,Lumenier,Gemfan,Hobbywing,50,
22.0269424,1350,12977,0.109632498,12.05028866,1.380450514,16.63482718,6.590540261,4.2,1750,6,Lumenier,Gemfan,Hobbywing,50,
26.1777944,1400,14391,0.136925334,12.0312815,1.794055176,21.58478285,6.343604873,4.2,1750,6,Lumenier,Gemfan,Hobbywing,50,
30.828338,1500,17003,0.196319383,11.99238312,2.703606087,32.42268001,6.055001727,4.2,1750,6,Lumenier,Gemfan,Hobbywing,50,
35.477954,1600,19843,0.273428667,11.93401984,4.063413975,48.492863,5.638534208,4.2,1750,6,Lumenier,Gemfan,Hobbywing,50,
40.1279718,1700,22816,0.371241435,11.84696127,6.112350675,72.4127817,5.126739039,4.2,1750,6,Lumenier,Gemfan,Hobbywing,50,
0.3051644,1000,0,0.000497317,11.79184246,-0.002665328,0.031429124,,Lumenier,1700,7,5,HQProp,Lumenier,45-50,
9.5836356,1200,3497,0.030767465,11.77952056,0.476154593,5.608872812,5.48549871,Lumenier,1700,7,5,HQProp,Lumenier,45-50,
14.2209132,1300,4986,0.064692234,11.75765688,1.141497395,13.4213347,4.820104335,Lumenier,1700,7,5,HQProp,Lumenier,45-50,
18.3827162,1350,5653,0.082100198,11.74038578,1.557217816,18.28233791,4.490683756,Lumenier,1700,7,5,HQProp,Lumenier,45-50,
22.5539584,1400,6224,0.098829415,11.71936564,1.989794084,23.31912441,4.238127198,Lumenier,1700,7,5,HQProp,Lumenier,45-50,
26.706019,1450,6802,0.119518955,11.69415498,2.565752027,30.00430183,3.983393985,Lumenier,1700,7,5,HQProp,Lumenier,45-50,
30.8522362,1500,7381,0.140821701,11.66562035,3.227899343,37.65544826,3.739743052,Lumenier,1700,7,5,HQProp,Lumenier,45-50,
35.0122418,1550,7976,0.165532193,11.62989382,4.079267102,47.44144326,3.489189662,Lumenier,1700,7,5,HQProp,Lumenier,45-50,
39.1853634,1600,8581,0.188493407,11.5888661,5.050043353,58.52427622,3.220772968,Lumenier,1700,7,5,HQProp,Lumenier,45-50,
43.3894538,1650,9191,0.217343252,11.53769493,6.246998266,72.07596023,3.015474946,Lumenier,1700,7,5,HQProp,Lumenier,45-50,
47.562475,1700,9788,0.245525984,11.48100741,7.546561055,86.64212338,2.833794635,Lumenier,1700,7,5,HQProp,Lumenier,45-50,
0.3028854,1000,0,-4.94E-05,12.12095629,0.005536936,0.067112963,7.954626,MultiStar Elite,2150,6,4.2,Gemfan,MultiStar Elite,40,
9.5778268,1200,4388,0.057355727,12.10112074,0.634797749,7.681764205,7.466478508,MultiStar Elite,2150,6,4.2,Gemfan,MultiStar Elite,40,
13.7030464,1250,5272,0.086411788,12.08612333,1.004939874,12.14582725,7.114524666,MultiStar Elite,2150,6,4.2,Gemfan,MultiStar Elite,40,
17.8284782,1300,5959,0.110350524,12.06680303,1.385924698,16.72368034,6.598459266,MultiStar Elite,2150,6,4.2,Gemfan,MultiStar Elite,40,
21.9567176,1350,6692,0.141233452,12.04370266,1.918142634,23.10153955,6.113594815,MultiStar Elite,2150,6,4.2,Gemfan,MultiStar Elite,40,
26.1020732,1400,7374,0.175280036,12.01398071,2.5559259,30.70684447,5.708174809,MultiStar Elite,2150,6,4.2,Gemfan,MultiStar Elite,40,
30.753284,1500,8696,0.248177066,11.94527353,4.161736918,49.71308587,4.992187913,MultiStar Elite,2150,6,4.2,Gemfan,MultiStar Elite,40,
35.4050464,1600,9871,0.332408872,11.85052947,6.395261834,75.78723881,4.386079728,MultiStar Elite,2150,6,4.2,Gemfan,MultiStar Elite,40,
40.0552528,1700,11122,0.429797189,11.72140048,9.359816954,109.710163,3.917569511,MultiStar Elite,2150,6,4.2,Gemfan,MultiStar Elite,40,
0.3025262,1000,0,0.000983233,12.06687897,-0.000402769,0.00486016,,Lumenier,2550,6,4.2,Gemfan,Lumenier,50,
9.553465,1200,5431,0.090776646,12.01841877,1.230355505,14.7869277,6.138979495,Lumenier,2550,6,4.2,Gemfan,Lumenier,50,
13.7044958,1250,6432,0.128606563,11.98406131,1.853775252,22.21575628,5.78897972,Lumenier,2550,6,4.2,Gemfan,Lumenier,50,
17.8302184,1300,7189,0.16528407,11.94421602,2.536987965,30.3023323,5.454499961,Lumenier,2550,6,4.2,Gemfan,Lumenier,50,
21.9549484,1350,7929,0.202071147,11.89835482,3.354467542,39.91264504,5.062835273,Lumenier,2550,6,4.2,Gemfan,Lumenier,50,
26.1092694,1400,8544,0.243814978,11.84056109,4.416764706,52.29697231,4.662124162,Lumenier,2550,6,4.2,Gemfan,Lumenier,50,
30.7813882,1500,9808,0.32485957,11.72093705,6.750863119,79.12644165,4.105575366,Lumenier,2550,6,4.2,Gemfan,Lumenier,50,
35.409003,1600,11069,0.426978774,11.55345403,10.02040531,115.7702921,3.688154933,Lumenier,2550,6,4.2,Gemfan,Lumenier,50,
40.035995,1700,12332,0.54958008,11.3306747,14.37758955,162.9077902,3.373565373,Lumenier,2550,6,4.2,Gemfan,Lumenier,50,
0.3026946,1000,0,-3.38E-05,12.5442233,-0.000397016,0.004980254,,T-motor,3550,6,3,Gemfan,T-motor,30,
9.5774086,1200,6792,0.090667084,12.49129257,1.231880198,15.38777597,5.892150009,T-motor,3550,6,3,Gemfan,T-motor,30,
13.7007036,1250,7868,0.124183636,12.45767004,1.819982047,22.67273583,5.477223276,T-motor,3550,6,3,Gemfan,T-motor,30,
17.8500004,1300,8778,0.160069831,12.41491518,2.525945573,31.35940003,5.104365238,T-motor,3550,6,3,Gemfan,T-motor,30,
22.0043708,1350,9650,0.197887609,12.36542148,3.425485354,42.35757019,4.67183572,T-motor,3550,6,3,Gemfan,T-motor,30,
26.1566236,1400,10478,0.234671813,12.30791193,4.468622663,54.9994142,4.266805675,T-motor,3550,6,3,Gemfan,T-motor,30,
30.3060064,1450,11301,0.264666659,12.24101478,5.578781358,68.28994503,3.875631459,T-motor,3550,6,3,Gemfan,T-motor,30,
34.45656,1500,11849,0.297561113,12.17155394,6.756609424,82.23843605,3.618273003,T-motor,3550,6,3,Gemfan,T-motor,30,
38.5816672,1550,12518,0.323772471,12.09974119,7.932881428,95.98581214,3.373128419,T-motor,3550,6,3,Gemfan,T-motor,30,
42.7071274,1600,13127,0.360750953,12.01072929,9.416209793,113.0955467,3.189789194,T-motor,3550,6,3,Gemfan,T-motor,30,
47.3591312,1700,14655,0.441668733,11.81443794,13.21432288,156.1197975,2.829037313,T-motor,3550,6,3,Gemfan,T-motor,30,
1.3829849,1000,0,-0.000527583,25.01340529,0.009303151,0.23270348,,Tarot,380,13,5.5,Tarot,T-Motor,20-30,
28.634996,1939,5763,1.676601859,24.45855951,17.38406466,425.1891801,3.943190321,Tarot,380,13,5.5,Tarot,T-Motor,20-30,
36.1706584,1913,5682,1.612141737,24.43019853,16.65266565,406.8279278,3.962711572,Tarot,380,13,5.5,Tarot,T-Motor,20-30,
43.7568125,1887,5569,1.54053336,24.43380357,15.2474455,372.5530883,4.135070702,Tarot,380,13,5.5,Tarot,T-Motor,20-30,
51.25222455,1861,5437,1.488535862,24.44087699,14.1121995,344.914532,4.315665837,Tarot,380,13,5.5,Tarot,T-Motor,20-30,
58.7403587,1836,5338,1.419821197,24.45269531,13.01391948,318.2254079,4.461683957,Tarot,380,13,5.5,Tarot,T-Motor,20-30,
66.35604265,1810,5232,1.363008622,24.46448064,12.06784325,295.2335174,4.61671369,Tarot,380,13,5.5,Tarot,T-Motor,20-30,
74.039116,1784,5121,1.303327959,24.47799248,11.15438804,273.0370267,4.773447671,Tarot,380,13,5.5,Tarot,T-Motor,20-30,
81.56542395,1758,4994,1.25292775,24.49191406,10.28219887,251.830731,4.975277421,Tarot,380,13,5.5,Tarot,T-Motor,20-30,
89.0769458,1733,4895,1.187967519,24.50823947,9.399422491,230.3632973,5.156930522,Tarot,380,13,5.5,Tarot,T-Motor,20-30,
96.64793665,1707,4783,1.121405323,24.52421405,8.544295307,209.5421271,5.351693898,Tarot,380,13,5.5,Tarot,T-Motor,20-30,
104.2228527,1681,4660,1.061302102,24.54276936,7.742463974,190.0215076,5.585168308,Tarot,380,13,5.5,Tarot,T-Motor,20-30,
111.8462412,1655,4516,1.003081023,24.55962,6.995314024,171.8022542,5.83857894,Tarot,380,13,5.5,Tarot,T-Motor,20-30,
119.5475886,1629,4397,0.927715675,24.57660029,6.211673082,152.6618064,6.076933692,Tarot,380,13,5.5,Tarot,T-Motor,20-30,
127.2418102,1604,4247,0.871812006,24.59229675,5.552580782,136.5507143,6.384529074,Tarot,380,13,5.5,Tarot,T-Motor,20-30,
134.8772121,1578,4095,0.805365473,24.60803448,4.895163968,120.4603637,6.685730043,Tarot,380,13,5.5,Tarot,T-Motor,20-30,
142.4553698,1552,3928,0.73952634,24.62391941,4.259605632,104.8881858,7.050616177,Tarot,380,13,5.5,Tarot,T-Motor,20-30,
150.049443,1526,3762,0.670929584,24.64120998,3.665566625,90.32399691,7.428032494,Tarot,380,13,5.5,Tarot,T-Motor,20-30,
157.6078844,1501,3583,0.611185999,24.65490587,3.172927145,78.22822009,7.812858309,Tarot,380,13,5.5,Tarot,T-Motor,20-30,
165.2829609,1475,3399,0.544964726,24.66827328,2.68606438,66.26057015,8.224570425,Tarot,380,13,5.5,Tarot,T-Motor,20-30,
172.9198492,1449,3203,0.490778232,24.68078502,2.2801522,56.27594627,8.720923678,Tarot,380,13,5.5,Tarot,T-Motor,20-30,
180.5749537,1423,3027,0.421358555,24.69189834,1.921824229,47.45348848,8.879401032,Tarot,380,13,5.5,Tarot,T-Motor,20-30,
188.1814806,1398,2837,0.379216694,24.70156844,1.649745807,40.75130896,9.305632222,Tarot,380,13,5.5,Tarot,T-Motor,20-30,
195.8718506,1372,2634,0.324596563,24.71049963,1.361729,33.64900394,9.646542981,Tarot,380,13,5.5,Tarot,T-Motor,20-30,
203.5775813,1346,2428,0.26133965,24.71926412,1.074767678,26.56746611,9.8368301,Tarot,380,13,5.5,Tarot,T-Motor,20-30,
211.271342,1320,2204,0.223515248,24.72711249,0.858308158,21.22348236,10.53150678,Tarot,380,13,5.5,Tarot,T-Motor,20-30,
218.9267002,1294,1942,0.16751013,24.73367583,0.64030068,15.83698946,10.57714477,Tarot,380,13,5.5,Tarot,T-Motor,20-30,
226.6741135,1269,1697,0.126986916,24.73968599,0.483369854,11.9584184,10.61903938,Tarot,380,13,5.5,Tarot,T-Motor,20-30,
234.5364306,1243,1451,0.093586914,24.74504245,0.366262446,9.063179768,10.32605734,Tarot,380,13,5.5,Tarot,T-Motor,20-30,
242.5029657,1217,1221,0.06934557,24.74870835,0.277634784,6.871102295,10.09235012,Tarot,380,13,5.5,Tarot,T-Motor,20-30,
250.3317166,1191,997,0.044456429,24.75285876,0.196197303,4.856444119,9.154111184,Tarot,380,13,5.5,Tarot,T-Motor,20-30,
0.697841,1000,0,8.43E-05,25.14151782,-0.015641966,0.393262763,,Antigravity,380,15,5.5,Tarot,Hobbywing,40,
21.7955178,2000,6610,1.819241747,24.82330319,12.78277251,317.3106377,5.73331471,Antigravity,380,15,5.5,Tarot,Hobbywing,40,
28.2950129,1905,6585,1.792363959,24.7904476,12.70276015,314.90711,5.69172274,Antigravity,380,15,5.5,Tarot,Hobbywing,40,
34.7296741,1810,6130,1.538351817,24.8157272,10.23692383,254.0367091,6.055628032,Antigravity,380,15,5.5,Tarot,Hobbywing,40,
41.147394,1715,5474,1.031999971,24.85039506,7.95340115,197.6451606,5.221478571,Antigravity,380,15,5.5,Tarot,Hobbywing,40,
47.6224297,1620,4981,1.041410536,24.89572294,5.394998798,134.3123953,7.753644279,Antigravity,380,15,5.5,Tarot,Hobbywing,40,
54.0503775,1526,4375,0.810171546,24.93253707,3.607179071,89.9361259,9.008299363,Antigravity,380,15,5.5,Tarot,Hobbywing,40,
60.4628094,1431,3658,0.587674999,24.96544322,2.201570554,54.96318466,10.692157,Antigravity,380,15,5.5,Tarot,Hobbywing,40,
66.8781002,1336,2808,0.35557229,24.99326096,1.119176926,27.97188097,12.71177617,Antigravity,380,15,5.5,Tarot,Hobbywing,40,
73.2252898,1241,2078,0.210978177,25.01039979,0.507179286,12.68475672,16.63241808,Antigravity,380,15,5.5,Tarot,Hobbywing,40,
79.7865269,1146,1239,0.098901603,25.02136762,0.154008316,3.853498688,25.66540467,Antigravity,380,15,5.5,Tarot,Hobbywing,40,
0.2996846,1000,0,-0.000599174,12.48050046,0.007409362,0.09247254,,,1300,6,4.5,Master Airscrew,,20-25,
9.5778502,1200,3088,0.018862814,12.47324241,0.178815684,2.230411373,8.457100792,,1300,6,4.5,Master Airscrew,,20-25,
13.7282508,1250,3822,0.030975293,12.46751089,0.272543271,3.397936198,9.115913735,,1300,6,4.5,Master Airscrew,,20-25,
17.8787828,1300,4514,0.043458518,12.45985517,0.390143915,4.861136681,8.939990941,,1300,6,4.5,Master Airscrew,,20-25,
21.7792436,1325,4867,0.049441315,12.45503235,0.454566702,5.661642986,8.732679754,,1300,6,4.5,Master Airscrew,,20-25,
25.6782524,1350,5169,0.058037332,12.45053139,0.524919219,6.535523213,8.880288633,,1300,6,4.5,Master Airscrew,,20-25,
29.5798416,1375,5446,0.065577547,12.44427466,0.607632954,7.561551376,8.672498995,,1300,6,4.5,Master Airscrew,,20-25,
33.4550308,1400,5760,0.072889903,12.4379043,0.694520371,8.638377911,8.437915544,,1300,6,4.5,Master Airscrew,,20-25,
37.330521,1425,6075,0.083571151,12.43147816,0.792167314,9.847810662,8.486267048,,1300,6,4.5,Master Airscrew,,20-25,
41.2028498,1450,6408,0.094798357,12.42196949,0.907906132,11.27798227,8.405613194,,1300,6,4.5,Master Airscrew,,20-25,
45.0811232,1475,6726,0.097791533,12.41202566,1.007576068,12.50606001,7.819531756,,1300,6,4.5,Master Airscrew,,20-25,
48.9818342,1500,7031,0.106102251,12.40341328,1.133067854,14.05390886,7.549661207,,1300,6,4.5,Master Airscrew,,20-25,
53.1073898,1550,7633,0.127162279,12.38457416,1.40306328,17.37634125,7.318127403,,1300,6,4.5,Master Airscrew,,20-25,
57.257911,1600,8248,0.146197336,12.36452784,1.704857503,21.07975806,6.9354371,,1300,6,4.5,Master Airscrew,,20-25,
61.38569,1650,8880,0.170282623,12.33935984,2.061883272,25.44231965,6.692889083,,1300,6,4.5,Master Airscrew,,20-25,
65.5100386,1700,9469,0.198452097,12.30919316,2.499786217,30.7703514,6.449458268,,1300,6,4.5,Master Airscrew,,20-25,
69.6340716,1750,10039,0.222493896,12.27780163,2.913288439,35.76877755,6.220338274,,1300,6,4.5,Master Airscrew,,20-25,
73.7600224,1800,10611,0.252541361,12.23778592,3.45582651,42.29166501,5.971421571,,1300,6,4.5,Master Airscrew,,20-25,
77.8851712,1850,11207,0.279738261,12.19620615,4.077798199,49.73366746,5.624726162,,1300,6,4.5,Master Airscrew,,20-25,
82.0113954,1900,11763,0.312146346,12.1484287,4.752952897,57.74090938,5.405982502,,1300,6,4.5,Master Airscrew,,20-25,
86.1612496,1950,12268,0.331664784,12.10552866,5.355820126,64.83503405,5.115517999,,1300,6,4.5,Master Airscrew,,20-25,
0.3021658,1000,0,-0.000406567,12.19482662,0.008478057,0.103388436,,Lumenier,1750,7,3.5,Gemfan,Lumenier,30,
9.5538148,1200,3914,0.044372055,12.17643194,0.44614856,5.432497571,8.167892217,Lumenier,1750,7,3.5,Gemfan,Lumenier,30,
13.6781876,1250,4756,0.072229292,12.16313982,0.715264199,8.699858465,8.302352498,Lumenier,1750,7,3.5,Gemfan,Lumenier,30,
17.8045284,1300,5589,0.10069531,12.14561263,1.062666674,12.90673778,7.801763053,Lumenier,1750,7,3.5,Gemfan,Lumenier,30,
21.7049198,1325,5944,0.11702429,12.134234,1.247686989,15.13972587,7.729617522,Lumenier,1750,7,3.5,Gemfan,Lumenier,30,
25.5787562,1350,6292,0.135554249,12.12150277,1.452466926,17.60608187,7.699285371,Lumenier,1750,7,3.5,Gemfan,Lumenier,30,
29.4543846,1375,6666,0.149329823,12.1092698,1.642396229,19.88821905,7.508456245,Lumenier,1750,7,3.5,Gemfan,Lumenier,30,
33.3311014,1400,6978,0.164631891,12.09382044,1.860216,22.49711827,7.317910186,Lumenier,1750,7,3.5,Gemfan,Lumenier,30,
37.2055198,1425,7239,0.181016422,12.07987626,2.062141404,24.91041299,7.266696931,Lumenier,1750,7,3.5,Gemfan,Lumenier,30,
41.0810482,1450,7524,0.196551676,12.0626381,2.31583893,27.9351269,7.036004402,Lumenier,1750,7,3.5,Gemfan,Lumenier,30,
44.9545692,1475,7886,0.211196893,12.04646458,2.540813495,30.60781978,6.900095937,Lumenier,1750,7,3.5,Gemfan,Lumenier,30,
48.856207,1500,8177,0.231350787,12.0250651,2.864726858,34.44852695,6.715839749,Lumenier,1750,7,3.5,Gemfan,Lumenier,30,
53.48159,1600,9465,0.316490598,11.94800101,4.418353653,52.79049391,5.995219489,Lumenier,1750,7,3.5,Gemfan,Lumenier,30,
58.1314774,1700,10843,0.418264526,11.84118875,6.496265612,76.9235073,5.437408412,Lumenier,1750,7,3.5,Gemfan,Lumenier,30,
0.3003598,1100,0,-0.000681145,7.394985373,0.032892949,0.243242873,,Brother,1950,7,3.5,Gemfan,Hobbywing,20-25,
4.9497254,1200,2042,0.01028004,7.389960149,0.233440978,1.725119523,5.959030729,Brother,1950,7,3.5,Gemfan,Hobbywing,20-25,
9.6057382,1300,3320,0.030013745,7.381623593,0.529400184,3.907832892,7.680406433,Brother,1950,7,3.5,Gemfan,Hobbywing,20-25,
14.2525842,1400,4248,0.051443419,7.371661831,0.911874891,6.722033327,7.652955041,Brother,1950,7,3.5,Gemfan,Hobbywing,20-25,
18.9024216,1500,5075,0.076082267,7.357230091,1.356076771,9.976968822,7.625789824,Brother,1950,7,3.5,Gemfan,Hobbywing,20-25,
23.5510474,1600,6070,0.112239714,7.335238755,2.114390088,15.50955612,7.236810223,Brother,1950,7,3.5,Gemfan,Hobbywing,20-25,
28.202136,1700,6967,0.151973688,7.307964541,3.062165074,22.37819378,6.791150768,Brother,1950,7,3.5,Gemfan,Hobbywing,20-25,
32.8254708,1800,7798,0.194645045,7.276046964,4.262265354,31.01244289,6.276353178,Brother,1950,7,3.5,Gemfan,Hobbywing,20-25,
37.452052,1900,8204,0.215105399,6.686491017,5.294574541,35.40212511,6.076058959,Brother,1950,7,3.5,Gemfan,Hobbywing,20-25,
0.2982714,1000,0,8.45E-05,8.257182776,0.010414519,0.085994586,,FlashHobby,3100,5.5,5.2,Gemfan,Hobbywing,25-35,
9.5746522,1200,3566,0.030084593,8.250312905,0.424305813,3.500655728,8.593987817,FlashHobby,3100,5.5,5.2,Gemfan,Hobbywing,25-35,
13.7003874,1250,4292,0.045434561,8.241945638,0.715195248,5.894600353,7.707827163,FlashHobby,3100,5.5,5.2,Gemfan,Hobbywing,25-35,
17.839048,1300,4934,0.062771394,8.232879187,1.098825984,9.046501577,6.938747939,FlashHobby,3100,5.5,5.2,Gemfan,Hobbywing,25-35,
21.699052,1325,5220,0.070134586,8.227344651,1.296808094,10.66928714,6.573502522,FlashHobby,3100,5.5,5.2,Gemfan,Hobbywing,25-35,
25.5994352,1350,5518,0.078409407,8.220803119,1.517645573,12.47626546,6.284685713,FlashHobby,3100,5.5,5.2,Gemfan,Hobbywing,25-35,
29.479428,1375,5774,0.085567415,8.214245251,1.749609782,14.37172384,5.953872726,FlashHobby,3100,5.5,5.2,Gemfan,Hobbywing,25-35,
33.3310514,1400,6050,0.093467123,8.207533458,1.99270239,16.35517153,5.714836024,FlashHobby,3100,5.5,5.2,Gemfan,Hobbywing,25-35,
37.2006078,1425,6248,0.101820451,8.198938319,2.269203731,18.60506142,5.472728582,FlashHobby,3100,5.5,5.2,Gemfan,Hobbywing,25-35,
41.1003478,1450,6448,0.107341873,8.189186443,2.567856992,21.02865966,5.104551329,FlashHobby,3100,5.5,5.2,Gemfan,Hobbywing,25-35,
45.0086662,1475,6638,0.113423749,8.179606542,2.877746879,23.53883719,4.818579104,FlashHobby,3100,5.5,5.2,Gemfan,Hobbywing,25-35,
48.8888624,1500,6797,0.120769158,8.170580188,3.224787585,26.34838556,4.583550593,FlashHobby,3100,5.5,5.2,Gemfan,Hobbywing,25-35,
53.0397862,1550,7270,0.135473087,8.154080238,3.881507094,31.65012029,4.28033403,FlashHobby,3100,5.5,5.2,Gemfan,Hobbywing,25-35,
57.1938776,1600,7722,0.156299066,8.133527872,4.65830533,37.88845624,4.125242406,FlashHobby,3100,5.5,5.2,Gemfan,Hobbywing,25-35,
61.3135362,1650,8121,0.174664884,8.109381472,5.635945057,45.70402843,3.821651836,FlashHobby,3100,5.5,5.2,Gemfan,Hobbywing,25-35,
65.4404448,1700,8556,0.191526402,8.083506222,6.625594254,53.55803238,3.576053744,FlashHobby,3100,5.5,5.2,Gemfan,Hobbywing,25-35,
69.5388052,1750,8945,0.210925906,8.053554498,7.794835872,62.7761355,3.359969585,FlashHobby,3100,5.5,5.2,Gemfan,Hobbywing,25-35,
73.6251252,1800,9332,0.229788943,8.01932353,9.073523499,72.76352049,3.158023981,FlashHobby,3100,5.5,5.2,Gemfan,Hobbywing,25-35,
77.764239,1850,9638,0.249082894,7.979653146,10.41819049,83.1335465,2.996177889,FlashHobby,3100,5.5,5.2,Gemfan,Hobbywing,25-35,
0.3024528,1000,0,0.000433288,8.163761286,-0.001308792,0.010684665,,BrotherHobby,3100,5,2.6,Gemfan,Hobbywing,30-35,
9.5788314,1200,4203,0.021712739,8.156504067,0.415741822,3.390999859,6.403049222,BrotherHobby,3100,5,2.6,Gemfan,Hobbywing,30-35,
13.7281008,1250,5123,0.031948961,8.151317951,0.649368008,5.293205104,6.035844233,BrotherHobby,3100,5,2.6,Gemfan,Hobbywing,30-35,
17.879444,1300,5918,0.044159686,8.145287248,0.92682026,7.549217249,5.849571477,BrotherHobby,3100,5,2.6,Gemfan,Hobbywing,30-35,
21.7798312,1325,6282,0.048751765,8.141453967,1.071528928,8.723803445,5.588361267,BrotherHobby,3100,5,2.6,Gemfan,Hobbywing,30-35,
25.6547992,1350,6631,0.055683794,8.136965132,1.236229523,10.05915653,5.535632499,BrotherHobby,3100,5,2.6,Gemfan,Hobbywing,30-35,
29.5553868,1375,6992,0.063234764,8.131993061,1.398732539,11.3744833,5.559352618,BrotherHobby,3100,5,2.6,Gemfan,Hobbywing,30-35,
33.4308372,1400,7345,0.068566318,8.127515895,1.564047078,12.71181748,5.393903622,BrotherHobby,3100,5,2.6,Gemfan,Hobbywing,30-35,
37.3063956,1425,7708,0.072433377,8.122279598,1.733087359,14.0766201,5.145651227,BrotherHobby,3100,5,2.6,Gemfan,Hobbywing,30-35,
41.1815812,1450,8019,0.079000979,8.117451697,1.901557215,15.43579884,5.118036291,BrotherHobby,3100,5,2.6,Gemfan,Hobbywing,30-35,
45.0821042,1475,8251,0.08553191,8.112006931,2.080254442,16.87503845,5.068546094,BrotherHobby,3100,5,2.6,Gemfan,Hobbywing,30-35,
48.957721,1500,8511,0.090286757,8.106563024,2.260899572,18.32812487,4.926131683,BrotherHobby,3100,5,2.6,Gemfan,Hobbywing,30-35,
53.108864,1550,9171,0.107207049,8.094778317,2.750495406,22.26465057,4.815123826,BrotherHobby,3100,5,2.6,Gemfan,Hobbywing,30-35,
57.2342482,1600,9847,0.124636791,8.080416235,3.353104072,27.09447658,4.600081138,BrotherHobby,3100,5,2.6,Gemfan,Hobbywing,30-35,
61.3584414,1650,10598,0.149192922,8.062876197,4.095905601,33.02477977,4.517605358,BrotherHobby,3100,5,2.6,Gemfan,Hobbywing,30-35,
65.5081974,1700,11404,0.172277306,8.041087744,5.05084321,40.61427344,4.241792155,BrotherHobby,3100,5,2.6,Gemfan,Hobbywing,30-35,
69.6373764,1750,12123,0.19598917,8.014039604,6.05607255,48.53360526,4.038215773,BrotherHobby,3100,5,2.6,Gemfan,Hobbywing,30-35,
73.7855156,1800,12844,0.221322708,7.983846609,7.201939904,57.49918348,3.849145225,BrotherHobby,3100,5,2.6,Gemfan,Hobbywing,30-35,
77.9369664,1850,13576,0.247064575,7.952418992,8.43977465,67.11662422,3.681123382,BrotherHobby,3100,5,2.6,Gemfan,Hobbywing,30-35,
0.3006344,1000,0,-0.000596684,8.359299911,0.020712278,0.173140142,,BrotherHobby,2800,5.1â€¯,2.6,Gemfan,BrotherHobby,30,
9.5755896,1200,4329,0.017642746,8.352027754,0.387924796,3.239958659,5.445361467,BrotherHobby,2800,5.1â€¯,2.6,Gemfan,BrotherHobby,30,
13.7000992,1250,5299,0.026659027,8.347571968,0.567025792,4.733288607,5.63224193,BrotherHobby,2800,5.1â€¯,2.6,Gemfan,BrotherHobby,30,
17.8515574,1300,6194,0.038085044,8.342499433,0.797678157,6.654629575,5.723090051,BrotherHobby,2800,5.1â€¯,2.6,Gemfan,BrotherHobby,30,
21.7277522,1325,6617,0.043510741,8.338605341,0.924407775,7.708271606,5.644681883,BrotherHobby,2800,5.1â€¯,2.6,Gemfan,BrotherHobby,30,
25.6019792,1350,7024,0.049706709,8.334534442,1.052039189,8.768256857,5.668938517,BrotherHobby,2800,5.1â€¯,2.6,Gemfan,BrotherHobby,30,
29.4779958,1375,7414,0.055292757,8.330403118,1.194237432,9.948479231,5.557910519,BrotherHobby,2800,5.1â€¯,2.6,Gemfan,BrotherHobby,30,
33.353186,1400,7814,0.062030938,8.325408357,1.339898644,11.15520337,5.560717799,BrotherHobby,2800,5.1â€¯,2.6,Gemfan,BrotherHobby,30,
37.2536376,1425,8182,0.06801225,8.320079016,1.508221169,12.5485193,5.419942259,BrotherHobby,2800,5.1â€¯,2.6,Gemfan,BrotherHobby,30,
41.1543186,1450,8561,0.076175944,8.314509068,1.683508581,13.99754736,5.442092285,BrotherHobby,2800,5.1â€¯,2.6,Gemfan,BrotherHobby,30,
45.0295814,1475,8937,0.081335751,8.309298122,1.846154473,15.3402479,5.302114512,BrotherHobby,2800,5.1â€¯,2.6,Gemfan,BrotherHobby,30,
48.9055376,1500,9323,0.0887137,8.303130423,2.032414221,16.87540035,5.256983452,BrotherHobby,2800,5.1â€¯,2.6,Gemfan,BrotherHobby,30,
53.0295532,1550,10004,0.103610542,8.291651521,2.450466204,20.31841183,5.099342534,BrotherHobby,2800,5.1â€¯,2.6,Gemfan,BrotherHobby,30,
57.155205,1600,10669,0.119555346,8.278803744,2.880489863,23.84701026,5.013431216,BrotherHobby,2800,5.1â€¯,2.6,Gemfan,BrotherHobby,30,
61.2803648,1650,11527,0.141935845,8.260879007,3.543277062,29.2705831,4.849095243,BrotherHobby,2800,5.1â€¯,2.6,Gemfan,BrotherHobby,30,
65.405877,1700,12350,0.162312068,8.240690775,4.247487064,35.00222746,4.637192547,BrotherHobby,2800,5.1â€¯,2.6,Gemfan,BrotherHobby,30,
69.5314452,1750,13215,0.190655638,8.216931853,5.112625651,42.01009657,4.538328966,BrotherHobby,2800,5.1â€¯,2.6,Gemfan,BrotherHobby,30,
73.683641,1800,14118,0.216676848,8.188031992,6.153698331,50.3866788,4.300280422,BrotherHobby,2800,5.1â€¯,2.6,Gemfan,BrotherHobby,30,
77.8334204,1850,15027,0.245589739,8.15785156,7.180491396,58.57738294,4.192569328,BrotherHobby,2800,5.1â€¯,2.6,Gemfan,BrotherHobby,30,
0.2977916,1000,0,-0.00084747,8.131588408,-0.00158466,0.012885806,,BrotherHobby,3100,5.5,4.7,Gemfan,Hobbywing,30-35,
9.57647,1200,3733,0.034628117,8.121514201,0.560524789,4.552310037,7.606713215,BrotherHobby,3100,5.5,4.7,Gemfan,Hobbywing,30-35,
13.7256796,1250,4397,0.048734941,8.115726601,0.869873445,7.05965506,6.903303448,BrotherHobby,3100,5.5,4.7,Gemfan,Hobbywing,30-35,
17.8765216,1300,4963,0.062544252,8.108063016,1.191425566,9.660153566,6.474457309,BrotherHobby,3100,5.5,4.7,Gemfan,Hobbywing,30-35,
21.7525418,1325,5206,0.069175801,8.102237265,1.36632796,11.07031331,6.248766304,BrotherHobby,3100,5.5,4.7,Gemfan,Hobbywing,30-35,
25.6533926,1350,5477,0.076899466,8.096636767,1.58631168,12.84378947,5.987287988,BrotherHobby,3100,5.5,4.7,Gemfan,Hobbywing,30-35,
29.5281134,1375,5718,0.085124498,8.09141571,1.806234443,14.61499375,5.824463493,BrotherHobby,3100,5.5,4.7,Gemfan,Hobbywing,30-35,
33.4286296,1400,5956,0.091706973,8.084657454,2.040117912,16.49365448,5.560136677,BrotherHobby,3100,5.5,4.7,Gemfan,Hobbywing,30-35,
37.3286126,1425,6203,0.099341055,8.077224231,2.319050886,18.73149401,5.303424021,BrotherHobby,3100,5.5,4.7,Gemfan,Hobbywing,30-35,
41.2289436,1450,6418,0.107231873,8.070044802,2.573582705,20.76892773,5.163091429,BrotherHobby,3100,5.5,4.7,Gemfan,Hobbywing,30-35,
45.1045334,1475,6633,0.114532329,8.061379576,2.871548622,23.14864341,4.94769074,BrotherHobby,3100,5.5,4.7,Gemfan,Hobbywing,30-35,
49.0057188,1500,6832,0.121698318,8.052917503,3.179870053,25.60723121,4.752498098,BrotherHobby,3100,5.5,4.7,Gemfan,Hobbywing,30-35,
53.1318156,1550,7314,0.13839721,8.037184659,3.862331207,31.04226912,4.458347097,BrotherHobby,3100,5.5,4.7,Gemfan,Hobbywing,30-35,
57.2565386,1600,7785,0.158211479,8.015707679,4.691633269,37.60676082,4.206995658,BrotherHobby,3100,5.5,4.7,Gemfan,Hobbywing,30-35,
61.3827042,1650,8332,0.180190251,7.991175169,5.618609169,44.89929007,4.013209345,BrotherHobby,3100,5.5,4.7,Gemfan,Hobbywing,30-35,
65.507859,1700,8862,0.204027756,7.963255839,6.78033108,53.99351107,3.778745848,BrotherHobby,3100,5.5,4.7,Gemfan,Hobbywing,30-35,
69.6325578,1750,9383,0.230107547,7.93165756,8.083656128,64.11679224,3.58888115,BrotherHobby,3100,5.5,4.7,Gemfan,Hobbywing,30-35,
73.75851,1800,9895,0.255773536,7.895212624,9.559040207,75.47065492,3.389046202,BrotherHobby,3100,5.5,4.7,Gemfan,Hobbywing,30-35,
77.8849556,1850,10339,0.284726939,7.855319923,11.19452573,87.93658098,3.237866836,BrotherHobby,3100,5.5,4.7,Gemfan,Hobbywing,30-35,
0,1000,0,-0.000494022,7.951872609,0.048261774,0.383771476,,T-Motor,2850,7,6,GEMFAN,Hobbywing,30,
17.5506484,1300,4430,0.040596526,7.939431691,0.632841844,5.024404594,8.079867998,T-Motor,2850,7,6,GEMFAN,Hobbywing,30,
21.4508622,1325,5000,0.051935399,7.93462919,0.840005015,6.665128314,7.792107827,T-Motor,2850,7,6,GEMFAN,Hobbywing,30,
25.3511156,1350,5534,0.064058696,7.928826738,1.062429403,8.423818658,7.604472385,T-Motor,2850,7,6,GEMFAN,Hobbywing,30,
29.2510418,1375,5990,0.076175783,7.922057734,1.300647938,10.30380806,7.392973846,T-Motor,2850,7,6,GEMFAN,Hobbywing,30,
33.1515078,1400,6433,0.087662769,7.915959815,1.547947256,12.25348827,7.154107196,T-Motor,2850,7,6,GEMFAN,Hobbywing,30,
37.0516928,1425,6845,0.100272284,7.907526819,1.830703889,14.4763401,6.926632246,T-Motor,2850,7,6,GEMFAN,Hobbywing,30,
40.9513172,1450,7288,0.112943228,7.89835739,2.161066879,17.06887855,6.616909694,T-Motor,2850,7,6,GEMFAN,Hobbywing,30,
44.8521234,1475,7748,0.128486386,7.887666919,2.563388659,20.21915593,6.354685966,T-Motor,2850,7,6,GEMFAN,Hobbywing,30,
48.7516426,1500,8161,0.143435253,7.875327183,3.001492985,23.63773929,6.068061399,T-Motor,2850,7,6,GEMFAN,Hobbywing,30,
52.9017082,1550,9127,0.178947408,7.849723004,4.069638723,31.9455367,5.601640376,T-Motor,2850,7,6,GEMFAN,Hobbywing,30,
57.0519842,1600,10041,0.218231592,7.817414434,5.334249008,41.70003519,5.233367089,T-Motor,2850,7,6,GEMFAN,Hobbywing,30,
61.2022264,1650,10980,0.262599221,7.777276158,6.87000069,53.42989257,4.914837146,T-Motor,2850,7,6,GEMFAN,Hobbywing,30,
65.3523934,1700,11900,0.307683551,7.72985109,8.70693631,67.30332112,4.571595362,T-Motor,2850,7,6,GEMFAN,Hobbywing,30,
0.2735916,1000,0,-0.000786117,8.152790834,0.025366068,0.20680425,,BrotherHobby,3150,5.1,3,Gemfan,Hobbywing,30,
9.4655762,1200,4444,0.01947658,8.144853204,0.444542265,3.620731494,5.379183698,BrotherHobby,3150,5.1,3,Gemfan,Hobbywing,30,
13.5500054,1250,5388,0.029600622,8.139104223,0.672079581,5.470125754,5.411323876,BrotherHobby,3150,5.1,3,Gemfan,Hobbywing,30,
17.6490194,1300,6227,0.041208418,8.132713247,0.95938073,7.802368374,5.281526807,BrotherHobby,3150,5.1,3,Gemfan,Hobbywing,30,
21.5098092,1325,6619,0.047947827,8.129158052,1.110556459,9.027888981,5.311078547,BrotherHobby,3150,5.1,3,Gemfan,Hobbywing,30,
25.3578404,1350,6992,0.053375804,8.124083547,1.273633799,10.3471074,5.15852422,BrotherHobby,3150,5.1,3,Gemfan,Hobbywing,30,
29.2264714,1375,7348,0.059649826,8.119313856,1.440862361,11.69881373,5.098792668,BrotherHobby,3150,5.1,3,Gemfan,Hobbywing,30,
33.0834584,1400,7688,0.065966097,8.114672874,1.609527653,13.06079038,5.050697194,BrotherHobby,3150,5.1,3,Gemfan,Hobbywing,30,
36.92065,1425,8028,0.072881049,8.109191415,1.796634664,14.56925439,5.002386996,BrotherHobby,3150,5.1,3,Gemfan,Hobbywing,30,
40.778178,1450,8291,0.07802206,8.104210165,1.947164298,15.7802287,4.944292065,BrotherHobby,3150,5.1,3,Gemfan,Hobbywing,30,
44.6541194,1475,8517,0.085913579,8.097930465,2.146724123,17.38402268,4.942100002,BrotherHobby,3150,5.1,3,Gemfan,Hobbywing,30,
48.5282054,1500,8816,0.091678572,8.091922645,2.387454755,19.31909919,4.745488938,BrotherHobby,3150,5.1,3,Gemfan,Hobbywing,30,
52.6542616,1550,9450,0.110195688,8.078502902,2.909443339,23.50394646,4.688390855,BrotherHobby,3150,5.1,3,Gemfan,Hobbywing,30,
56.782764,1600,10189,0.126933318,8.063295505,3.548570349,28.61317134,4.436184872,BrotherHobby,3150,5.1,3,Gemfan,Hobbywing,30,
60.9276554,1650,10996,0.144028729,8.044846969,4.290943644,34.51998497,4.172328842,BrotherHobby,3150,5.1,3,Gemfan,Hobbywing,30,
65.0549366,1700,11772,0.166481818,8.022512755,5.236542906,42.01023226,3.962887345,BrotherHobby,3150,5.1,3,Gemfan,Hobbywing,30,
69.1809362,1750,12514,0.191405894,7.992587271,6.302368979,50.37223407,3.799829353,BrotherHobby,3150,5.1,3,Gemfan,Hobbywing,30,
73.305616,1800,13281,0.222491201,7.960725965,7.582227705,60.36003697,3.686068,BrotherHobby,3150,5.1,3,Gemfan,Hobbywing,30,
77.4560004,1850,14062,0.251761499,7.926535761,8.896087176,70.51515314,3.570317697,BrotherHobby,3150,5.1,3,Gemfan,Hobbywing,30,
0.3025302,1000,0,-0.000382721,7.605197369,-0.00400793,0.030481098,,T-Motor,2850,5,3,HQProp,Hobbywing,30,
9.5783412,1200,3895,0.010794074,7.600703567,0.239190294,1.818014521,5.937287216,T-Motor,2850,5,3,HQProp,Hobbywing,30,
13.728752,1250,4790,0.015791559,7.598250612,0.357422951,2.715789156,5.814722046,T-Motor,2850,5,3,HQProp,Hobbywing,30,
17.878609,1300,5647,0.023383085,7.594431015,0.508571198,3.862308877,6.054172629,T-Motor,2850,5,3,HQProp,Hobbywing,30,
21.7792752,1325,6032,0.027562656,7.59150738,0.586706477,4.453986549,6.188311361,T-Motor,2850,5,3,HQProp,Hobbywing,30,
25.6789114,1350,6431,0.031953623,7.588577575,0.682583632,5.179838844,6.168844914,T-Motor,2850,5,3,HQProp,Hobbywing,30,
29.5791138,1375,6805,0.035725188,7.585507928,0.77959426,5.913618442,6.041172335,T-Motor,2850,5,3,HQProp,Hobbywing,30,
33.4790684,1400,7174,0.040535849,7.58247687,0.893734791,6.776723382,5.981629544,T-Motor,2850,5,3,HQProp,Hobbywing,30,
37.354381,1425,7540,0.045736989,7.578972495,1.010755423,7.660487552,5.970506254,T-Motor,2850,5,3,HQProp,Hobbywing,30,
41.2536554,1450,7928,0.04943204,7.575753904,1.126335789,8.532842748,5.793150279,T-Motor,2850,5,3,HQProp,Hobbywing,30,
45.130395,1475,8296,0.055472806,7.571211475,1.254906626,9.501163444,5.838527694,T-Motor,2850,5,3,HQProp,Hobbywing,30,
49.0045594,1500,8670,0.059862831,7.567179554,1.37927771,10.43724209,5.735502766,T-Motor,2850,5,3,HQProp,Hobbywing,30,
53.129477,1550,9398,0.071883676,7.559289346,1.681909252,12.71403869,5.65388209,T-Motor,2850,5,3,HQProp,Hobbywing,30,
57.2792476,1600,10079,0.086287633,7.549186817,2.031141465,15.33346637,5.627405492,T-Motor,2850,5,3,HQProp,Hobbywing,30,
61.406792,1650,10726,0.098667233,7.53752614,2.39100834,18.02228786,5.474734024,T-Motor,2850,5,3,HQProp,Hobbywing,30,
65.5330648,1700,11603,0.116393465,7.523044308,2.895535235,21.78323987,5.343257749,T-Motor,2850,5,3,HQProp,Hobbywing,30,
69.656139,1750,12397,0.136447617,7.507642613,3.465840998,26.02029556,5.243891895,T-Motor,2850,5,3,HQProp,Hobbywing,30,
73.810431,1800,13227,0.156997271,7.485332084,4.14796693,31.04890995,5.056450319,T-Motor,2850,5,3,HQProp,Hobbywing,30,
77.9360184,1850,14101,0.180337505,7.463198209,4.947748588,36.92602841,4.883750382,T-Motor,2850,5,3,HQProp,Hobbywing,30,
0.2995078,1000,0,-0.000196323,7.943672348,1.103028984,8.762100843,,Hypershot,3922,5.1,2.6,Gemfan,,25-35,
9.5500044,1200,5790,0.027066266,7.950380348,0.641866933,5.103086247,5.30390144,Hypershot,3922,5.1,2.6,Gemfan,,25-35,
13.6752056,1250,6778,0.037652387,7.943778182,0.947639228,7.527835825,5.001754483,Hypershot,3922,5.1,2.6,Gemfan,,25-35,
17.8254966,1300,7910,0.053094304,7.935442404,1.300327046,10.31867038,5.145459797,Hypershot,3922,5.1,2.6,Gemfan,,25-35,
21.70056,1325,8092,0.05936102,7.930375285,1.496914142,11.87109092,5.00046879,Hypershot,3922,5.1,2.6,Gemfan,,25-35,
25.5766964,1350,8850,0.066983295,7.925583033,1.690302153,13.39663007,5.000010774,Hypershot,3922,5.1,2.6,Gemfan,,25-35,
29.452509,1375,8938,0.074696302,7.919018833,1.896467641,15.01816297,4.973730953,Hypershot,3922,5.1,2.6,Gemfan,,25-35,
33.326666,1400,9457,0.083322201,7.912408347,2.126039223,16.8220905,4.953141876,Hypershot,3922,5.1,2.6,Gemfan,,25-35,
37.202221,1425,9667,0.089398285,7.905921774,2.369972801,18.73681957,4.771262547,Hypershot,3922,5.1,2.6,Gemfan,,25-35,
41.0778444,1450,10263,0.097935796,7.898563454,2.631549842,20.78546341,4.711744653,Hypershot,3922,5.1,2.6,Gemfan,,25-35,
44.9528678,1475,419,0.10606123,7.891203619,2.90012809,22.88550128,4.634428969,Hypershot,3922,5.1,2.6,Gemfan,,25-35,
48.8285888,1500,597,0.114012094,7.882963264,3.18714348,25.12413497,4.537951036,Hypershot,3922,5.1,2.6,Gemfan,,25-35,
52.9538716,1550,406,0.129977124,7.869045349,3.757572857,29.56851121,4.395795356,Hypershot,3922,5.1,2.6,Gemfan,,25-35,
57.0797978,1600,524,0.148500876,7.851355388,4.513144487,35.43430128,4.190879194,Hypershot,3922,5.1,2.6,Gemfan,,25-35,
61.2306278,1650,464,0.169257734,7.827286693,5.455333222,42.70045713,3.963838927,Hypershot,3922,5.1,2.6,Gemfan,,25-35,
65.4332366,1700,561,0.19789079,7.800199277,6.614600445,51.59520161,3.835449493,Hypershot,3922,5.1,2.6,Gemfan,,25-35,
69.6594988,1750,13,0.225574674,7.767342584,7.842808293,60.91777883,3.702936622,Hypershot,3922,5.1,2.6,Gemfan,,25-35,
73.8075688,1800,318,0.256848896,7.729772935,9.383155142,72.52965866,3.541294706,Hypershot,3922,5.1,2.6,Gemfan,,25-35,
78.0259022,1850,255,0.295909755,7.686460529,11.15261347,85.72412325,3.451884301,Hypershot,3922,5.1,2.6,Gemfan,,25-35,
0.299839,1000,0,-0.000494605,11.83506187,0.036365362,0.430386311,,T-motor,1950,6,4.5,Master Airscrew,T-motor,45-50,
9.576899,1200,4155,0.048908335,11.82284175,0.614327546,7.263097362,6.733812423,T-motor,1950,6,4.5,Master Airscrew,T-motor,45-50,
13.7283804,1250,5093,0.074914256,11.81000123,0.963689395,11.38117294,6.582296638,T-motor,1950,6,4.5,Master Airscrew,T-motor,45-50,
17.888973,1300,5985,0.103841834,11.79381935,1.368670353,16.14185089,6.433080961,T-motor,1950,6,4.5,Master Airscrew,T-motor,45-50,
21.8528166,1325,6395,0.114568847,11.78243068,1.601681564,18.87170199,6.070933439,T-motor,1950,6,4.5,Master Airscrew,T-motor,45-50,
25.753072,1350,6804,0.134723659,11.76960823,1.839453343,21.6496452,6.22290376,T-motor,1950,6,4.5,Master Airscrew,T-motor,45-50,
29.6280742,1375,7173,0.15352174,11.75445285,2.116597255,24.87944263,6.17062619,T-motor,1950,6,4.5,Master Airscrew,T-motor,45-50,
33.5039706,1400,7535,0.172926009,11.73962334,2.41865489,28.39409739,6.090209775,T-motor,1950,6,4.5,Master Airscrew,T-motor,45-50,
37.4048498,1425,7815,0.195552784,11.71757603,2.772184503,32.48328269,6.020105339,T-motor,1950,6,4.5,Master Airscrew,T-motor,45-50,
41.3052584,1450,8188,0.202915685,11.70105823,3.003067117,35.13906322,5.774646978,T-motor,1950,6,4.5,Master Airscrew,T-motor,45-50,
45.1807346,1475,8469,0.222004761,11.68319893,3.328091601,38.88275623,5.70959424,T-motor,1950,6,4.5,Master Airscrew,T-motor,45-50,
49.0571536,1500,8794,0.244101061,11.66222435,3.722130546,43.40832151,5.623370195,T-motor,1950,6,4.5,Master Airscrew,T-motor,45-50,
53.1581146,1550,9487,0.28478091,11.62278986,4.613317154,53.61961584,5.311132981,T-motor,1950,6,4.5,Master Airscrew,T-motor,45-50,
57.2802644,1600,10188,0.329520744,11.57512625,5.68060918,65.75376844,5.01143512,T-motor,1950,6,4.5,Master Airscrew,T-motor,45-50,
61.4074248,1650,10938,0.386739226,11.51534392,6.988964012,80.48032424,4.805388514,T-motor,1950,6,4.5,Master Airscrew,T-motor,45-50,
65.5322648,1700,11739,0.437348171,11.44787776,8.46610716,96.91895988,4.512514078,T-motor,1950,6,4.5,Master Airscrew,T-motor,45-50,
69.6587906,1750,12491,0.485774311,11.380999,9.898242484,112.6518879,4.312171954,T-motor,1950,6,4.5,Master Airscrew,T-motor,45-50,
73.7845918,1800,13192,0.551922485,11.29424751,11.91303622,134.5487797,4.102025201,T-motor,1950,6,4.5,Master Airscrew,T-motor,45-50,
0.3296298,1000,0,-0.000110876,12.34160039,-0.01473724,0.181881132,,Flashhobby,1400,6,5,Lumenier,Hobbywing,30,
9.6618084,1200,3431,0.013512263,12.33574127,0.18840696,2.324139507,5.813877631,Flashhobby,1400,6,5,Lumenier,Hobbywing,30,
14.3283634,1300,4934,0.026336817,12.32628392,0.464869091,5.730108397,4.596216115,Flashhobby,1400,6,5,Lumenier,Hobbywing,30,
18.5111376,1350,5558,0.035967076,12.31948926,0.656517137,8.087955813,4.446992107,Flashhobby,1400,6,5,Lumenier,Hobbywing,30,
22.7421954,1400,6116,0.045555044,12.3105893,0.888914916,10.94306645,4.16291393,Flashhobby,1400,6,5,Lumenier,Hobbywing,30,
26.9536864,1450,6768,0.055271781,12.29976081,1.160693597,14.27625362,3.871588592,Flashhobby,1400,6,5,Lumenier,Hobbywing,30,
31.356581,1500,7386,0.065371779,12.28653336,1.487117084,18.27151366,3.577797671,Flashhobby,1400,6,5,Lumenier,Hobbywing,30,
35.7234152,1550,8012,0.07784195,12.26947341,1.861024804,22.83379434,3.409067674,Flashhobby,1400,6,5,Lumenier,Hobbywing,30,
40.0665194,1600,8634,0.091057413,12.24872304,2.31154846,28.31351689,3.216040366,Flashhobby,1400,6,5,Lumenier,Hobbywing,30,
44.3237152,1650,9254,0.102455344,12.22653674,2.785916156,34.06210625,3.007898084,Flashhobby,1400,6,5,Lumenier,Hobbywing,30,
48.5466106,1700,9827,0.116722261,12.20228119,3.343612361,40.79969822,2.860860896,Flashhobby,1400,6,5,Lumenier,Hobbywing,30,
53.3817822,1800,10902,0.150858472,12.14517083,4.841878958,58.80544708,2.565382626,Flashhobby,1400,6,5,Lumenier,Hobbywing,30,
58.1648282,1900,11820,0.1849635,12.07585668,6.646548999,80.26277314,2.304474323,Flashhobby,1400,6,5,Lumenier,Hobbywing,30,
0.2991638,1000,0,-0.000231856,17.08900105,0.02136501,0.36510668,,,,,,,,,
0.299323,1000,0,0.000343611,12.09513036,-0.001427969,0.017271471,,Lumenier,2550,5,4.3,Gemfan,Lumenier,35-40,
9.6255746,1200,6066,0.026882043,12.07265603,0.834457999,10.07412439,2.668424736,Lumenier,2550,5,4.3,Gemfan,Lumenier,35-40,
14.2526628,1300,8598,0.053819161,12.04363647,1.761050927,21.20945717,2.537507703,Lumenier,2550,5,4.3,Gemfan,Lumenier,35-40,
18.4382914,1350,9712,0.069054727,12.02079246,2.302993309,27.6838046,2.494408855,Lumenier,2550,5,4.3,Gemfan,Lumenier,35-40,
22.6170808,1400,10761,0.084729292,11.99449185,2.974169341,35.67364993,2.375122596,Lumenier,2550,5,4.3,Gemfan,Lumenier,35-40,
26.8183736,1450,11787,0.103495313,11.9614091,3.824851242,45.75061047,2.262162441,Lumenier,2550,5,4.3,Gemfan,Lumenier,35-40,
30.9779492,1500,12670,0.11982872,11.92755737,4.605349349,54.93056854,2.181457852,Lumenier,2550,5,4.3,Gemfan,Lumenier,35-40,
35.1596536,1550,13557,0.137483514,11.88726193,5.552528598,66.00436182,2.082945892,Lumenier,2550,5,4.3,Gemfan,Lumenier,35-40,
39.3050472,1600,14510,0.157263785,11.84200193,6.6815262,79.12264617,1.987595111,Lumenier,2550,5,4.3,Gemfan,Lumenier,35-40,
43.504786,1650,15480,0.18422719,11.78364562,8.166175282,96.22731557,1.914499938,Lumenier,2550,5,4.3,Gemfan,Lumenier,35-40,
47.7053256,1700,16538,0.210181648,11.71310708,9.852717022,115.4059295,1.821237863,Lumenier,2550,5,4.3,Gemfan,Lumenier,35-40,
0.2964772,1000,0,-8.79E-05,11.89055622,-0.004328368,0.051466708,,Lumenier,2550,7,3.5,Gemfan,Lumenier,55,
9.5483172,1200,5690,0.062421488,11.85567528,0.925345766,10.97059893,5.689888842, Lumenier,2550,7,3.5,Gemfan,Lumenier,55,
13.6984656,1250,6861,0.092917852,11.8317888,1.37873576,16.31291032,5.695970281,Lumenier,2550,7,3.5,Gemfan,Lumenier,55,
17.848805,1300,7903,0.126693558,11.80292498,1.942548312,22.92775199,5.525773225,Lumenier,2550,7,3.5,Gemfan,Lumenier,55,
21.9750572,1350,8823,0.157675425,11.76841439,2.555233634,30.07104827,5.243429624,Lumenier,2550,7,3.5,Gemfan,Lumenier,55,
26.1013526,1400,9677,0.191008684,11.72866317,3.238989189,37.9890132,5.02799805,Lumenier,2550,7,3.5,Gemfan,Lumenier,55,
30.751513,1500,11122,0.260920927,11.64414913,4.859814464,56.58840438,4.610855002,Lumenier,2550,7,3.5,Gemfan,Lumenier,55,
35.3757668,1600,12797,0.349944033,11.5250741,7.184736437,82.80461982,4.226141411,Lumenier,2550,7,3.5,Gemfan,Lumenier,55,
40.0261126,1700,14625,0.466530045,11.3549474,10.60023814,120.3651464,3.875956275,Lumenier,2550,7,3.5,Gemfan,Lumenier,55,
0.3033216,1000,0,0.000583205,12.12378543,1.315560424,15.9495723,,T-motor,3550,5.5,2.2,HQProp,T-motor,30-35,
9.554464,1200,7160,0.061177266,12.1242285,0.988642208,11.98652404,5.103837103,T-motor,3550,5.5,2.2,HQProp,T-motor,30-35,
14.2035248,1300,9789,0.119535629,12.06774842,2.10858587,25.44588381,4.697641091,T-motor,3550,5.5,2.2,HQProp,T-motor,30-35,
18.330217,1350,10774,0.149992043,12.02984986,2.784600699,33.49832833,4.477597862,T-motor,3550,5.5,2.2,HQProp,T-motor,30-35,
22.4804722,1400,11686,0.176788545,11.98701084,3.511079866,42.08735241,4.200514765,T-motor,3550,5.5,2.2,HQProp,T-motor,30-35,
26.5812644,1450,12493,0.203103264,11.93793394,4.342318294,51.83830894,3.918014851,T-motor,3550,5.5,2.2,HQProp,T-motor,30-35,
30.730388,1500,13367,0.230992013,11.8806203,5.278435762,62.71109106,3.683431575,T-motor,3550,5.5,2.2,HQProp,T-motor,30-35,
34.8547156,1550,14198,0.262162014,11.81859547,6.388067832,75.49798952,3.472437024,T-motor,3550,5.5,2.2,HQProp,T-motor,30-35,
39.006478,1600,14988,0.29919755,11.74385069,7.687329398,90.27884866,3.314148934,T-motor,3550,5.5,2.2,HQProp,T-motor,30-35,
43.1578576,1650,15744,0.341169171,11.65169195,9.249621358,107.7737387,3.165605788,T-motor,3550,5.5,2.2,HQProp,T-motor,30-35,
47.2827274,1700,16635,0.366361489,11.55750189,10.85633765,125.4721429,2.91986317,T-motor,3550,5.5,2.2,HQProp,T-motor,30-35,
0.2970094,1000,0,-0.000382621,8.197143739,0.023854223,0.195536497,,BrotherHobby,3450,5,4.3,Gemfan,BrotherHobby,30,
9.5729872,1200,4734,0.034265578,8.182294075,0.705698585,5.774233355,5.934221284,BrotherHobby,3450,5,4.3,Gemfan,BrotherHobby,30,
13.7235478,1250,5675,0.051057809,8.175009735,1.075559751,8.792711436,5.806833265,BrotherHobby,3450,5,4.3,Gemfan,BrotherHobby,30,
17.8737762,1300,6460,0.068335828,8.16499728,1.48840951,12.1528596,5.623024576,BrotherHobby,3450,5,4.3,Gemfan,BrotherHobby,30,
21.7463966,1325,6830,0.074713877,8.159560277,1.688334226,13.77606488,5.42345567,BrotherHobby,3450,5,4.3,Gemfan,BrotherHobby,30,
25.648786,1350,7192,0.083168733,8.152133256,1.911166146,15.58008109,5.338145043,BrotherHobby,3450,5,4.3,Gemfan,BrotherHobby,30,
29.5491422,1375,7513,0.090326108,8.145549319,2.155427414,17.55714031,5.144693661,BrotherHobby,3450,5,4.3,Gemfan,BrotherHobby,30,
33.4252976,1400,7829,0.097972073,8.138310144,2.413570878,19.64238836,4.987788184,BrotherHobby,3450,5,4.3,Gemfan,BrotherHobby,30,
37.3001846,1425,8116,0.10499357,8.13113124,2.628179468,21.37007217,4.913112553,BrotherHobby,3450,5,4.3,Gemfan,BrotherHobby,30,
41.176474,1450,8454,0.107624479,8.124562911,2.836236179,23.04317927,4.670556876,BrotherHobby,3450,5,4.3,Gemfan,BrotherHobby,30,
45.0758036,1475,8638,0.118767163,8.115766769,3.127562487,25.3825677,4.679083885,BrotherHobby,3450,5,4.3,Gemfan,BrotherHobby,30,
48.9514564,1500,8893,0.129838212,8.106627681,3.470853787,28.13691938,4.614514115,BrotherHobby,3450,5,4.3,Gemfan,BrotherHobby,30,
53.0774196,1550,9595,0.146548476,8.090148527,4.172776778,33.75838391,4.341098671,BrotherHobby,3450,5,4.3,Gemfan,BrotherHobby,30,
57.2040578,1600,10215,0.170553643,8.067625383,5.137444382,41.4469767,4.114983936,BrotherHobby,3450,5,4.3,Gemfan,BrotherHobby,30,
61.3285042,1650,10987,0.196964388,8.04128694,6.255906259,50.3055373,3.915361986,BrotherHobby,3450,5,4.3,Gemfan,BrotherHobby,30,
65.4537946,1700,11764,0.226326831,8.005045606,7.581777485,60.69247455,3.72907569,BrotherHobby,3450,5,4.3,Gemfan,BrotherHobby,30,
69.5797554,1750,12561,0.259686347,7.966667495,9.150641031,72.90011446,3.562221384,BrotherHobby,3450,5,4.3,Gemfan,BrotherHobby,30,
73.7040924,1800,13452,0.296450806,7.921404846,11.06218983,87.62808412,3.383057028,BrotherHobby,3450,5,4.3,Gemfan,BrotherHobby,30,
77.8311134,1850,14241,0.341346595,7.870212303,13.1232016,103.2823827,3.304983737,BrotherHobby,3450,5,4.3,Gemfan,BrotherHobby,30,
0.3057622,1000,0,0.000805658,12.15046296,0.048093185,0.584354462,,T-motor,1500,6,3.5,HQProp,T-Motor,45,
9.5819782,1200,3369,0.032221922,12.1391914,0.306525013,3.7209658,8.659558859,T-motor,1500,6,3.5,HQProp,T-Motor,45,
13.7331992,1250,4058,0.047146577,12.13271015,0.45324281,5.499063645,8.573564574,T-motor,1500,6,3.5,HQProp,T-Motor,45,
17.8838112,1300,4670,0.064497099,12.12321796,0.632789071,7.671439829,8.407430703,T-motor,1500,6,3.5,HQProp,T-Motor,45,
22.0089462,1350,5337,0.082505139,12.11065267,0.886588164,10.73716132,7.68407374,T-motor,1500,6,3.5,HQProp,T-Motor,45,
26.1337884,1400,5972,0.104121743,12.09468907,1.172235655,14.17782577,7.343985221,T-motor,1500,6,3.5,HQProp,T-Motor,45,
30.7841982,1500,7113,0.15176382,12.0557089,1.902166308,22.9319633,6.618003782,T-motor,1500,6,3.5,HQProp,T-Motor,45,
35.4092242,1600,8260,0.195047145,12.00654365,2.79904254,33.60682644,5.803795394,T-motor,1500,6,3.5,HQProp,T-Motor,45,
40.0600062,1700,9287,0.253093455,11.93480931,4.090579186,48.82028254,5.184186615,T-motor,1500,6,3.5,HQProp,T-Motor,45,
0.3011074,1000,0,0.0003743,8.066395514,-0.003445672,0.027794154,,FlashHobby,3100,5,4,Gemfan,Generic BLHeli,20,
9.5767798,1200,4358,0.022588145,8.061243475,0.288273069,2.323839398,9.720183124,FlashHobby,3100,5,4,Gemfan,Generic BLHeli,20,
13.7269174,1250,5259,0.031628454,8.057841714,0.441204303,3.555154441,8.89650636,FlashHobby,3100,5,4,Gemfan,Generic BLHeli,20,
17.877112,1300,6122,0.042483008,8.053586718,0.64245015,5.174027997,8.210819169,FlashHobby,3100,5,4,Gemfan,Generic BLHeli,20,
21.7523912,1325,6519,0.04727324,8.050342913,0.75711272,6.095017021,7.756047273,FlashHobby,3100,5,4,Gemfan,Generic BLHeli,20,
25.6278328,1350,6885,0.053949334,8.047260897,0.887589848,7.142667072,7.553107724,FlashHobby,3100,5,4,Gemfan,Generic BLHeli,20,
29.5034334,1375,7245,0.059414698,8.044363319,1.019850924,8.204051364,7.242116789,FlashHobby,3100,5,4,Gemfan,Generic BLHeli,20,
33.378563,1400,7626,0.065811182,8.040150821,1.171106206,9.415870523,6.989388976,FlashHobby,3100,5,4,Gemfan,Generic BLHeli,20,
37.278552,1425,7974,0.071614181,8.036309609,1.317290677,10.58615573,6.764890228,FlashHobby,3100,5,4,Gemfan,Generic BLHeli,20,
41.1795776,1450,8328,0.078761426,8.031568377,1.480191964,11.88826297,6.625141646,FlashHobby,3100,5,4,Gemfan,Generic BLHeli,20,
45.079848,1475,8701,0.085457722,8.026877497,1.658307175,13.31102855,6.420068995,FlashHobby,3100,5,4,Gemfan,Generic BLHeli,20,
48.9552556,1500,9063,0.091836633,8.020259506,1.849214713,14.83118188,6.19213179,FlashHobby,3100,5,4,Gemfan,Generic BLHeli,20,
53.1052382,1550,9799,0.106861555,8.007609134,2.296463216,18.38917983,5.811110467,FlashHobby,3100,5,4,Gemfan,Generic BLHeli,20,
57.2311568,1600,10567,0.123338405,7.993982525,2.80618767,22.4326152,5.498173254,FlashHobby,3100,5,4,Gemfan,Generic BLHeli,20,
61.3556532,1650,11298,0.141060795,7.979621257,3.399326157,27.12533526,5.200333702,FlashHobby,3100,5,4,Gemfan,Generic BLHeli,20,
65.507954,1700,12068,0.161841165,7.96169434,4.129861454,32.88069456,4.922072579,FlashHobby,3100,5,4,Gemfan,Generic BLHeli,20,
69.6337246,1750,12880,0.182283008,7.941551332,4.947964035,39.29451037,4.63889246,FlashHobby,3100,5,4,Gemfan,Generic BLHeli,20,
73.76309,1800,13644,0.203624761,7.919075475,5.888709562,46.63313547,4.366525203,FlashHobby,3100,5,4,Gemfan,Generic BLHeli,20,
77.9096244,1850,14402,0.224168413,7.89495243,6.843503299,54.02913301,4.149028501,FlashHobby,3100,5,4,Gemfan,Generic BLHeli,20,
0.2970572,1000,0,0.000164658,8.351802736,0.471179818,3.935200897,,JMT,2400,5.5,5.2,Gemfan,Hobbywing,20-30,
9.5742606,1200,3067,0.024334548,8.353102137,0.345847839,2.888902319,8.423458157,JMT,2400,5.5,5.2,Gemfan,Hobbywing,20-30,
13.7230052,1250,3739,0.037399466,8.348945266,0.533199283,4.451651626,8.401256209,JMT,2400,5.5,5.2,Gemfan,Hobbywing,20-30,
17.8736162,1300,4385,0.049222637,8.34333759,0.776548104,6.479002983,7.597254803,JMT,2400,5.5,5.2,Gemfan,Hobbywing,20-30,
21.7738682,1325,4706,0.055628653,8.339360663,0.925065671,7.714456269,7.210962293,JMT,2400,5.5,5.2,Gemfan,Hobbywing,20-30,
25.679946,1350,5000,0.065250345,8.334946097,1.096221315,9.136945569,7.141373949,JMT,2400,5.5,5.2,Gemfan,Hobbywing,20-30,
29.5997336,1375,5263,0.073819349,8.33047829,1.257312202,10.474012,7.047857934,JMT,2400,5.5,5.2,Gemfan,Hobbywing,20-30,
33.4998972,1400,5569,0.078751675,8.326284563,1.415828776,11.78859328,6.680328434,JMT,2400,5.5,5.2,Gemfan,Hobbywing,20-30,
37.3760144,1425,5827,0.087018136,8.320030889,1.614499539,13.43268604,6.478089006,JMT,2400,5.5,5.2,Gemfan,Hobbywing,20-30,
41.2775722,1450,6125,0.09206462,8.314196812,1.778867191,14.78985193,6.224850689,JMT,2400,5.5,5.2,Gemfan,Hobbywing,20-30,
45.1767832,1475,6321,0.101912953,8.307485774,2.022313954,16.8003444,6.066122864,JMT,2400,5.5,5.2,Gemfan,Hobbywing,20-30,
49.099654,1500,6546,0.11052349,8.300097705,2.255597618,18.72168061,5.90350257,JMT,2400,5.5,5.2,Gemfan,Hobbywing,20-30,
53.3115654,1550,7059,0.123918904,8.287442223,2.729739704,22.62256008,5.477669339,JMT,2400,5.5,5.2,Gemfan,Hobbywing,20-30,
57.5332544,1600,7540,0.139444916,8.272523919,3.318271042,27.45047657,5.079872308,JMT,2400,5.5,5.2,Gemfan,Hobbywing,20-30,
61.7655484,1650,8008,0.159736492,8.254804023,4.004732546,33.05828233,4.831965877,JMT,2400,5.5,5.2,Gemfan,Hobbywing,20-30,
65.9715012,1700,8451,0.182453691,8.230843823,4.878619429,40.15515459,4.543717814,JMT,2400,5.5,5.2,Gemfan,Hobbywing,20-30,
70.1326028,1750,8988,0.203920248,8.206767747,5.802413772,47.6190622,4.282323907,JMT,2400,5.5,5.2,Gemfan,Hobbywing,20-30,
74.3444826,1800,9415,0.226161489,8.177655296,6.823956177,55.80396137,4.05278557,JMT,2400,5.5,5.2,Gemfan,Hobbywing,20-30,
78.4870544,1850,9772,0.252902871,8.148144179,7.956667744,64.83207596,3.900891138,JMT,2400,5.5,5.2,Gemfan,Hobbywing,20-30,
0.3027372,1000,0,-0.000108014,8.345565025,0.009312492,0.07771801,,FlashHobby,3100,5,5,HQProp,Hobbywing,20-30,
9.553784,1200,4277,0.023462458,8.339796175,0.33765285,2.815955946,8.331969162,FlashHobby,3100,5,5,HQProp,Hobbywing,20-30,
13.6788806,1250,5110,0.036460286,8.335822224,0.527989215,4.401224235,8.284123651,FlashHobby,3100,5,5,HQProp,Hobbywing,20-30,
17.803119,1300,5936,0.047926132,8.328998481,0.776013911,6.463418683,7.414981847,FlashHobby,3100,5,5,HQProp,Hobbywing,20-30,
21.7038526,1325,6316,0.054030843,8.325294628,0.925665344,7.706436716,7.011131783,FlashHobby,3100,5,5,HQProp,Hobbywing,20-30,
25.6038142,1350,6717,0.060527952,8.320488375,1.073155705,8.929179568,6.778668901,FlashHobby,3100,5,5,HQProp,Hobbywing,20-30,
29.4801808,1375,7097,0.071084114,8.31571877,1.233109404,10.25419102,6.932201049,FlashHobby,3100,5,5,HQProp,Hobbywing,20-30,
33.3559988,1400,7466,0.076126901,8.310731081,1.407786842,11.69973786,6.506718552,FlashHobby,3100,5,5,HQProp,Hobbywing,20-30,
37.2619316,1425,7811,0.083476049,8.30450088,1.598007852,13.27065761,6.290272243,FlashHobby,3100,5,5,HQProp,Hobbywing,20-30,
41.1676628,1450,8157,0.088986768,8.298821154,1.796397752,14.90798366,5.969068001,FlashHobby,3100,5,5,HQProp,Hobbywing,20-30,
45.062448,1475,8467,0.099023209,8.291572265,2.031383991,16.84336716,5.879062567,FlashHobby,3100,5,5,HQProp,Hobbywing,20-30,
48.9575506,1500,8785,0.106739617,8.283548015,2.26805423,18.78753612,5.681405799,FlashHobby,3100,5,5,HQProp,Hobbywing,20-30,
53.0808736,1550,9439,0.124507041,8.269367452,2.808013509,23.22049551,5.361945906,FlashHobby,3100,5,5,HQProp,Hobbywing,20-30,
57.2058898,1600,10071,0.145827647,8.25183269,3.466891833,28.60821136,5.097405275,FlashHobby,3100,5,5,HQProp,Hobbywing,20-30,
61.356299,1650,10807,0.162677509,8.23119769,4.15563351,34.20584095,4.755840059,FlashHobby,3100,5,5,HQProp,Hobbywing,20-30,
65.484567,1700,11444,0.185479849,8.208424653,5.026104118,41.25639695,4.495783985,FlashHobby,3100,5,5,HQProp,Hobbywing,20-30,
69.6103202,1750,12072,0.210886758,8.179664014,6.039600197,49.40190039,4.268798485,FlashHobby,3100,5,5,HQProp,Hobbywing,20-30,
73.760314,1800,12671,0.235730213,8.149023333,7.172482645,58.44872843,4.033111055,FlashHobby,3100,5,5,HQProp,Hobbywing,20-30,
77.8860664,1850,13343,0.252947825,8.117634767,8.266282465,67.10266194,3.769564694,FlashHobby,3100,5,5,HQProp,Hobbywing,20-30,
1.19011555,1000,0,0.000472355,10.7184408,-0.050285123,0.538978112,,Elite,2150,5,3,,Hobbywing,25,
15.2719035,1600,13490,0.161486959,10.64013603,2.497772838,26.57664276,6.076273825,Elite,2150,5,3,,Hobbywing,25,
20.02655005,1565,12714,0.143320899,10.65088051,2.158128172,22.98596528,6.235148145,Elite,2150,5,3,,Hobbywing,25,
24.76811805,1531,12000,0.128040418,10.66000579,1.858939274,19.81630343,6.461367452,Elite,2150,5,3,,Hobbywing,25,
29.5374307,1496,11248,0.11190742,10.66823302,1.584634879,16.90525414,6.619682775,Elite,2150,5,3,,Hobbywing,25,
34.35359305,1461,10436,0.09781353,10.67545379,1.324502136,14.13966135,6.917671366,Elite,2150,5,3,,Hobbywing,25,
39.1645655,1426,9653,0.083468737,10.68281402,1.096952285,11.71853725,7.122794907,Elite,2150,5,3,,Hobbywing,25,
43.9190357,1392,8871,0.069496033,10.68889897,0.905010787,9.673568868,7.184115222,Elite,2150,5,3,,Hobbywing,25,
48.72591795,1357,8095,0.057920662,10.69428767,0.724663163,7.749756322,7.473868747,Elite,2150,5,3,,Hobbywing,25,
53.49740455,1322,7287,0.047229774,10.69868926,0.572205601,6.121849917,7.714951364,Elite,2150,5,3,,Hobbywing,25,
58.29034285,1288,6481,0.036774192,10.70286185,0.435201897,4.657905783,7.895005561,Elite,2150,5,3,,Hobbywing,25,
63.10310155,1253,5636,0.028095795,10.70683669,0.321160477,3.438612779,8.170677178,Elite,2150,5,3,,Hobbywing,25,
67.9071161,1218,4800,0.020526841,10.70975303,0.224517852,2.404530749,8.536734499,Elite,2150,5,3,,Hobbywing,25,
72.72468055,1183,3982,0.014127088,10.7118333,0.14630708,1.567217049,9.014123795,Elite,2150,5,3,,Hobbywing,25,
77.5502579,1149,3160,0.009221253,10.71359326,0.084799492,0.908507265,10.14989493,Elite,2150,5,3,,Hobbywing,25,
0.29443,1000,0,0.000444708,12.09660221,-0.004393286,0.053143831,,T-motor,1950,7,3.5,Gemfan,Hobbywing,60,
9.5740668,1200,4243,0.056695367,12.07882581,0.609083382,7.357012073,7.706303315,T-motor,1950,7,3.5,Gemfan,Hobbywing,60,
13.8090074,1250,5197,0.087153199,12.06318943,0.972949578,11.73687507,7.425588037,T-motor,1950,7,3.5,Gemfan,Hobbywing,60,
17.9986316,1300,6091,0.11912313,12.04550277,1.384694768,16.67934467,7.141955029,T-motor,1950,7,3.5,Gemfan,Hobbywing,60,
21.933719,1325,6484,0.13715378,12.03166877,1.641509876,19.75010311,6.944458944,T-motor,1950,7,3.5,Gemfan,Hobbywing,60,
25.8194574,1350,6835,0.162164997,12.01695883,1.91791325,23.04748456,7.036125638,T-motor,1950,7,3.5,Gemfan,Hobbywing,60,
29.6935374,1375,7227,0.175260608,12.00189798,2.174282383,26.09551533,6.716119845,T-motor,1950,7,3.5,Gemfan,Hobbywing,60,
33.596324,1400,7558,0.196350872,11.98509178,2.479445556,29.71638256,6.607495779,T-motor,1950,7,3.5,Gemfan,Hobbywing,60,
37.4875462,1425,7878,0.224415289,11.96618147,2.839293262,33.97549843,6.605209618,T-motor,1950,7,3.5,Gemfan,Hobbywing,60,
41.3901846,1450,8188,0.235146517,11.94836388,3.079407945,36.79388665,6.390912695,T-motor,1950,7,3.5,Gemfan,Hobbywing,60,
45.2964598,1475,8473,0.255919912,11.92906531,3.413329754,40.71783355,6.285204541,T-motor,1950,7,3.5,Gemfan,Hobbywing,60,
49.1909564,1500,8826,0.274822359,11.90697088,3.804881196,45.30460961,6.06610146,T-motor,1950,7,3.5,Gemfan,Hobbywing,60,
53.847449,1600,10183,0.382847462,11.82598506,5.893446306,69.69580794,5.493120361,T-motor,1950,7,3.5,Gemfan,Hobbywing,60,
58.5093056,1700,11715,0.520199197,11.6985534,8.942212054,104.6109453,4.972703343,T-motor,1950,7,3.5,Gemfan,Hobbywing,60,
0.2773424,1000,0,0.000339374,12.59724001,0.056686101,0.71408842,,T-motor,1750,6,4.5,Master Airscrew,T-motor,30-35,
9.4740108,1200,4078,0.035205407,12.58137722,0.385994773,4.856345851,7.249361471,T-motor,1750,6,4.5,Master Airscrew,T-motor,30-35,
13.5708826,1250,5148,0.055415512,12.5703116,0.575625841,7.235796182,7.658523046,T-motor,1750,6,4.5,Master Airscrew,T-motor,30-35,
17.6808234,1300,5846,0.074066855,12.5564005,0.808029499,10.14594201,7.300145737,T-motor,1750,6,4.5,Master Airscrew,T-motor,30-35,
21.5174294,1325,6249,0.086719524,12.54751383,0.934658484,11.72764025,7.394456337,T-motor,1750,6,4.5,Master Airscrew,T-motor,30-35,
25.382526,1350,6587,0.096810063,12.53775474,1.056625481,13.24771113,7.307682193,T-motor,1750,6,4.5,Master Airscrew,T-motor,30-35,
29.2747194,1375,6957,0.108827602,12.52736795,1.206188276,15.11036435,7.202182525,T-motor,1750,6,4.5,Master Airscrew,T-motor,30-35,
33.1442116,1400,7343,0.115609963,12.51638684,1.355225431,16.96252575,6.815610192,T-motor,1750,6,4.5,Master Airscrew,T-motor,30-35,
36.9953654,1425,7739,0.127735606,12.50272623,1.529304944,19.12048103,6.680564466,T-motor,1750,6,4.5,Master Airscrew,T-motor,30-35,
40.8542844,1450,8091,0.1412544,12.48733073,1.727014774,21.56580467,6.549924861,T-motor,1750,6,4.5,Master Airscrew,T-motor,30-35,
44.7222506,1475,8422,0.154115243,12.47164111,1.953583909,24.36439739,6.325428046,T-motor,1750,6,4.5,Master Airscrew,T-motor,30-35,
48.5775006,1500,8767,0.170196794,12.45370968,2.187706772,27.245065,6.246885228,T-motor,1750,6,4.5,Master Airscrew,T-motor,30-35,
52.7220646,1550,9672,0.193215764,12.41854002,2.676045029,33.23257229,5.814047819,T-motor,1750,6,4.5,Master Airscrew,T-motor,30-35,
56.8094518,1600,10376,0.227095645,12.38055399,3.241338904,40.1295713,5.659059841,T-motor,1750,6,4.5,Master Airscrew,T-motor,30-35,
60.9295014,1650,10893,0.257074506,12.33927839,3.866904684,47.71481339,5.387729474,T-motor,1750,6,4.5,Master Airscrew,T-motor,30-35,
65.0558456,1700,11585,0.299967042,12.2835521,4.764000413,58.51884728,5.125990272,T-motor,1750,6,4.5,Master Airscrew,T-motor,30-35,
69.2049612,1750,12249,0.325174961,12.23028878,5.492596929,67.1760466,4.840638546,T-motor,1750,6,4.5,Master Airscrew,T-motor,30-35,
73.355999,1800,12840,0.358673826,12.168465,6.410759352,78.00910081,4.597845925,T-motor,1750,6,4.5,Master Airscrew,T-motor,30-35,
77.5069766,1850,13542,0.393407238,12.10167893,7.413964527,89.72141834,4.384763923,T-motor,1750,6,4.5,Master Airscrew,T-motor,30-35,
0.29881,1000,0,0.000832916,7.921081105,0.008749863,0.069308373,,T-Motor,3950,4,2.3,Gemfan,Hobbywing,25-30,
9.5743248,1200,5559,0.013632215,7.913560281,0.414192386,3.277736415,4.159033349,T-Motor,3950,4,2.3,Gemfan,Hobbywing,25-30,
13.724288,1250,6798,0.021408532,7.909232734,0.607053851,4.801330188,4.458875234,T-Motor,3950,4,2.3,Gemfan,Hobbywing,25-30,
17.8747184,1300,7925,0.029025738,7.903704337,0.851300431,6.728426906,4.313896641,T-Motor,3950,4,2.3,Gemfan,Hobbywing,25-30,
21.7489286,1325,8427,0.034301785,7.90052123,0.972304515,7.681712459,4.465382553,T-Motor,3950,4,2.3,Gemfan,Hobbywing,25-30,
25.6496352,1350,8972,0.037702441,7.896893646,1.101054696,8.694911831,4.336149906,T-Motor,3950,4,2.3,Gemfan,Hobbywing,25-30,
29.5045378,1375,9484,0.041596577,7.89269847,1.22572351,9.674266074,4.299713933,T-Motor,3950,4,2.3,Gemfan,Hobbywing,25-30,
33.3997288,1400,9959,0.048613711,7.889158676,1.383281646,10.9129284,4.454689815,T-Motor,3950,4,2.3,Gemfan,Hobbywing,25-30,
37.279321,1425,10448,0.051082758,7.884225156,1.512902758,11.92806599,4.282568336,T-Motor,3950,4,2.3,Gemfan,Hobbywing,25-30,
41.1496612,1450,10909,0.056176892,7.879750934,1.698690143,13.38525524,4.196923508,T-Motor,3950,4,2.3,Gemfan,Hobbywing,25-30,
45.0493246,1475,11400,0.06065741,7.874635865,1.846407958,14.53979033,4.171821482,T-Motor,3950,4,2.3,Gemfan,Hobbywing,25-30,
48.9481416,1500,11874,0.066866521,7.869022298,2.043913542,16.08360124,4.157434662,T-Motor,3950,4,2.3,Gemfan,Hobbywing,25-30,
53.0585672,1550,12855,0.08140938,7.858067781,2.50328585,19.67098989,4.138550229,T-Motor,3950,4,2.3,Gemfan,Hobbywing,25-30,
57.1775628,1600,13879,0.09529987,7.843996605,3.004723103,23.56903782,4.043434881,T-Motor,3950,4,2.3,Gemfan,Hobbywing,25-30,
61.3000808,1650,14798,0.109414761,7.828289536,3.558024095,27.85324279,3.928259343,T-Motor,3950,4,2.3,Gemfan,Hobbywing,25-30,
65.4534064,1700,15697,0.128714023,7.811518057,4.232183015,33.05977404,3.893372737,T-Motor,3950,4,2.3,Gemfan,Hobbywing,25-30,
69.5806726,1750,16848,0.14556421,7.79044545,5.015554814,39.07340618,3.72540366,T-Motor,3950,4,2.3,Gemfan,Hobbywing,25-30,
73.7034362,1800,17943,0.16992268,7.763298404,6.026308341,46.78402992,3.632065915,T-Motor,3950,4,2.3,Gemfan,Hobbywing,25-30,
77.829516,1850,19126,0.191376911,7.7360195,7.079602862,54.76794579,3.494323339,T-Motor,3950,4,2.3,Gemfan,Hobbywing,25-30,
0.3003308,1000,0,-0.00012356,8.025751503,0.723962341,5.81034185,,T-Motor,3950,5.1,2.6,Gemfan,Hobbywing,25-30,
9.551606,1200,5294,0.026427064,8.029227533,0.547495065,4.395962453,6.011667392,T-Motor,3950,5.1,2.6,Gemfan,Hobbywing,25-30,
13.6762708,1250,6380,0.038874928,8.021740178,0.842411789,6.757608497,5.752764154,T-Motor,3950,5.1,2.6,Gemfan,Hobbywing,25-30,
17.8266,1300,7354,0.052361126,8.011555078,1.183902128,9.484897105,5.520473768,T-Motor,3950,5.1,2.6,Gemfan,Hobbywing,25-30,
21.727862,1325,7791,0.059318816,8.004339402,1.358593916,10.87464682,5.454780963,T-Motor,3950,5.1,2.6,Gemfan,Hobbywing,25-30,
25.626777,1350,8221,0.065999897,7.998461708,1.55159598,12.41038103,5.318120082,T-Motor,3950,5.1,2.6,Gemfan,Hobbywing,25-30,
29.5262682,1375,8615,0.073294555,7.992378243,1.75265958,14.0079183,5.232366003,T-Motor,3950,5.1,2.6,Gemfan,Hobbywing,25-30,
33.4017824,1400,9021,0.080427419,7.985570144,1.971224603,15.74135233,5.109308079,T-Motor,3950,5.1,2.6,Gemfan,Hobbywing,25-30,
37.2771358,1425,9402,0.088662393,7.978635434,2.193991819,17.50506087,5.064957734,T-Motor,3950,5.1,2.6,Gemfan,Hobbywing,25-30,
41.1550534,1450,9740,0.094842934,7.97119075,2.440209424,19.45137479,4.875898756,T-Motor,3950,5.1,2.6,Gemfan,Hobbywing,25-30,
45.02741,1475,10039,0.102057863,7.964212286,2.650857292,21.11199021,4.834118543,T-Motor,3950,5.1,2.6,Gemfan,Hobbywing,25-30,
48.90256,1500,10343,0.109003257,7.956584132,2.889118047,22.98751081,4.741846894,T-Motor,3950,5.1,2.6,Gemfan,Hobbywing,25-30,
53.0546828,1550,11047,0.12661198,7.941304512,3.500818334,27.80106443,4.554213379,T-Motor,3950,5.1,2.6,Gemfan,Hobbywing,25-30,
57.1816904,1600,11844,0.145810579,7.922231318,4.25226753,33.687447,4.328335676,T-Motor,3950,5.1,2.6,Gemfan,Hobbywing,25-30,
61.3045366,1650,12698,0.167721735,7.899593587,5.113753408,40.39657363,4.151880209,T-Motor,3950,5.1,2.6,Gemfan,Hobbywing,25-30,
65.4529606,1700,13572,0.194671651,7.871501824,6.243099691,49.14257061,3.961364829,T-Motor,3950,5.1,2.6,Gemfan,Hobbywing,25-30,
69.6060508,1750,14442,0.225445001,7.836415852,7.505607521,58.81706176,3.832986455,T-Motor,3950,5.1,2.6,Gemfan,Hobbywing,25-30,
73.733948,1800,15360,0.254792486,7.798689655,8.922915785,69.58705103,3.6614928,T-Motor,3950,5.1,2.6,Gemfan,Hobbywing,25-30,
77.870259,1850,16216,0.291311546,7.752073209,10.64546673,82.52443746,3.530003416,T-Motor,3950,5.1,2.6,Gemfan,Hobbywing,25-30,
0.2989038,1000,0,-1.58E-05,11.92190536,0.004566971,0.054447,7.965548,MultiStar Elite,2150,6,4.5,Master Airscrew,MultiStar Elite,30,
9.5731266,1200,4582,0.042692276,11.90853051,0.476339108,5.672498798,7.526185048,MultiStar Elite,2150,6,4.5,Master Airscrew,MultiStar Elite,30,
13.7236514,1250,5633,0.065401427,11.8945011,0.76294681,9.074871664,7.206870751,MultiStar Elite,2150,6,4.5,Master Airscrew,MultiStar Elite,30,
17.8499342,1300,6588,0.087967153,11.88066467,1.093634651,12.99310656,6.770294147,MultiStar Elite,2150,6,4.5,Master Airscrew,MultiStar Elite,30,
21.9756056,1350,7467,0.117594526,11.86302994,1.513023541,17.94904356,6.551576153,MultiStar Elite,2150,6,4.5,Master Airscrew,MultiStar Elite,30,
26.124486,1400,8214,0.144448126,11.84245566,1.934307079,22.90694581,6.305865808,MultiStar Elite,2150,6,4.5,Master Airscrew,MultiStar Elite,30,
30.7493016,1500,9751,0.205086199,11.79613826,3.038654021,35.84438296,5.721571484,MultiStar Elite,2150,6,4.5,Master Airscrew,MultiStar Elite,30,
35.3739926,1600,11434,0.284616614,11.71974603,4.796895895,56.21840162,5.062694884,MultiStar Elite,2150,6,4.5,Master Airscrew,MultiStar Elite,30,
40.0248584,1700,12930,0.367750388,11.62529467,6.962780773,80.94437818,4.543248049,MultiStar Elite,2150,6,4.5,Master Airscrew,MultiStar Elite,30,
0.30206,1000,0,-0.000350979,12.37224987,0.048914951,0.605187996,,EMAX,1700,6,3,Lumenier,Hobbywing,45-50,
9.5786462,1200,7934,0.036082894,12.35970478,0.471061214,5.822177532,6.197491163,EMAX,1700,6,3,Lumenier,Hobbywing,45-50,
13.7303368,1250,9747,0.056745668,12.34963128,0.705175497,8.708657378,6.516006516,EMAX,1700,6,3,Lumenier,Hobbywing,45-50,
17.8798816,1300,11500,0.08031888,12.33818353,0.993333549,12.25593163,6.553469974,EMAX,1700,6,3,Lumenier,Hobbywing,45-50,
22.0303966,1350,13133,0.10604625,12.32331864,1.340170011,16.51534207,6.421075004,EMAX,1700,6,3,Lumenier,Hobbywing,45-50,
26.1807108,1400,14659,0.130342373,12.30547233,1.742029112,21.43649104,6.080396881,EMAX,1700,6,3,Lumenier,Hobbywing,45-50,
30.8316342,1500,17381,0.194343627,12.26743488,2.651262096,32.5241851,5.975357296,EMAX,1700,6,3,Lumenier,Hobbywing,45-50,
35.4837134,1600,20167,0.271169645,12.21083275,3.981166515,48.61335847,5.578089098,EMAX,1700,6,3,Lumenier,Hobbywing,45-50,
40.107287,1700,23268,0.378051993,12.12590956,6.055164267,73.42437425,5.148862308,EMAX,1700,6,3,Lumenier,Hobbywing,45-50,
0.2791274,1000,0,-0.000218401,8.215178386,0.021442853,0.176156862,,BrotherHobby,3150,5,3,HQProp,Hobbywing,30,
9.4562974,1200,4601,0.01642826,8.208091703,0.396809152,3.257045905,5.04391417,BrotherHobby,3150,5,3,HQProp,Hobbywing,30,
13.5422278,1250,5639,0.024587623,8.203506985,0.58398066,4.790689421,5.132376652,BrotherHobby,3150,5,3,HQProp,Hobbywing,30,
17.6341268,1300,6562,0.034414205,8.197677899,0.805881501,6.606356966,5.209256124,BrotherHobby,3150,5,3,HQProp,Hobbywing,30,
21.4834408,1325,6998,0.039610987,8.193387582,0.931003789,7.628074887,5.192789516,BrotherHobby,3150,5,3,HQProp,Hobbywing,30,
25.304245,1350,7418,0.044478822,8.1899672,1.060854834,8.688366291,5.11935391,BrotherHobby,3150,5,3,HQProp,Hobbywing,30,
29.1342314,1375,7841,0.049938898,8.185007407,1.200363474,9.824983928,5.082847828,BrotherHobby,3150,5,3,HQProp,Hobbywing,30,
32.9918844,1400,8243,0.055084718,8.18094033,1.341493903,10.97468158,5.019254334,BrotherHobby,3150,5,3,HQProp,Hobbywing,30,
36.8261008,1425,8648,0.061246483,8.176378066,1.507690098,12.32744425,4.968303396,BrotherHobby,3150,5,3,HQProp,Hobbywing,30,
40.6774628,1450,9028,0.068068293,8.171832506,1.66523613,13.60803074,5.002067848,BrotherHobby,3150,5,3,HQProp,Hobbywing,30,
44.525914,1475,9403,0.074826487,8.166187646,1.833908895,14.97604416,4.996412033,BrotherHobby,3150,5,3,HQProp,Hobbywing,30,
48.3931288,1500,9767,0.082489422,8.160226816,2.042208812,16.66488711,4.949893843,BrotherHobby,3150,5,3,HQProp,Hobbywing,30,
52.5199702,1550,10503,0.09443042,8.150318617,2.425904632,19.77189568,4.775992232,BrotherHobby,3150,5,3,HQProp,Hobbywing,30,
56.635817,1600,11227,0.10897466,8.139170174,2.856204495,23.24713444,4.687659885,BrotherHobby,3150,5,3,HQProp,Hobbywing,30,
60.7699576,1650,12091,0.128478371,8.122687782,3.463736352,28.13484895,4.56652072,BrotherHobby,3150,5,3,HQProp,Hobbywing,30,
64.8764278,1700,12922,0.148820271,8.105430072,4.187998939,33.94553254,4.384090037,BrotherHobby,3150,5,3,HQProp,Hobbywing,30,
68.994007,1750,13855,0.174152441,8.083081677,5.074895425,41.02079422,4.24546732,BrotherHobby,3150,5,3,HQProp,Hobbywing,30,
73.1283086,1800,14771,0.20184972,8.058396593,6.080721651,49.00086663,4.119309189,BrotherHobby,3150,5,3,HQProp,Hobbywing,30,
77.2666514,1850,15686,0.225594279,8.031110085,7.129426538,57.25720936,3.940015268,BrotherHobby,3150,5,3,HQProp,Hobbywing,30,
0.299446,1000,0,0.000967253,12.20647219,0.005077974,0.061984152,,T-motor,2850,7,3.5,Gemfan,T-motor,60,
9.574939,1200,5101,0.083529652,12.17661368,0.852307484,10.37821896,8.048553592,T-motor,2850,7,3.5,Gemfan,T-motor,60,
13.724725,1250,6021,0.120036581,12.15370452,1.348857846,16.3936197,7.322152337,T-motor,2850,7,3.5,Gemfan,T-motor,60,
17.8744042,1300,6885,0.159675283,12.12277053,2.003887851,24.29267258,6.572981308,T-motor,2850,7,3.5,Gemfan,T-motor,60,
22.0253028,1350,7652,0.202786448,12.08478545,2.80022955,33.84017334,5.992476627,T-motor,2850,7,3.5,Gemfan,T-motor,60,
26.1757566,1400,8358,0.243794205,12.03934021,3.710288997,44.66943153,5.457741391,T-motor,2850,7,3.5,Gemfan,T-motor,60,
30.8272738,1500,9547,0.32403299,11.93503526,6.128908809,73.14874274,4.429782076,T-motor,2850,7,3.5,Gemfan,T-motor,60,
35.4779588,1600,10747,0.416294284,11.80757167,8.896551583,105.0466704,3.96294602,T-motor,2850,7,3.5,Gemfan,T-motor,60,
40.102689,1700,11305,0.466846833,11.64201753,12.4576479,145.0321552,3.218919504,T-motor,2850,7,3.5,Gemfan,T-motor,60,
0.3000998,1000,0,0.000578753,11.97531444,-0.004266217,0.051089286,,T-motor,3550,5.5,5.2,Gemfan,T-motor,35,
9.5765014,1200,5909,0.091278885,11.93503971,1.310043392,15.63541991,5.837955487,T-motor,3550,5.5,5.2,Gemfan,T-motor,35,
13.7286246,1250,6912,0.130419732,11.90324209,2.083036146,24.79488352,5.25994535,T-motor,3550,5.5,5.2,Gemfan,T-motor,35,
17.8784608,1300,7872,0.166340256,11.86349942,3.029469882,35.9401142,4.628261754,T-motor,3550,5.5,5.2,Gemfan,T-motor,35,
22.0302872,1350,8603,0.204171735,11.8163457,4.159860754,49.15435272,4.153685752,T-motor,3550,5.5,5.2,Gemfan,T-motor,35,
26.1552242,1400,9312,0.235936246,11.76188113,5.418361622,63.73012532,3.702114892,T-motor,3550,5.5,5.2,Gemfan,T-motor,35,
30.2804936,1450,10020,0.261633609,11.69718163,6.726372063,78.67959576,3.325304434,T-motor,3550,5.5,5.2,Gemfan,T-motor,35,
34.4047662,1500,10482,0.283513223,11.62777612,8.261270026,96.06019835,2.951412005,T-motor,3550,5.5,5.2,Gemfan,T-motor,35,
38.5306616,1550,11158,0.326242596,11.56363089,9.544281714,110.3665509,2.955991586,T-motor,3550,5.5,5.2,Gemfan,T-motor,35,
42.6804258,1600,11364,0.332810535,11.47864825,11.44822266,131.4101209,2.532609611,T-motor,3550,5.5,5.2,Gemfan,T-motor,35,
47.3072898,1700,12721,0.423099732,11.32246148,15.57394363,176.3353769,2.399403568,T-motor,3550,5.5,5.2,Gemfan,T-motor,35,
0.3027424,1000,0,0.000533906,7.853511119,0.121740675,0.956091746,,T-Motor,2850,6,4,Gemfan,Hobbywing,30,
9.5788374,1200,3827,0.026281735,7.846424463,0.470941975,3.695210632,7.112378046,T-Motor,2850,6,4,Gemfan,Hobbywing,30,
13.7286298,1250,4629,0.038130225,7.841378085,0.672185944,5.27086413,7.234150555,T-Motor,2850,6,4,Gemfan,Hobbywing,30,
17.8556102,1300,5373,0.053657577,7.835585644,0.937539642,7.346172156,7.304154616,T-Motor,2850,6,4,Gemfan,Hobbywing,30,
21.7293156,1325,5725,0.058631019,7.830629874,1.071846974,8.393236937,6.985507381,T-Motor,2850,6,4,Gemfan,Hobbywing,30,
25.629119,1350,6058,0.067108412,7.827001998,1.226291706,9.598187634,6.991779499,T-Motor,2850,6,4,Gemfan,Hobbywing,30,
29.5288484,1375,6336,0.076107362,7.822294695,1.396461422,10.92353277,6.967284609,T-Motor,2850,6,4,Gemfan,Hobbywing,30,
33.4308276,1400,6608,0.080947006,7.817951062,1.534887798,11.99967769,6.745764988,T-Motor,2850,6,4,Gemfan,Hobbywing,30,
37.3307742,1425,6858,0.088113237,7.81344018,1.689313347,13.19934878,6.675574543,T-Motor,2850,6,4,Gemfan,Hobbywing,30,
41.2321926,1450,7121,0.095827618,7.80836044,1.847536365,14.42622986,6.642596051,T-Motor,2850,6,4,Gemfan,Hobbywing,30,
45.1315922,1475,7381,0.105254545,7.801893916,2.069017138,16.14225222,6.520437369,T-Motor,2850,6,4,Gemfan,Hobbywing,30,
49.005438,1500,7666,0.114157821,7.796170407,2.3093647,18.00420073,6.340621419,T-Motor,2850,6,4,Gemfan,Hobbywing,30,
53.156737,1550,8274,0.133620751,7.782313409,2.816770954,21.92099436,6.095560686,T-Motor,2850,6,4,Gemfan,Hobbywing,30,
57.309016,1600,8924,0.155781963,7.765072452,3.442899444,26.73436363,5.8270309,T-Motor,2850,6,4,Gemfan,Hobbywing,30,
61.4298856,1650,9560,0.181287134,7.745053057,4.223074001,32.70793221,5.542604562,T-Motor,2850,6,4,Gemfan,Hobbywing,30,
65.5595636,1700,10274,0.207361201,7.723255967,5.075616658,39.20028664,5.289787866,T-Motor,2850,6,4,Gemfan,Hobbywing,30,
69.708181,1750,10945,0.240896976,7.695129216,6.194739601,47.66932169,5.05350124,T-Motor,2850,6,4,Gemfan,Hobbywing,30,
73.8344892,1800,11635,0.275628399,7.661369777,7.435676279,56.96746552,4.838347588,T-Motor,2850,6,4,Gemfan,Hobbywing,30,
77.9598138,1850,12372,0.312528581,7.624535626,8.804628491,67.1312036,4.655489019,T-Motor,2850,6,4,Gemfan,Hobbywing,30,
0.3026776,1000,0,-0.000567042,11.86464185,0.009281278,0.110119042,,T-motor,3550,4.8,3.4,HQProp,T-motor,30,
9.5790688,1200,6780,0.061037295,11.82482788,1.069941789,12.6518775,4.824366599,T-motor,3550,4.8,3.4,HQProp,T-motor,30,
14.2043348,1300,9002,0.115995471,11.76798249,2.246711588,26.43926263,4.387243056,T-motor,3550,4.8,3.4,HQProp,T-motor,30,
18.354893,1350,9852,0.139936624,11.72808475,2.905636087,34.07754628,4.106417253,T-motor,3550,4.8,3.4,HQProp,T-motor,30,
22.5041418,1400,10731,0.168716808,11.67610863,3.76888118,44.00586607,3.833961757,T-motor,3550,4.8,3.4,HQProp,T-motor,30,
26.6550046,1450,11577,0.197303379,11.62015778,4.77595783,55.49738354,3.555183443,T-motor,3550,4.8,3.4,HQProp,T-motor,30,
30.7806922,1500,12247,0.221605201,11.56111818,5.794734291,66.99360793,3.307855903,T-motor,3550,4.8,3.4,HQProp,T-motor,30,
34.9066438,1550,12976,0.243452919,11.49502418,6.905657895,79.38070447,3.066902978,T-motor,3550,4.8,3.4,HQProp,T-motor,30,
39.0557068,1600,13589,0.277380417,11.41531607,8.303209073,94.78375598,2.92645521,T-motor,3550,4.8,3.4,HQProp,T-motor,30,
43.1820724,1650,14284,0.310956431,11.32771315,9.892212707,112.0561479,2.77500554,T-motor,3550,4.8,3.4,HQProp,T-motor,30,
47.310465,1700,14889,0.358283374,11.22125996,11.97272402,134.3490486,2.666809911,T-motor,3550,4.8,3.4,HQProp,T-motor,30,
0.3022354,1000,0,0.000834128,7.952195216,0.008919387,0.070928708,,T-Motor,3950,5,3,HQProp,Hobbywing,25-30,
9.5784078,1200,5353,0.022495254,7.94297998,0.499903753,3.970725505,5.665275538,T-Motor,3950,5,3,HQProp,Hobbywing,25-30,
13.728701,1250,6464,0.034412372,7.9373231,0.781373578,6.202014554,5.548579693,T-Motor,3950,5,3,HQProp,Hobbywing,25-30,
17.8525594,1300,7475,0.045626745,7.930414851,1.076177049,8.534530452,5.346134139,T-Motor,3950,5,3,HQProp,Hobbywing,25-30,
21.7531644,1325,7932,0.052400962,7.92445321,1.246754263,9.879845825,5.303823847,T-Motor,3950,5,3,HQProp,Hobbywing,25-30,
25.6534844,1350,8390,0.059515823,7.919697587,1.424628248,11.2826249,5.274997903,T-Motor,3950,5,3,HQProp,Hobbywing,25-30,
29.528847,1375,8818,0.065620306,7.914502214,1.595805636,12.63000724,5.195587334,T-Motor,3950,5,3,HQProp,Hobbywing,25-30,
33.4290734,1400,9254,0.07245427,7.90905639,1.800051475,14.23670862,5.089257093,T-Motor,3950,5,3,HQProp,Hobbywing,25-30,
37.3048392,1425,9635,0.079435933,7.902925856,2.008494128,15.87298017,5.004475054,T-Motor,3950,5,3,HQProp,Hobbywing,25-30,
41.2047156,1450,10055,0.086961818,7.896060105,2.229295942,17.60265475,4.940267178,T-Motor,3950,5,3,HQProp,Hobbywing,25-30,
45.080393,1475,10427,0.095398628,7.888641716,2.481315309,19.57420746,4.87369044,T-Motor,3950,5,3,HQProp,Hobbywing,25-30,
48.9821546,1500,10774,0.10168201,7.8818158,2.706029938,21.32842952,4.767440091,T-Motor,3950,5,3,HQProp,Hobbywing,25-30,
53.1060702,1550,11448,0.116467687,7.869439898,3.21021277,25.26257645,4.610285379,T-Motor,3950,5,3,HQProp,Hobbywing,25-30,
57.2305424,1600,12250,0.136346582,7.853244812,3.841905075,30.1714211,4.519063984,T-Motor,3950,5,3,HQProp,Hobbywing,25-30,
61.3815694,1650,13125,0.156202797,7.830840147,4.656688095,36.46578009,4.283544656,T-Motor,3950,5,3,HQProp,Hobbywing,25-30,
65.5341164,1700,14122,0.179173194,7.806832535,5.645600516,44.07425779,4.065257206,T-Motor,3950,5,3,HQProp,Hobbywing,25-30,
69.6863746,1750,15063,0.206328671,7.776765837,6.754191318,52.5257643,3.928142192,T-Motor,3950,5,3,HQProp,Hobbywing,25-30,
73.8346582,1800,15980,0.242961353,7.740089619,8.178743791,63.30420992,3.837996767,T-Motor,3950,5,3,HQProp,Hobbywing,25-30,
77.9589678,1850,17006,0.268748942,7.703373063,9.514989751,73.29751574,3.666549123,T-Motor,3950,5,3,HQProp,Hobbywing,25-30,
0.2960052,1000,0,-0.000384505,7.966446715,0.008035276,0.064012596,,T-Motor,2700,5,4,Gemfan,Hobbywing,30-35,
9.5700438,1200,3689,0.014925142,7.961878636,0.275524323,2.193691223,6.803666041,T-Motor,2700,5,4,Gemfan,Hobbywing,30-35,
13.6967924,1250,4544,0.021462056,7.958319088,0.403604258,3.212011468,6.681811728,T-Motor,2700,5,4,Gemfan,Hobbywing,30-35,
17.8224152,1300,5357,0.029866779,7.955226421,0.562141903,4.471966118,6.678668445,T-Motor,2700,5,4,Gemfan,Hobbywing,30-35,
21.7212388,1325,5746,0.034757385,7.953305315,0.651872325,5.18453963,6.704044579,T-Motor,2700,5,4,Gemfan,Hobbywing,30-35,
25.622977,1350,6115,0.040825324,7.950627371,0.750905086,5.970166528,6.838221943,T-Motor,2700,5,4,Gemfan,Hobbywing,30-35,
29.523115,1375,6472,0.044760231,7.947237693,0.859684504,6.832117095,6.55144383,T-Motor,2700,5,4,Gemfan,Hobbywing,30-35,
33.3982968,1400,6831,0.049135039,7.944372412,0.962573124,7.647039369,6.425367625,T-Motor,2700,5,4,Gemfan,Hobbywing,30-35,
37.2994628,1425,7184,0.054921073,7.940959383,1.075485906,8.5403899,6.430745345,T-Motor,2700,5,4,Gemfan,Hobbywing,30-35,
41.1995456,1450,7521,0.059618687,7.937753285,1.200523619,9.529460304,6.25625009,T-Motor,2700,5,4,Gemfan,Hobbywing,30-35,
45.0747028,1475,7874,0.066984888,7.933695464,1.328214774,10.53765153,6.356718815,T-Motor,2700,5,4,Gemfan,Hobbywing,30-35,
48.9508348,1500,8219,0.071931218,7.92992885,1.463316346,11.60399451,6.198832449,T-Motor,2700,5,4,Gemfan,Hobbywing,30-35,
53.1023156,1550,8929,0.084523496,7.921929378,1.779620339,14.09802664,5.995413238,T-Motor,2700,5,4,Gemfan,Hobbywing,30-35,
57.2267302,1600,9539,0.095557405,7.913491577,2.06639887,16.35243005,5.843621056,T-Motor,2700,5,4,Gemfan,Hobbywing,30-35,
61.3525314,1650,10145,0.110336107,7.903873558,2.451365782,19.37528518,5.69468301,T-Motor,2700,5,4,Gemfan,Hobbywing,30-35,
65.4785386,1700,10918,0.126554171,7.892715358,2.91607469,23.01574749,5.49859051,T-Motor,2700,5,4,Gemfan,Hobbywing,30-35,
69.6286792,1750,11750,0.146427188,7.877029679,3.521040133,27.73533763,5.279444942,T-Motor,2700,5,4,Gemfan,Hobbywing,30-35,
73.7577726,1800,12515,0.163515566,7.860411153,4.154012421,32.65224556,5.007789302,T-Motor,2700,5,4,Gemfan,Hobbywing,30-35,
77.9051904,1850,13313,0.18501983,7.840747689,4.884144435,38.29534419,4.831392271,T-Motor,2700,5,4,Gemfan,Hobbywing,30-35,
0.4817944,1000,0,0.000583993,15.76095806,0.049230163,0.775914537,,PrimoPal,1430,6,4.2,Gemfan,Hobbywing,30,
10.9678176,1200,3754,0.022387089,15.75337813,0.287203818,4.524430338,4.948045951,PrimoPal,1430,6,4.2,Gemfan,Hobbywing,30,
16.170462,1300,5302,0.047339639,15.73787697,0.677961352,10.66967234,4.436840957,PrimoPal,1430,6,4.2,Gemfan,Hobbywing,30,
20.9501908,1350,6006,0.059837784,15.7248304,0.961280504,15.11597289,3.958579739,PrimoPal,1430,6,4.2,Gemfan,Hobbywing,30,
25.493262,1400,6620,0.07251847,15.71005231,1.269079833,19.93731056,3.637324578,PrimoPal,1430,6,4.2,Gemfan,Hobbywing,30,
30.114952,1450,7209,0.086221615,15.68935451,1.644718586,25.80457297,3.341330813,PrimoPal,1430,6,4.2,Gemfan,Hobbywing,30,
34.9568218,1500,7769,0.100060895,15.66457678,2.064768204,32.34372007,3.093673053,PrimoPal,1430,6,4.2,Gemfan,Hobbywing,30,
39.7215784,1550,8286,0.113052506,15.63947746,2.51774913,39.37628076,2.871081361,PrimoPal,1430,6,4.2,Gemfan,Hobbywing,30,
44.3366512,1600,8779,0.129094939,15.60894388,3.058561476,47.74091442,2.704073444,PrimoPal,1430,6,4.2,Gemfan,Hobbywing,30,
49.1097576,1650,9226,0.142707077,15.57411251,3.629229464,56.522028,2.524804615,PrimoPal,1430,6,4.2,Gemfan,Hobbywing,30,
53.8206416,1700,9591,0.156876176,15.5370573,4.281319672,66.51910907,2.35836256,PrimoPal,1430,6,4.2,Gemfan,Hobbywing,30,
58.63434,1750,10024,0.165873523,15.49962393,4.887334035,75.75183956,2.189696308,PrimoPal,1430,6,4.2,Gemfan,Hobbywing,30,
63.43589,1800,10287,0.178235647,15.45650403,5.64631483,87.27228791,2.042293731,PrimoPal,1430,6,4.2,Gemfan,Hobbywing,30,
0.2993142,1000,0,0.000265363,8.189447958,0.727883114,5.960960882,,Xâ€‘Nova,3100,6,4,Gemfan,Hobbywing,30,
9.549695,1200,4075,0.030006737,8.192630839,0.450115586,3.687630833,8.137131511,Xâ€‘Nova,3100,6,4,Gemfan,Hobbywing,30,
13.679649,1250,4892,0.044143631,8.186566443,0.701797716,5.74531363,7.683415386,Xâ€‘Nova,3100,6,4,Gemfan,Hobbywing,30,
17.825178,1300,5532,0.058339468,8.180270782,0.985056912,8.058032277,7.239914895,Xâ€‘Nova,3100,6,4,Gemfan,Hobbywing,30,
21.7009888,1325,5842,0.064285508,8.175585649,1.13893754,9.311481403,6.903896891,Xâ€‘Nova,3100,6,4,Gemfan,Hobbywing,30,
25.6009472,1350,6151,0.069698897,8.170556541,1.306683413,10.67633071,6.52835686,Xâ€‘Nova,3100,6,4,Gemfan,Hobbywing,30,
29.490405,1375,6452,0.077671526,8.164754563,1.516390685,12.38095776,6.273466686,Xâ€‘Nova,3100,6,4,Gemfan,Hobbywing,30,
33.3709214,1400,6747,0.085529181,8.158631368,1.738498606,14.18376926,6.03007419,Xâ€‘Nova,3100,6,4,Gemfan,Hobbywing,30,
37.2512946,1425,7053,0.094599394,8.151520079,1.955281022,15.93851251,5.935271203,Xâ€‘Nova,3100,6,4,Gemfan,Hobbywing,30,
41.1275068,1450,7333,0.102863059,8.144544641,2.202533496,17.93863238,5.734163925,Xâ€‘Nova,3100,6,4,Gemfan,Hobbywing,30,
45.001076,1475,7621,0.1125726,8.136397107,2.461982316,20.03166579,5.619732318,Xâ€‘Nova,3100,6,4,Gemfan,Hobbywing,30,
48.9016986,1500,7944,0.12217518,8.127948174,2.740670285,22.27602604,5.484603917,Xâ€‘Nova,3100,6,4,Gemfan,Hobbywing,30,
53.0272332,1550,8539,0.142923687,8.111852396,3.383304007,27.44486271,5.207666316,Xâ€‘Nova,3100,6,4,Gemfan,Hobbywing,30,
57.1770304,1600,9118,0.163260572,8.093722718,4.15645024,33.64115573,4.853001271,Xâ€‘Nova,3100,6,4,Gemfan,Hobbywing,30,
61.3012298,1650,9737,0.188200768,8.071670859,5.014693688,40.47695691,4.649577979,Xâ€‘Nova,3100,6,4,Gemfan,Hobbywing,30,
65.4274488,1700,10396,0.214957689,8.045587176,6.065526615,48.80072315,4.404805403,Xâ€‘Nova,3100,6,4,Gemfan,Hobbywing,30,
69.5343436,1750,11079,0.24384155,8.012624543,7.276145493,58.30102196,4.182457564,Xâ€‘Nova,3100,6,4,Gemfan,Hobbywing,30,
73.6553198,1800,11691,0.274497174,7.97486967,8.633085938,68.8477352,3.987018204,Xâ€‘Nova,3100,6,4,Gemfan,Hobbywing,30,
77.7827952,1850,12290,0.302202475,7.93832379,10.04774105,79.76222181,3.788792093,Xâ€‘Nova,3100,6,4,Gemfan,Hobbywing,30,
0.301116,1000,0,0.000287119,11.99844255,0.02071381,0.248533456,,Lumenier,2250,6,4.5,Master Airscrew,Hobbywing,60,
9.5774952,1200,4711,0.065123213,11.97497294,0.777645266,9.312281018,6.993261161,Lumenier,2250,6,4.5,Master Airscrew,Hobbywing,60,
13.727524,1250,5697,0.098198439,11.95400222,1.215432774,14.52928609,6.758655506,Lumenier,2250,6,4.5,Master Airscrew,Hobbywing,60,
17.878971,1300,6619,0.131227473,11.92979282,1.716124589,20.4730108,6.409778894,Lumenier,2250,6,4.5,Master Airscrew,Hobbywing,60,
21.7791864,1325,6989,0.14579785,11.91345317,1.977509194,23.55896317,6.188636084,Lumenier,2250,6,4.5,Master Airscrew,Hobbywing,60,
25.6553038,1350,7327,0.159934989,11.89572834,2.2233881,26.44882083,6.046961037,Lumenier,2250,6,4.5,Master Airscrew,Hobbywing,60,
29.553658,1375,7660,0.177562136,11.87808043,2.525656745,29.99995396,5.918746949,Lumenier,2250,6,4.5,Master Airscrew,Hobbywing,60,
33.4304576,1400,8027,0.197627661,11.85634542,2.886193044,34.21970169,5.775259609,Lumenier,2250,6,4.5,Master Airscrew,Hobbywing,60,
37.3312126,1425,8438,0.21095557,11.8349553,3.225791791,38.17710165,5.525709426,Lumenier,2250,6,4.5,Master Airscrew,Hobbywing,60,
41.2314202,1450,8737,0.234246476,11.81042845,3.676209958,43.41761468,5.395194492,Lumenier,2250,6,4.5,Master Airscrew,Hobbywing,60,
45.1318786,1475,9085,0.253708173,11.78393618,4.130181252,48.66979231,5.212846847,Lumenier,2250,6,4.5,Master Airscrew,Hobbywing,60,
49.0324906,1500,9442,0.271088121,11.75663454,4.556420926,53.56817566,5.060618879,Lumenier,2250,6,4.5,Master Airscrew,Hobbywing,60,
53.6823134,1600,10926,0.367914881,11.65231359,6.992458905,81.47832391,4.51549398,Lumenier,2250,6,4.5,Master Airscrew,Hobbywing,60,
58.3348108,1700,12406,0.474944871,11.51357196,10.15647132,116.9372634,4.061535714,Lumenier,2250,6,4.5,Master Airscrew,Hobbywing,60,
0.2985168,1000,0,3.98E-05,12.44675373,0.021730329,0.270472048,,T-motor,1750,7,3.5,Gemfan,T-motor,40-45,
9.5517136,1200,3995,0.049006258,12.42188589,0.528257022,6.561948442,7.468248021,T-motor,1750,7,3.5,Gemfan,T-motor,40-45,
13.7026264,1250,4908,0.077474025,12.4036618,0.846908571,10.50476749,7.37512996,T-motor,1750,7,3.5,Gemfan,T-motor,40-45,
17.8268788,1300,5765,0.112982161,12.38354917,1.219343155,15.09979592,7.482363428,T-motor,1750,7,3.5,Gemfan,T-motor,40-45,
21.7350364,1325,6161,0.13167865,12.36933146,1.429570262,17.68282841,7.446696118,T-motor,1750,7,3.5,Gemfan,T-motor,40-45,
25.6284568,1350,6564,0.142367185,12.35427809,1.63309925,20.17576229,7.056347284,T-motor,1750,7,3.5,Gemfan,T-motor,40-45,
29.5284942,1375,6945,0.161810608,12.33903523,1.856294291,22.90488065,7.064459783,T-motor,1750,7,3.5,Gemfan,T-motor,40-45,
33.404319,1400,7291,0.183139594,12.3206636,2.124610633,26.17661288,6.996306004,T-motor,1750,7,3.5,Gemfan,T-motor,40-45,
37.2802002,1425,7644,0.198899472,12.30404364,2.38304897,29.32113852,6.783483933,T-motor,1750,7,3.5,Gemfan,T-motor,40-45,
41.1797376,1450,7988,0.218810202,12.2822478,2.68938653,33.0317118,6.62424653,T-motor,1750,7,3.5,Gemfan,T-motor,40-45,
45.0805476,1475,8259,0.235409736,12.26453064,2.940303839,36.06144652,6.528016992,T-motor,1750,7,3.5,Gemfan,T-motor,40-45,
48.9568838,1500,8563,0.256812306,12.24055287,3.267166059,39.99191889,6.421605002,T-motor,1750,7,3.5,Gemfan,T-motor,40-45,
53.1058556,1550,9257,0.299290221,12.19850574,3.994649812,48.72875867,6.141962766,T-motor,1750,7,3.5,Gemfan,T-motor,40-45,
57.2309262,1600,9931,0.354557284,12.1405949,4.987120351,60.54660788,5.855939696,T-motor,1750,7,3.5,Gemfan,T-motor,40-45,
61.3563138,1650,10634,0.410696116,12.0779215,6.107048738,73.76045525,5.567971548,T-motor,1750,7,3.5,Gemfan,T-motor,40-45,
65.4857166,1700,11464,0.467840736,11.99923758,7.464132153,89.56389504,5.223541654,T-motor,1750,7,3.5,Gemfan,T-motor,40-45,
69.6089496,1750,12075,0.533712494,11.91549469,8.901192756,106.062115,5.032074785,T-motor,1750,7,3.5,Gemfan,T-motor,40-45,
73.7337222,1800,12747,0.599449976,11.82265979,10.52424671,124.4245884,4.817777444,T-motor,1750,7,3.5,Gemfan,T-motor,40-45,
0.3544586,1000,0,0.000577625,12.39882572,0.001052045,0.013044122,,FlashHobby,1400,,3.5,HQProp,Hobbywing,25-30,
9.7940136,1200,3439,0.011854949,12.39383494,0.192948843,2.391376106,4.957375546,FlashHobby,1400,,3.5,HQProp,Hobbywing,25-30,
14.5543636,1300,4936,0.023912113,12.38504899,0.473374974,5.86277224,4.078635791,FlashHobby,1400,,3.5,HQProp,Hobbywing,25-30,
18.781277,1350,5572,0.031930914,12.37753478,0.662138313,8.19564,3.896085421,FlashHobby,1400,,3.5,HQProp,Hobbywing,25-30,
22.9532502,1400,6181,0.037313184,12.36913292,0.872385153,10.79064792,3.457918767,FlashHobby,1400,,3.5,HQProp,Hobbywing,25-30,
27.2018644,1450,6806,0.046045694,12.35805263,1.150826831,14.22197855,3.237643332,FlashHobby,1400,,3.5,HQProp,Hobbywing,25-30,
31.4747278,1500,7442,0.05688395,12.3444236,1.482632648,18.30224545,3.108031216,FlashHobby,1400,,3.5,HQProp,Hobbywing,25-30,
35.7116564,1550,8060,0.06661474,12.32782384,1.851795178,22.82860475,2.91803818,FlashHobby,1400,,3.5,HQProp,Hobbywing,25-30,
39.9806814,1600,8674,0.078550053,12.3083596,2.312380184,28.46160683,2.759860112,FlashHobby,1400,,3.5,HQProp,Hobbywing,25-30,
44.2206082,1650,9276,0.09014596,12.28634432,2.80614724,34.47729121,2.614647394,FlashHobby,1400,,3.5,HQProp,Hobbywing,25-30,
48.5262264,1700,9851,0.100551416,12.26030393,3.370053335,41.31787814,2.433605502,FlashHobby,1400,,3.5,HQProp,Hobbywing,25-30,
53.2704414,1800,10992,0.12496767,12.20509708,4.80482487,58.64335402,2.130977543,FlashHobby,1400,,3.5,HQProp,Hobbywing,25-30,
58.0565704,1900,11954,0.150989287,12.13690086,6.505767905,78.95986008,1.912228398,FlashHobby,1400,,3.5,HQProp,Hobbywing,25-30,
0.3010778,1000,0,-9.85E-06,12.52901397,-0.003437236,0.04306518,,T-motor,3550,5.5,3.6,Gemfan,T-motor,30,
9.5769174,1200,6843,0.086255723,12.4860534,1.293964032,16.156504,5.338761591,T-motor,3550,5.5,3.6,Gemfan,T-motor,30,
14.228214,1300,8949,0.158046853,12.42464209,2.759324179,34.28361532,4.609982087,T-motor,3550,5.5,3.6,Gemfan,T-motor,30,
18.3784176,1350,9914,0.196842503,12.37598591,3.76520357,46.59810634,4.224259709,T-motor,3550,5.5,3.6,Gemfan,T-motor,30,
22.5285746,1400,10746,0.236747936,12.32024289,4.994663597,61.53546869,3.847341073,T-motor,3550,5.5,3.6,Gemfan,T-motor,30,
26.6777988,1450,11473,0.27488591,12.2586383,6.344337722,77.7729414,3.534467189,T-motor,3550,5.5,3.6,Gemfan,T-motor,30,
30.8287826,1500,12116,0.298313445,12.19079986,7.6593839,93.37401619,3.194822897,T-motor,3550,5.5,3.6,Gemfan,T-motor,30,
34.9811636,1550,12579,0.333105351,12.11676817,9.189056705,111.3416698,2.991740217,T-motor,3550,5.5,3.6,Gemfan,T-motor,30,
39.1065142,1600,13366,0.359028192,12.04189964,10.63408197,128.0545479,2.80371293,T-motor,3550,5.5,3.6,Gemfan,T-motor,30,
43.23024,1650,14035,0.394730141,11.95635941,12.36696302,147.8638548,2.669551269,T-motor,3550,5.5,3.6,Gemfan,T-motor,30,
47.3555782,1700,14742,0.439876475,11.85338519,14.52495225,172.1698538,2.554898346,T-motor,3550,5.5,3.6,Gemfan,T-motor,30,
0.324718,1000,0,0.00026213,24.30780928,-0.001203375,0.02925142,,T-motor,1300,7,4.2,Gemfan,T-motor,35-45,
9.6172702,1200,5651,0.071803165,24.29211898,1.000449014,24.30302648,2.954494805,T-motor,1300,7,4.2,Gemfan,T-motor,35-45,
14.285489,1300,7929,0.144839491,24.22801762,2.409913749,58.38743277,2.480662096,T-motor,1300,7,4.2,Gemfan,T-motor,35-45,
18.4330562,1350,8992,0.184911861,24.17730072,3.377258351,81.65299077,2.264606102,T-motor,1300,7,4.2,Gemfan,T-motor,35-45,
22.6013504,1400,10053,0.230048126,24.1079381,4.646455716,112.0164668,2.053699177,T-motor,1300,7,4.2,Gemfan,T-motor,35-45,
26.7915772,1450,10980,0.289401631,24.01362965,6.390729142,153.4646028,1.885787508,T-motor,1300,7,4.2,Gemfan,T-motor,35-45,
30.9274874,1500,11952,0.328271527,23.9262007,7.868874359,188.2722672,1.743600012,T-motor,1300,7,4.2,Gemfan,T-motor,35-45,
35.0754276,1550,12719,0.371770208,23.82616104,9.608453949,228.9325711,1.623928855,T-motor,1300,7,4.2,Gemfan,T-motor,35-45,
39.2159514,1600,13434,0.413719992,23.70584742,11.720765,277.8506666,1.489001258,T-motor,1300,7,4.2,Gemfan,T-motor,35-45,
43.4080038,1650,14001,0.470838072,23.56503761,14.38725335,339.0361662,1.388754708,T-motor,1300,7,4.2,Gemfan,T-motor,35-45,
47.5514354,1700,14533,0.530141294,23.39333004,17.41576745,407.4127959,1.301238693,T-motor,1300,7,4.2,Gemfan,T-motor,35-45,
0.300841,1000,0,0.000175403,24.90669312,0.026504288,0.660134179,,FL,400-450,13-15,4.5-5,,Hobbywing,50-60,
8.8730336,1475,4270,0.417439131,24.879581,2.183509858,54.32481038,7.684134152,FL,400-450,13-15,4.5-5,,Hobbywing,50-60,
12.8003894,1502,4534,0.481786651,24.87477958,2.548905068,63.40345174,7.598744828,FL,400-450,13-15,4.5-5,,Hobbywing,50-60,
16.7986478,1530,4796,0.528093524,24.87095473,2.932044274,72.92274041,7.241822254,FL,400-450,13-15,4.5-5,,Hobbywing,50-60,
20.8998698,1557,5034,0.594774327,24.86404892,3.422833263,85.10549371,6.988671371,FL,400-450,13-15,4.5-5,,Hobbywing,50-60,
24.9260594,1585,5279,0.656581957,24.85572727,3.981514429,98.96343676,6.634591301,FL,400-450,13-15,4.5-5,,Hobbywing,50-60,
29.0789348,1612,5519,0.723764271,24.84833906,4.52403658,112.4147949,6.438336445,FL,400-450,13-15,4.5-5,,Hobbywing,50-60,
33.1377978,1640,5744,0.768904369,24.84105549,5.058458894,125.6574581,6.119050795,FL,400-450,13-15,4.5-5,,Hobbywing,50-60,
37.2832028,1667,6053,0.851408092,24.8269799,5.91957871,146.9652617,5.793260817,FL,400-450,13-15,4.5-5,,Hobbywing,50-60,
41.4313662,1695,6292,0.922379267,24.8183349,6.716197133,166.6848297,5.533672552,FL,400-450,13-15,4.5-5,,Hobbywing,50-60,
45.508909,1722,6435,0.981729225,24.81006637,7.261155826,180.1497579,5.449517314,FL,400-450,13-15,4.5-5,,Hobbywing,50-60,
49.581871,1750,6539,1.027252661,24.80229609,7.778291015,192.9194768,5.324774243,FL,400-450,13-15,4.5-5,,Hobbywing,50-60,
0.4960976,1000,0,0.000177951,11.23688782,-0.005982643,0.067226283,,EMAX,2500,5.1,4.3,T-motor,,35-40,
11.1487156,1200,5587,0.019845775,11.21091398,0.851546013,9.546609093,2.078829731,EMAX,2500,5.1,4.3,T-motor,,35-40,
16.4039466,1300,7831,0.040252482,11.17955876,1.577993911,17.64127565,2.281721727,EMAX,2500,5.1,4.3,T-motor,,35-40,
21.5969668,1350,8811,0.051489921,11.15937157,2.00532777,22.3781977,2.300896711,EMAX,2500,5.1,4.3,T-motor,,35-40,
27.3865404,1400,9729,0.063417852,11.13580358,2.483502266,27.65579343,2.293112718,EMAX,2500,5.1,4.3,T-motor,,35-40,
32.3453556,1450,10662,0.077631472,11.10948463,3.035452389,33.72231165,2.302080388,EMAX,2500,5.1,4.3,T-motor,,35-40,
36.8762224,1500,11688,0.094413114,11.07728666,3.741089442,41.44112016,2.278247157,EMAX,2500,5.1,4.3,T-motor,,35-40,
41.673414,1550,12700,0.111894794,11.03896959,4.580766125,50.56693793,2.212805417,EMAX,2500,5.1,4.3,T-motor,,35-40,
46.4988672,1600,13834,0.132945732,10.98971558,5.588889149,61.42030218,2.164524231,EMAX,2500,5.1,4.3,T-motor,,35-40,
51.2244234,1650,15027,0.158625913,10.93140918,6.935805822,75.81813143,2.092189695,EMAX,2500,5.1,4.3,T-motor,,35-40,
55.9845236,1700,16113,0.185190423,10.8714894,8.226198701,89.43103199,2.070762451,EMAX,2500,5.1,4.3,T-motor,,35-40,
0.2974848,1000,0,-0.000364721,12.46666732,0.005856008,0.073004901,,Lumenier,1750,6,4.5,Master Airscrew,Lumenier,30,
9.5726276,1200,4062,0.033658485,12.45352579,0.39168368,4.877842817,6.900280831,Lumenier,1750,6,4.5,Master Airscrew,Lumenier,30,
13.7232784,1250,4991,0.050123097,12.44442696,0.58014574,7.21958129,6.94265981,Lumenier,1750,6,4.5,Master Airscrew,Lumenier,30,
17.8723104,1300,5879,0.070169115,12.43164097,0.826097566,10.26974835,6.832603145,Lumenier,1750,6,4.5,Master Airscrew,Lumenier,30,
21.7750494,1325,6291,0.08511955,12.41968627,0.985524073,12.2398998,6.954268515,Lumenier,1750,6,4.5,Master Airscrew,Lumenier,30,
25.6762106,1350,6704,0.09633944,12.40929423,1.138567326,14.12881695,6.818648719,Lumenier,1750,6,4.5,Master Airscrew,Lumenier,30,
29.5754924,1375,7113,0.10478951,12.39990527,1.274048851,15.79808506,6.633051394,Lumenier,1750,6,4.5,Master Airscrew,Lumenier,30,
33.4507586,1400,7488,0.120106882,12.38774545,1.45850771,18.06762224,6.647630776,Lumenier,1750,6,4.5,Master Airscrew,Lumenier,30,
37.3267224,1425,7883,0.130651535,12.37526091,1.646859311,20.38031366,6.410673435,Lumenier,1750,6,4.5,Master Airscrew,Lumenier,30,
41.2024206,1450,8257,0.143697947,12.36267022,1.831904249,22.64722811,6.345056734,Lumenier,1750,6,4.5,Master Airscrew,Lumenier,30,
45.077672,1475,8590,0.162478833,12.34657385,2.080972839,25.69288483,6.323884366,Lumenier,1750,6,4.5,Master Airscrew,Lumenier,30,
48.953821,1500,8965,0.175074033,12.3312319,2.294470247,28.2936447,6.187751168,Lumenier,1750,6,4.5,Master Airscrew,Lumenier,30,
53.5781094,1600,10356,0.232929051,12.27800284,3.312977989,40.67675317,5.726343244,Lumenier,1750,6,4.5,Master Airscrew,Lumenier,30,
58.2039296,1700,11998,0.315449757,12.19196936,4.933365003,60.14743494,5.244608644,Lumenier,1750,6,4.5,Master Airscrew,Lumenier,30,
0.3006824,1000,0,-0.000495651,8.318476876,0.000937501,0.007798577,,FlashHobby,2300,5,4,Gemfan,Hobbywing,,
9.5524434,1200,3518,0.013126721,8.314504661,0.22392265,1.861805913,7.050531603,FlashHobby,2300,5,4,Gemfan,Hobbywing,,
13.7029702,1250,4338,0.02104336,8.312676762,0.339850532,2.825067622,7.448798674,FlashHobby,2300,5,4,Gemfan,Hobbywing,,
17.8530706,1300,5140,0.029652625,8.309939714,0.472306025,3.924834593,7.555127348,FlashHobby,2300,5,4,Gemfan,Hobbywing,,
21.752828,1325,5530,0.033163841,8.307632197,0.543069491,4.511621586,7.350758452,FlashHobby,2300,5,4,Gemfan,Hobbywing,,
25.6284758,1350,5905,0.037171226,8.305253316,0.629846614,5.231035683,7.105901851,FlashHobby,2300,5,4,Gemfan,Hobbywing,,
29.504537,1375,6255,0.042932127,8.30287311,0.725708087,6.025462165,7.125117616,FlashHobby,2300,5,4,Gemfan,Hobbywing,,
33.3786166,1400,6616,0.047735086,8.299666188,0.835602595,6.935222605,6.882992656,FlashHobby,2300,5,4,Gemfan,Hobbywing,,
37.254601,1425,6966,0.053170964,8.296349835,0.934727395,7.754825471,6.856500364,FlashHobby,2300,5,4,Gemfan,Hobbywing,,
41.1549772,1450,7349,0.056486579,8.294262326,1.007922158,8.359970779,6.756791422,FlashHobby,2300,5,4,Gemfan,Hobbywing,,
45.0305378,1475,7710,0.060792398,8.291037646,1.123153368,9.312106855,6.528318299,FlashHobby,2300,5,4,Gemfan,Hobbywing,,
48.9061848,1500,8037,0.067882543,8.287396498,1.261192479,10.45200213,6.494692807,FlashHobby,2300,5,4,Gemfan,Hobbywing,,
53.0307322,1550,8708,0.08247309,8.279931143,1.541425863,12.76290001,6.461939675,FlashHobby,2300,5,4,Gemfan,Hobbywing,,
57.1816198,1600,9258,0.093610605,8.272337171,1.802393312,14.91000519,6.278375084,FlashHobby,2300,5,4,Gemfan,Hobbywing,,
61.3331124,1650,9950,0.107367798,8.263581632,2.131286923,17.61206347,6.096264524,FlashHobby,2300,5,4,Gemfan,Hobbywing,,
65.4587966,1700,10691,0.12269378,8.252637441,2.563520426,21.15580464,5.799532683,FlashHobby,2300,5,4,Gemfan,Hobbywing,,
69.5843034,1750,11524,0.144876529,8.236201859,3.132513703,25.80001518,5.615366049,FlashHobby,2300,5,4,Gemfan,Hobbywing,,
73.7563852,1800,12252,0.161809743,8.221938743,3.642399768,29.94758777,5.403097698,FlashHobby,2300,5,4,Gemfan,Hobbywing,,
77.9091552,1850,13057,0.178177823,8.206038653,4.230469734,34.71539816,5.132530018,FlashHobby,2300,5,4,Gemfan,Hobbywing,,
0.561749,1000,0,-2.95E-05,11.18568318,-0.004446545,0.049737647,,EMAX,2500,5.1,3.6,Gemfan,EMAX,35-40,
10.8962538,1200,5555,0.033014383,11.15541574,0.882207829,9.841395103,3.354644558,EMAX,2500,5.1,3.6,Gemfan,EMAX,35-40,
16.1597402,1300,7784,0.066765117,11.12523863,1.646473213,18.31740739,3.644899908,EMAX,2500,5.1,3.6,Gemfan,EMAX,35-40,
20.794808,1350,8740,0.083401268,11.10357272,2.075839041,23.04922975,3.618397198,EMAX,2500,5.1,3.6,Gemfan,EMAX,35-40,
25.5432642,1400,9666,0.10124078,11.08084151,2.539585811,28.14074788,3.597657751,EMAX,2500,5.1,3.6,Gemfan,EMAX,35-40,
30.4826212,1450,10604,0.120786687,11.05474078,3.078539767,34.0324591,3.549161293,EMAX,2500,5.1,3.6,Gemfan,EMAX,35-40,
35.216029,1500,11639,0.146813718,11.0195132,3.772626018,41.57250222,3.531510259,EMAX,2500,5.1,3.6,Gemfan,EMAX,35-40,
39.9026584,1550,12664,0.174105375,10.98164353,4.592058101,50.42834514,3.452530009,EMAX,2500,5.1,3.6,Gemfan,EMAX,35-40,
44.5196038,1600,13788,0.209637862,10.93717539,5.584123146,61.07453428,3.432492192,EMAX,2500,5.1,3.6,Gemfan,EMAX,35-40,
50.0647946,1650,15047,0.248489327,10.88210898,6.797091893,73.96669472,3.359475882,EMAX,2500,5.1,3.6,Gemfan,EMAX,35-40,
54.9452526,1700,16213,0.28778219,10.8235862,8.042498611,87.04867698,3.30599154,EMAX,2500,5.1,3.6,Gemfan,EMAX,35-40,
60.0070824,1800,18813,0.391470248,10.67827912,11.68565823,124.7827202,3.137215212,EMAX,2500,5.1,3.6,Gemfan,EMAX,35-40,
0.4756268,1000,0,0.00051171,11.12799527,-0.00217927,0.024250906,,XILO,2600,5.1,3.6,Gemfan,XILO,35-40,
10.5917844,1200,6266,0.04027124,11.09157112,1.024685005,11.3653666,3.543329605,XILO,2600,5.1,3.6,Gemfan,XILO,35-40,
15.6873276,1300,8705,0.079974744,11.05198118,1.944582505,21.49148925,3.721228586,XILO,2600,5.1,3.6,Gemfan,XILO,35-40,
20.1975242,1350,9749,0.100360636,11.02303319,2.480991819,27.34805516,3.669754034,XILO,2600,5.1,3.6,Gemfan,XILO,35-40,
24.7116058,1400,10760,0.123244646,10.99208464,3.082557737,33.88373555,3.637280372,XILO,2600,5.1,3.6,Gemfan,XILO,35-40,
29.3330524,1450,11843,0.148472384,10.95843727,3.811926481,41.77275721,3.554287395,XILO,2600,5.1,3.6,Gemfan,XILO,35-40,
33.8635506,1500,12882,0.177303149,10.91770914,4.693896026,51.24659153,3.459803746,XILO,2600,5.1,3.6,Gemfan,XILO,35-40,
38.4807936,1550,14016,0.209639667,10.87075607,5.715504172,62.13185168,3.37410943,XILO,2600,5.1,3.6,Gemfan,XILO,35-40,
43.0478,1600,15206,0.245850493,10.81372707,6.923407571,74.86783985,3.283793055,XILO,2600,5.1,3.6,Gemfan,XILO,35-40,
47.7450166,1650,16267,0.286217808,10.7525907,8.197566193,88.14507401,3.247121991,XILO,2600,5.1,3.6,Gemfan,XILO,35-40,
52.4695892,1700,17643,0.331969174,10.67553462,9.959555736,106.323582,3.122253482,XILO,2600,5.1,3.6,Gemfan,XILO,35-40,
57.7143012,1800,20500,0.45636129,10.46925758,15.10372378,158.1247747,2.886083414,XILO,2600,5.1,3.6,Gemfan,XILO,35-40,
0.3005632,1000,0,-2.88E-05,8.155514934,0.010135326,0.082658799,,rcINPower,3800,5,3,Ethix,,,
9.5762292,1200,5365,0.02530024,8.144630079,0.603198824,4.912831282,5.149828835,rcINPower,3800,5,3,Ethix,,,
13.7012984,1250,6486,0.039029437,8.137979634,0.913826898,7.436704681,5.24821658,rcINPower,3800,5,3,Ethix,,,
17.8264364,1300,7454,0.052122992,8.129511339,1.245660873,10.12661419,5.147129263,rcINPower,3800,5,3,Ethix,,,
21.727193,1325,7877,0.061213992,8.124083341,1.44660979,11.7523785,5.208647078,rcINPower,3800,5,3,Ethix,,,
25.602167,1350,8292,0.070257809,8.118098273,1.647219985,13.37229371,5.253983415,rcINPower,3800,5,3,Ethix,,,
29.5021864,1375,8709,0.075895471,8.111543486,1.841792912,14.9397833,5.080091833,rcINPower,3800,5,3,Ethix,,,
33.3776028,1400,9137,0.083565748,8.104602086,2.068814793,16.76692069,4.983965118,rcINPower,3800,5,3,Ethix,,,
37.2308416,1425,9513,0.090221395,8.098700417,2.301301476,18.63755122,4.840839529,rcINPower,3800,5,3,Ethix,,,
41.1286644,1450,9895,0.098341943,8.091036241,2.542924221,20.57489203,4.779706383,rcINPower,3800,5,3,Ethix,,,
45.0038406,1475,10255,0.10591501,8.083044033,2.784125555,22.50420945,4.706453272,rcINPower,3800,5,3,Ethix,,,
48.9027868,1500,10588,0.112624559,8.07584653,3.028747822,24.45970259,4.604494212,rcINPower,3800,5,3,Ethix,,,
53.0536664,1550,11306,0.128789794,8.062424825,3.569403231,28.77804522,4.475279438,rcINPower,3800,5,3,Ethix,,,
57.1792178,1600,12096,0.148721566,8.043860948,4.317756135,34.73142996,4.282045569,rcINPower,3800,5,3,Ethix,,,
61.3304664,1650,12983,0.174612862,8.020193237,5.22666129,41.91883353,4.165499068,rcINPower,3800,5,3,Ethix,,,
65.4792768,1700,13934,0.204020603,7.988733201,6.384746981,51.00604019,3.999930253,rcINPower,3800,5,3,Ethix,,,
69.6044566,1750,14916,0.23702,7.95584466,7.671592163,61.03399555,3.883409525,rcINPower,3800,5,3,Ethix,,,
73.7532868,1800,15864,0.279247666,7.916590375,9.282271267,73.48393937,3.800118343,rcINPower,3800,5,3,Ethix,,,
77.8792436,1850,16921,0.316348543,7.873016237,10.98431749,86.47970996,3.65806665,rcINPower,3800,5,3,Ethix,,,
0.3023642,1000,0,-0.000189028,12.44224911,0.374556874,4.660329926,,,1300,6,5,Lumenier,,20-25,
9.5786696,1200,3010,0.021642266,12.45086273,0.190975457,2.377809195,9.101767361,,1300,6,5,Lumenier,,20-25,
13.7303182,1250,3678,0.032896825,12.44398894,0.305767916,3.80497256,8.645745787,,1300,6,5,Lumenier,,20-25,
17.8549984,1300,4249,0.044511357,12.43530998,0.428688099,5.33086939,8.349736882,,1300,6,5,Lumenier,,20-25,
21.730059,1325,4561,0.054177656,12.42728236,0.515374592,6.404705582,8.459039286,,1300,6,5,Lumenier,,20-25,
25.6296744,1350,4893,0.063031589,12.41825681,0.625636032,7.769308917,8.112895175,,1300,6,5,Lumenier,,20-25,
29.53005,1375,5211,0.072360057,12.40885044,0.739704049,9.178876918,7.883323574,,1300,6,5,Lumenier,,20-25,
33.4057838,1400,5534,0.081490904,12.40055067,0.862220015,10.69200299,7.621668679,,1300,6,5,Lumenier,,20-25,
37.3070286,1425,5827,0.089953469,12.39035552,0.97768467,12.11386065,7.425664854,,1300,6,5,Lumenier,,20-25,
41.1820836,1450,6117,0.099963011,12.38009325,1.12556836,13.93464126,7.173705368,,1300,6,5,Lumenier,,20-25,
45.0575506,1475,6410,0.110216491,12.36680596,1.281736961,15.85099229,6.953286487,,1300,6,5,Lumenier,,20-25,
48.9560714,1500,6674,0.126350655,12.35264466,1.461799793,18.0570934,6.997286458,,1300,6,5,Lumenier,,20-25,
53.0835356,1550,7244,0.145524134,12.32911566,1.78321387,21.98545006,6.619110979,,1300,6,5,Lumenier,,20-25,
57.2335736,1600,7775,0.17282644,12.29939223,2.184733671,26.87089634,6.431733352,,1300,6,5,Lumenier,,20-25,
61.3607152,1650,8326,0.194610959,12.26610166,2.622939875,32.17324715,6.048844184,,1300,6,5,Lumenier,,20-25,
65.4855252,1700,8869,0.222117883,12.22324231,3.182509433,38.90058395,5.709885558,,1300,6,5,Lumenier,,20-25,
69.6109608,1750,9364,0.25406503,12.17877084,3.775573268,45.98184163,5.525333945,,1300,6,5,Lumenier,,20-25,
73.7369928,1800,9882,0.278637691,12.13285803,4.387712181,53.23548899,5.234059018,,1300,6,5,Lumenier,,20-25,
77.8626284,1850,10321,0.314411412,12.07745101,5.178609874,62.54440707,5.027010828,,1300,6,5,Lumenier,,20-25,
81.9889338,1900,10814,0.345858878,12.02281545,5.936242053,71.37034266,4.845974739,,1300,6,5,Lumenier,,20-25,
86.1392856,1950,11237,0.370492646,11.96428806,6.732826243,80.55347264,4.599337981,,1300,6,5,Lumenier,,20-25,
0.3021548,1000,0,0.000290662,7.898549438,0.009715954,0.076741941,,T-Motor,3950,4.5,2.5,Gemfan,Hobbywing,25-30,
9.5525108,1200,5443,0.01628138,7.890479611,0.449410467,3.546064129,4.591394618,T-Motor,3950,4.5,2.5,Gemfan,Hobbywing,25-30,
13.7030754,1250,6642,0.024499302,7.885756192,0.668365194,5.270564965,4.648325529,T-Motor,3950,4.5,2.5,Gemfan,Hobbywing,25-30,
17.8403704,1300,7683,0.034695975,7.879541195,0.941762503,7.420656438,4.675593725,T-Motor,3950,4.5,2.5,Gemfan,Hobbywing,25-30,
21.7278506,1325,8191,0.039544424,7.875712364,1.081523862,8.51777085,4.642579026,T-Motor,3950,4.5,2.5,Gemfan,Hobbywing,25-30,
25.6039468,1350,8660,0.045328632,7.871857897,1.237875429,9.744379473,4.651772034,T-Motor,3950,4.5,2.5,Gemfan,Hobbywing,25-30,
29.4782036,1375,9139,0.050447449,7.867124267,1.399543481,11.01038248,4.58180712,T-Motor,3950,4.5,2.5,Gemfan,Hobbywing,25-30,
33.377938,1400,9587,0.056707855,7.862411748,1.565550887,12.30900568,4.607021614,T-Motor,3950,4.5,2.5,Gemfan,Hobbywing,25-30,
37.2611136,1425,10030,0.06165763,7.856325171,1.749146629,13.74186469,4.486845978,T-Motor,3950,4.5,2.5,Gemfan,Hobbywing,25-30,
41.1532824,1450,10452,0.06850297,7.851101259,1.93453089,15.1881979,4.510276336,T-Motor,3950,4.5,2.5,Gemfan,Hobbywing,25-30,
45.0298706,1475,10820,0.076971366,7.843315493,2.176217147,17.06875766,4.509488494,T-Motor,3950,4.5,2.5,Gemfan,Hobbywing,25-30,
48.9290738,1500,11307,0.082639315,7.835539523,2.394137493,18.75935895,4.405231305,T-Motor,3950,4.5,2.5,Gemfan,Hobbywing,25-30,
53.0787348,1550,12199,0.095596406,7.823793649,2.873431056,22.48113165,4.252295106,T-Motor,3950,4.5,2.5,Gemfan,Hobbywing,25-30,
57.1971758,1600,13007,0.110253012,7.810372011,3.379087124,26.3919275,4.17752783,T-Motor,3950,4.5,2.5,Gemfan,Hobbywing,25-30,
61.3289132,1650,13868,0.127795118,7.793368285,4.05962898,31.63818374,4.039268479,T-Motor,3950,4.5,2.5,Gemfan,Hobbywing,25-30,
65.4583272,1700,14812,0.14703751,7.770774301,4.888613265,37.98831033,3.870598836,T-Motor,3950,4.5,2.5,Gemfan,Hobbywing,25-30,
69.5853026,1750,15858,0.171937252,7.744467927,5.889805861,45.61341259,3.769445046,T-Motor,3950,4.5,2.5,Gemfan,Hobbywing,25-30,
73.710394,1800,16923,0.198915199,7.714776718,7.058388175,54.45388876,3.65291081,T-Motor,3950,4.5,2.5,Gemfan,Hobbywing,25-30,
77.8347754,1850,17961,0.225961845,7.682513917,8.295392882,63.72947127,3.545641288,T-Motor,3950,4.5,2.5,Gemfan,Hobbywing,25-30,
0.2952646,1000,0,0.000176743,12.42731464,0.004932314,0.061295416,,T-motor,2850,6,3.5,HQProp,T-motor,45-50,
9.5459724,1200,5182,0.076462636,12.39918191,0.838198387,10.39297429,7.357146633,T-motor,2850,6,3.5,HQProp,T-motor,45-50,
13.696751,1250,6159,0.110778126,12.37765938,1.346534781,16.66694886,6.646575006,T-motor,2850,6,3.5,HQProp,T-motor,45-50,
17.8472876,1300,7047,0.148172552,12.34879416,2.009225271,24.8115093,5.971928217,T-motor,2850,6,3.5,HQProp,T-motor,45-50,
21.7494734,1325,7463,0.16671709,12.32867342,2.400788904,29.59854234,5.6326115,T-motor,2850,6,3.5,HQProp,T-motor,45-50,
25.647635,1350,7848,0.185351807,12.30770573,2.79562643,34.40774743,5.386920694,T-motor,2850,6,3.5,HQProp,T-motor,45-50,
29.544129,1375,8224,0.202869478,12.28482992,3.229551853,39.67449522,5.113347424,T-motor,2850,6,3.5,HQProp,T-motor,45-50,
33.4234646,1400,8591,0.220615423,12.26109926,3.676876474,45.08254742,4.893588217,T-motor,2850,6,3.5,HQProp,T-motor,45-50,
37.3175032,1425,8910,0.238732272,12.23103055,4.241090477,51.87290717,4.602253558,T-motor,2850,6,3.5,HQProp,T-motor,45-50,
41.198625,1450,9213,0.254437493,12.20130811,4.797173697,58.53179431,4.346996298,T-motor,2850,6,3.5,HQProp,T-motor,45-50,
45.0748128,1475,9482,0.271145231,12.1675779,5.411083771,65.8397833,4.118258248,T-motor,2850,6,3.5,HQProp,T-motor,45-50,
48.9508398,1500,9779,0.287031779,12.13583084,6.018135834,73.03507848,3.93005368,T-motor,2850,6,3.5,HQProp,T-motor,45-50,
53.6174494,1600,11043,0.372968906,12.02269672,8.800902422,105.8105807,3.524873444,T-motor,2850,6,3.5,HQProp,T-motor,45-50,
58.251253,1700,12154,0.439084288,11.88135339,12.08707593,143.6108206,3.057459643,T-motor,2850,6,3.5,HQProp,T-motor,45-50,
0.3866064,1000,0,0.000639629,12.00442408,-0.001888059,0.022665056,,XILO,2600,5,3,Gemfan,XILO,25-30,
10.4276004,1200,6822,0.024225269,11.9695559,0.963751729,11.53568019,2.100029503,XILO,2600,5,3,Gemfan,XILO,25-30,
15.498595,1300,9418,0.046138542,11.93422607,1.730155443,20.6480662,2.234521203,XILO,2600,5,3,Gemfan,XILO,25-30,
20.1744476,1350,10536,0.059104176,11.90964916,2.182387032,25.99146387,2.273984126,XILO,2600,5,3,Gemfan,XILO,25-30,
24.9918966,1400,11670,0.072952333,11.87994833,2.713769677,32.23944353,2.262828549,XILO,2600,5,3,Gemfan,XILO,25-30,
29.586668,1450,12725,0.087873235,11.84843209,3.296679556,39.06048383,2.249670918,XILO,2600,5,3,Gemfan,XILO,25-30,
34.1050296,1500,13731,0.106164272,11.8049995,4.22843161,49.91663303,2.126831593,XILO,2600,5,3,Gemfan,XILO,25-30,
38.8061468,1550,15055,0.125692423,11.76113444,5.012831636,58.95658679,2.13194877,XILO,2600,5,3,Gemfan,XILO,25-30,
43.5350938,1600,16330,0.147937704,11.69203139,6.319443551,73.88713237,2.002212007,XILO,2600,5,3,Gemfan,XILO,25-30,
48.474852,1650,17513,0.172986191,11.61359659,7.870006051,91.39907548,1.892647058,XILO,2600,5,3,Gemfan,XILO,25-30,
53.1935732,1700,19181,0.202200097,11.54650253,8.992615649,103.8332594,1.947353843,XILO,2600,5,3,Gemfan,XILO,25-30,
57.8664676,1750,20668,0.228917243,11.42200423,11.73813191,134.0729923,1.707407575,XILO,2600,5,3,Gemfan,XILO,25-30,
62.7116524,1800,21741,0.261601334,11.24873627,15.55806878,175.0086125,1.494791198,XILO,2600,5,3,Gemfan,XILO,25-30,
0.2754546,1000,0,0.000711156,8.369191559,0.032007991,0.267881005,,FlashHobby,3150,5,3,iFlight,EMAX,25-30,
9.4223436,1200,4871,0.024550459,8.361167462,0.454755082,3.802283392,6.456767301,FlashHobby,3150,5,3,iFlight,EMAX,25-30,
13.5021568,1250,5882,0.035813825,8.355599708,0.696936442,5.823321929,6.150067825,FlashHobby,3150,5,3,iFlight,EMAX,25-30,
17.5962798,1300,6789,0.047571954,8.348990272,0.993076264,8.29118407,5.737655089,FlashHobby,3150,5,3,iFlight,EMAX,25-30,
21.4262834,1325,7191,0.055193879,8.344958583,1.141160485,9.522936982,5.795888314,FlashHobby,3150,5,3,iFlight,EMAX,25-30,
25.2561182,1350,7502,0.060493006,8.341147589,1.282799858,10.70002294,5.653539841,FlashHobby,3150,5,3,iFlight,EMAX,25-30,
29.1010712,1375,7804,0.068017204,8.335755558,1.449989973,12.08676198,5.627413172,FlashHobby,3150,5,3,iFlight,EMAX,25-30,
32.9260416,1400,8177,0.073194017,8.330036718,1.633574883,13.60773876,5.378852272,FlashHobby,3150,5,3,iFlight,EMAX,25-30,
36.788431,1425,8577,0.080718186,8.324783767,1.839225958,15.3111584,5.271853641,FlashHobby,3150,5,3,iFlight,EMAX,25-30,
40.6558474,1450,8909,0.088655121,8.317852904,2.056648738,17.10690168,5.18241834,FlashHobby,3150,5,3,iFlight,EMAX,25-30,
44.5154308,1475,9269,0.096827574,8.310892391,2.296625685,19.08700893,5.072956942,FlashHobby,3150,5,3,iFlight,EMAX,25-30,
48.343713,1500,9575,0.106797656,8.302857959,2.575348125,21.38274968,4.994570732,FlashHobby,3150,5,3,iFlight,EMAX,25-30,
52.4534914,1550,10315,0.126949947,8.288162749,3.19220178,26.45748788,4.798261562,FlashHobby,3150,5,3,iFlight,EMAX,25-30,
56.562928,1600,11120,0.144990048,8.270467346,3.88247692,32.10989859,4.515431503,FlashHobby,3150,5,3,iFlight,EMAX,25-30,
60.6839842,1650,11897,0.168360466,8.249620079,4.769442053,39.34608493,4.278963613,FlashHobby,3150,5,3,iFlight,EMAX,25-30,
64.7961866,1700,12613,0.195764418,8.222556845,5.802271134,47.70950423,4.103258266,FlashHobby,3150,5,3,iFlight,EMAX,25-30,
68.9272942,1750,13428,0.224953489,8.192217161,6.976566793,57.1535502,3.935949534,FlashHobby,3150,5,3,iFlight,EMAX,25-30,
73.0375536,1800,14218,0.255262969,8.157004867,8.387520177,68.4170429,3.730985124,FlashHobby,3150,5,3,iFlight,EMAX,25-30,
77.1346404,1850,14931,0.285821464,8.1209437,9.76245254,79.28032745,3.605200345,FlashHobby,3150,5,3,iFlight,EMAX,25-30,
1.3084919,1000,0,0.000322465,25.18040024,-0.015249355,0.383984853,,T-motor,360,13,5.5,Tarot,T-motor,15-20,
27.9709975,2000,6036,1.959806401,24.57020406,18.6207094,457.5146298,4.28359286,T-motor,360,13,5.5,Tarot,T-motor,15-20,
35.417637,1972,5933,1.916713511,24.52849449,18.04120826,442.5236773,4.331324197,T-motor,360,13,5.5,Tarot,T-motor,15-20,
42.8021852,1944,5901,1.868334998,24.49860529,17.59771812,431.1195503,4.333681914,T-motor,360,13,5.5,Tarot,T-motor,15-20,
50.08551135,1917,5861,1.820517434,24.48118845,17.01656006,416.5856134,4.370091945,T-motor,360,13,5.5,Tarot,T-motor,15-20,
57.36378705,1889,5698,1.728349054,24.49535033,15.56450402,381.2579788,4.533279697,T-motor,360,13,5.5,Tarot,T-motor,15-20,
64.6557615,1861,5580,1.638778,24.51035594,14.27050962,349.7752703,4.685231173,T-motor,360,13,5.5,Tarot,T-motor,15-20,
72.04201915,1833,5416,1.558509077,24.52937063,13.08533181,320.9749538,4.855547321,T-motor,360,13,5.5,Tarot,T-motor,15-20,
79.435399,1805,5301,1.474469016,24.55359723,11.77754696,289.1811442,5.098773018,T-motor,360,13,5.5,Tarot,T-motor,15-20,
86.8170614,1778,5184,1.381422476,24.57603239,10.64853293,261.6986901,5.278675544,T-motor,360,13,5.5,Tarot,T-motor,15-20,
94.29472755,1750,5050,1.324998145,24.59259041,9.733380858,239.3690488,5.535377912,T-motor,360,13,5.5,Tarot,T-motor,15-20,
101.7518422,1722,4898,1.248766892,24.61317068,8.769118505,215.8358104,5.785726147,T-motor,360,13,5.5,Tarot,T-motor,15-20,
109.2296925,1694,4754,1.182822233,24.63154562,7.935081887,195.4533315,6.051686222,T-motor,360,13,5.5,Tarot,T-motor,15-20,
116.7316223,1666,4623,1.088176326,24.65293229,7.023032527,173.1383454,6.285010543,T-motor,360,13,5.5,Tarot,T-motor,15-20,
124.144181,1638,4450,1.035421347,24.66892569,6.347138028,156.5770764,6.61285401,T-motor,360,13,5.5,Tarot,T-motor,15-20,
131.6033803,1611,4311,0.967126532,24.68588778,5.646663318,139.392897,6.938133528,T-motor,360,13,5.5,Tarot,T-motor,15-20,
139.1163766,1583,4176,0.89394694,24.70260403,4.992424945,123.3258966,7.248655516,T-motor,360,13,5.5,Tarot,T-motor,15-20,
146.6886353,1555,4017,0.815868801,24.71909205,4.304782415,106.4103128,7.667196723,T-motor,360,13,5.5,Tarot,T-motor,15-20,
154.2168833,1527,3844,0.739414938,24.735113,3.700802248,91.5397618,8.077527441,T-motor,360,13,5.5,Tarot,T-motor,15-20,
161.8007956,1499,3654,0.693047433,24.74836237,3.237899361,80.13270671,8.648746081,T-motor,360,13,5.5,Tarot,T-motor,15-20,
169.3186382,1472,3466,0.620998042,24.76218856,2.744783461,67.96684563,9.136778913,T-motor,360,13,5.5,Tarot,T-motor,15-20,
176.8612779,1444,3239,0.535390829,24.77867005,2.209484924,54.74809793,9.779167667,T-motor,360,13,5.5,Tarot,T-motor,15-20,
184.4989073,1416,3006,0.454587787,24.79214079,1.772021908,43.93221664,10.34748122,T-motor,360,13,5.5,Tarot,T-motor,15-20,
192.170965,1388,2775,0.378595872,24.8074476,1.392839067,34.55278217,10.95703003,T-motor,360,13,5.5,Tarot,T-motor,15-20,
199.8606786,1360,2567,0.335421642,24.81690355,1.151104437,28.5668478,11.74163998,T-motor,360,13,5.5,Tarot,T-motor,15-20,
207.4561233,1333,2357,0.27573574,24.82610133,0.884387699,21.95589863,12.55861782,T-motor,360,13,5.5,Tarot,T-motor,15-20,
215.0850887,1305,2118,0.223934176,24.83459268,0.659146438,16.36963331,13.6798529,T-motor,360,13,5.5,Tarot,T-motor,15-20,
222.7706244,1277,1840,0.16829298,24.84264257,0.452540942,11.24231287,14.96960473,T-motor,360,13,5.5,Tarot,T-motor,15-20,
230.4553165,1249,1584,0.12188946,24.84938726,0.301245576,7.485767972,16.28282639,T-motor,360,13,5.5,Tarot,T-motor,15-20,
238.1009446,1221,1320,0.086384086,24.85322221,0.194496414,4.833862599,17.87061263,T-motor,360,13,5.5,Tarot,T-motor,15-20,
245.8377734,1193,1033,0.054373295,24.85748095,0.11099528,2.759063054,19.70715928,T-motor,360,13,5.5,Tarot,T-motor,15-20,
0.2978346,1000,0,-4.79E-06,12.09543028,0.002131285,0.025778814,,T-motor,3550,6,4,Gemfan,T-motor,35,
9.5730104,1200,6812,0.087615905,12.05750334,1.208723947,14.57419304,6.011715682,T-motor,3550,6,4,Gemfan,T-motor,35,
14.2235964,1300,8960,0.160899169,12.00798248,2.498423897,30.00103038,5.363121419,T-motor,3550,6,4,Gemfan,T-motor,35,
18.3743058,1350,10006,0.196139897,11.9688834,3.36093794,40.22667433,4.87586659,T-motor,3550,6,4,Gemfan,T-motor,35,
22.5245866,1400,10976,0.237906834,11.91807964,4.488956359,53.49973939,4.446878367,T-motor,3550,6,4,Gemfan,T-motor,35,
26.6499344,1450,11743,0.274989811,11.86517428,5.63894338,66.90704598,4.110027673,T-motor,3550,6,4,Gemfan,T-motor,35,
30.775645,1500,12440,0.309996958,11.81026343,6.839833986,80.78024116,3.837534445,T-motor,3550,6,4,Gemfan,T-motor,35,
34.927011,1550,13143,0.345653465,11.74630399,8.203875557,96.36521615,3.586911115,T-motor,3550,6,4,Gemfan,T-motor,35,
39.0770374,1600,13789,0.383902696,11.6707305,9.746966167,113.7542153,3.37484369,T-motor,3550,6,4,Gemfan,T-motor,35,
43.227811,1650,14484,0.429232488,11.59041313,11.51841417,133.5031788,3.215148068,T-motor,3550,6,4,Gemfan,T-motor,35,
47.3767438,1700,15289,0.470184285,11.5013378,13.40700569,154.1985013,3.049214366,T-motor,3550,6,4,Gemfan,T-motor,35,
0.2960052,1000,0,-0.000384505,7.966446715,0.008035276,0.064012596,,T-Motor,2700,5,4,Gemfan,Hobbywing,30-35,
9.5700438,1200,3689,0.014925142,7.961878636,0.275524323,2.193691223,6.803666041,T-Motor,2700,5,4,Gemfan,Hobbywing,30-35,
13.6967924,1250,4544,0.021462056,7.958319088,0.403604258,3.212011468,6.681811728,T-Motor,2700,5,4,Gemfan,Hobbywing,30-35,
17.8224152,1300,5357,0.029866779,7.955226421,0.562141903,4.471966118,6.678668445,T-Motor,2700,5,4,Gemfan,Hobbywing,30-35,
21.7212388,1325,5746,0.034757385,7.953305315,0.651872325,5.18453963,6.704044579,T-Motor,2700,5,4,Gemfan,Hobbywing,30-35,
25.622977,1350,6115,0.040825324,7.950627371,0.750905086,5.970166528,6.838221943,T-Motor,2700,5,4,Gemfan,Hobbywing,30-35,
29.523115,1375,6472,0.044760231,7.947237693,0.859684504,6.832117095,6.55144383,T-Motor,2700,5,4,Gemfan,Hobbywing,30-35,
33.3982968,1400,6831,0.049135039,7.944372412,0.962573124,7.647039369,6.425367625,T-Motor,2700,5,4,Gemfan,Hobbywing,30-35,
37.2994628,1425,7184,0.054921073,7.940959383,1.075485906,8.5403899,6.430745345,T-Motor,2700,5,4,Gemfan,Hobbywing,30-35,
41.1995456,1450,7521,0.059618687,7.937753285,1.200523619,9.529460304,6.25625009,T-Motor,2700,5,4,Gemfan,Hobbywing,30-35,
45.0747028,1475,7874,0.066984888,7.933695464,1.328214774,10.53765153,6.356718815,T-Motor,2700,5,4,Gemfan,Hobbywing,30-35,
48.9508348,1500,8219,0.071931218,7.92992885,1.463316346,11.60399451,6.198832449,T-Motor,2700,5,4,Gemfan,Hobbywing,30-35,
53.1023156,1550,8929,0.084523496,7.921929378,1.779620339,14.09802664,5.995413238,T-Motor,2700,5,4,Gemfan,Hobbywing,30-35,
57.2267302,1600,9539,0.095557405,7.913491577,2.06639887,16.35243005,5.843621056,T-Motor,2700,5,4,Gemfan,Hobbywing,30-35,
61.3525314,1650,10145,0.110336107,7.903873558,2.451365782,19.37528518,5.69468301,T-Motor,2700,5,4,Gemfan,Hobbywing,30-35,
65.4785386,1700,10918,0.126554171,7.892715358,2.91607469,23.01574749,5.49859051,T-Motor,2700,5,4,Gemfan,Hobbywing,30-35,
69.6286792,1750,11750,0.146427188,7.877029679,3.521040133,27.73533763,5.279444942,T-Motor,2700,5,4,Gemfan,Hobbywing,30-35,
73.7577726,1800,12515,0.163515566,7.860411153,4.154012421,32.65224556,5.007789302,T-Motor,2700,5,4,Gemfan,Hobbywing,30-35,
77.9051904,1850,13313,0.18501983,7.840747689,4.884144435,38.29534419,4.831392271,T-Motor,2700,5,4,Gemfan,Hobbywing,30-35,
0.4644818,1000,0,0.000658942,15.54650729,0.048912738,0.760422241,,FlashHobby,1400,7,5,Gemfan,Hobbywing,20-25,
10.605081,1200,4135,0.02535216,15.53577403,0.371545806,5.772251687,4.392074635,FlashHobby,1400,7,5,Gemfan,Hobbywing,20-25,
15.591915,1300,5715,0.04939434,15.51810821,0.810742074,12.58118324,3.926048842,FlashHobby,1400,7,5,Gemfan,Hobbywing,20-25,
20.3408084,1350,6499,0.062865536,15.50274569,1.130876626,17.53169273,3.585822389,FlashHobby,1400,7,5,Gemfan,Hobbywing,20-25,
24.8118248,1400,7126,0.084119166,15.48058841,1.578064043,24.42935994,3.443363472,FlashHobby,1400,7,5,Gemfan,Hobbywing,20-25,
29.4645044,1450,7902,0.099635945,15.45812162,1.992272122,30.79678476,3.235271002,FlashHobby,1400,7,5,Gemfan,Hobbywing,20-25,
34.2175188,1500,8379,0.120331682,15.42035029,2.681256348,41.3459121,2.910364668,FlashHobby,1400,7,5,Gemfan,Hobbywing,20-25,
38.8733222,1550,8861,0.139404602,15.38050578,3.44323591,52.95870983,2.632326255,FlashHobby,1400,7,5,Gemfan,Hobbywing,20-25,
43.4177962,1600,9332,0.159326195,15.33736752,4.255671776,65.27080209,2.44100256,FlashHobby,1400,7,5,Gemfan,Hobbywing,20-25,
48.1364494,1650,9981,0.175597356,15.29671799,4.888603214,74.77958472,2.348199137,FlashHobby,1400,7,5,Gemfan,Hobbywing,20-25,
52.7156244,1700,10533,0.194043616,15.24563148,5.780120128,88.12158138,2.20199879,FlashHobby,1400,7,5,Gemfan,Hobbywing,20-25,
57.42429,1750,10965,0.203370225,15.18531361,6.793136797,103.1559126,1.97148394,FlashHobby,1400,7,5,Gemfan,Hobbywing,20-25,
62.2021148,1800,11257,0.217755086,15.12293782,7.881330206,119.1888667,1.826975055,FlashHobby,1400,7,5,Gemfan,Hobbywing,20-25,
0.301323,1000,0,-0.00037597,15.74115609,-0.000453872,0.007144478,,Lumenier,2550,5,4,Gemfan,Lumenier,30-35,
9.6035696,1200,7816,0.046188694,15.70933739,1.05303059,16.54241282,2.792137699,Lumenier,2550,5,4,Gemfan,Lumenier,30-35,
14.2284544,1300,11291,0.096305645,15.65818135,2.329475924,36.47535648,2.640293444,Lumenier,2550,5,4,Gemfan,Lumenier,30-35,
18.394566,1350,12681,0.122603283,15.62076504,3.04675516,47.59264648,2.576097186,Lumenier,2550,5,4,Gemfan,Lumenier,30-35,
22.5299012,1400,14048,0.152665275,15.57557003,3.955326584,61.60646619,2.478072268,Lumenier,2550,5,4,Gemfan,Lumenier,30-35,
26.6794084,1450,15335,0.178873576,15.52764998,4.921493174,76.41922341,2.340688224,Lumenier,2550,5,4,Gemfan,Lumenier,30-35,
30.8505342,1500,16547,0.205907016,15.47604862,5.941883379,91.95687604,2.239169323,Lumenier,2550,5,4,Gemfan,Lumenier,30-35,
34.9851398,1550,17585,0.234431774,15.41454404,7.111052361,109.6136298,2.138710068,Lumenier,2550,5,4,Gemfan,Lumenier,30-35,
39.168011,1600,18744,0.266725534,15.34338818,8.512686506,130.6134535,2.04209847,Lumenier,2550,5,4,Gemfan,Lumenier,30-35,
43.3374868,1650,20025,0.303151278,15.26187867,10.22522787,156.056187,1.94257776,Lumenier,2550,5,4,Gemfan,Lumenier,30-35,
47.5016444,1700,21280,0.34758861,15.15623007,12.37030213,187.4871451,1.853933022,Lumenier,2550,5,4,Gemfan,Lumenier,30-35,
0.2951644,1000,0,4.61E-05,12.54118219,-0.003427747,0.042988005,,T-motor,1950,6,4.5,Master Airscrew,Hobbywing,60,
9.5683248,1200,4351,0.05756534,12.51334069,0.641979159,8.033303936,7.165836155,T-motor,1950,6,4.5,Master Airscrew,Hobbywing,60,
13.72088,1250,5304,0.085793858,12.49240838,1.016231734,12.69518183,6.757985794,T-motor,1950,6,4.5,Master Airscrew,Hobbywing,60,
17.851185,1300,6166,0.119010245,12.4688902,1.452970008,18.11692349,6.569009654,T-motor,1950,6,4.5,Master Airscrew,Hobbywing,60,
21.7943214,1325,6575,0.132623966,12.45092556,1.693360698,21.08390799,6.290293345,T-motor,1950,6,4.5,Master Airscrew,Hobbywing,60,
25.6701926,1350,6933,0.150823573,12.43270234,1.959918114,24.36707853,6.18964529,T-motor,1950,6,4.5,Master Airscrew,Hobbywing,60,
29.572213,1375,7297,0.166014499,12.41015128,2.217562142,27.52028166,6.032441867,T-motor,1950,6,4.5,Master Airscrew,Hobbywing,60,
33.474441,1400,7647,0.184160551,12.38953241,2.521308885,31.23783815,5.895432027,T-motor,1950,6,4.5,Master Airscrew,Hobbywing,60,
37.420684,1425,7991,0.198887446,12.36920342,2.799235591,34.62431444,5.744155502,T-motor,1950,6,4.5,Master Airscrew,Hobbywing,60,
41.3527312,1450,8257,0.217202616,12.34797462,3.090699386,38.16387756,5.691314136,T-motor,1950,6,4.5,Master Airscrew,Hobbywing,60,
45.2720238,1475,8570,0.232373065,12.32452552,3.416109306,42.10192631,5.519297704,T-motor,1950,6,4.5,Master Airscrew,Hobbywing,60,
49.240115,1500,8889,0.249236432,12.29845977,3.782365013,46.51726395,5.35793404,T-motor,1950,6,4.5,Master Airscrew,Hobbywing,60,
53.9925626,1600,10299,0.331224523,12.19843744,5.701659276,69.551334,4.762302954,T-motor,1950,6,4.5,Master Airscrew,Hobbywing,60,
58.7077284,1700,11864,0.444232585,12.04496116,8.553135494,103.0221848,4.312008974,T-motor,1950,6,4.5,Master Airscrew,Hobbywing,60,
0.2998912,1000,0,-0.000728555,7.632071597,0.048343157,0.368958435,,Tâ€‘Motor,2850,5,5,HQProp,Hobbywing,30,
9.5750798,1200,3825,0.016475414,7.62563663,0.35370064,2.697192555,6.108356514,Tâ€‘Motor,2850,5,5,HQProp,Hobbywing,30,
13.72578,1250,4644,0.026886867,7.622291654,0.511231361,3.896754536,6.89981035,Tâ€‘Motor,2850,5,5,HQProp,Hobbywing,30,
17.8753396,1300,5444,0.037337019,7.617773105,0.721496202,5.496194362,6.793249458,Tâ€‘Motor,2850,5,5,HQProp,Hobbywing,30,
21.775527,1325,5814,0.043040407,7.613963331,0.846591385,6.445915759,6.67715943,Tâ€‘Motor,2850,5,5,HQProp,Hobbywing,30,
25.6506442,1350,6175,0.049703699,7.61039559,0.975056403,7.420564948,6.698101733,Tâ€‘Motor,2850,5,5,HQProp,Hobbywing,30,
29.5504754,1375,6525,0.055555165,7.606371052,1.102433984,8.385521943,6.625129033,Tâ€‘Motor,2850,5,5,HQProp,Hobbywing,30,
33.4264566,1400,6872,0.061064445,7.602106596,1.241775632,9.440110721,6.468615316,Tâ€‘Motor,2850,5,5,HQProp,Hobbywing,30,
37.3264664,1425,7197,0.06828869,7.597804177,1.381932922,10.49965573,6.503898053,Tâ€‘Motor,2850,5,5,HQProp,Hobbywing,30,
41.2260722,1450,7512,0.073098357,7.592699667,1.525805397,11.58498213,6.309751389,Tâ€‘Motor,2850,5,5,HQProp,Hobbywing,30,
45.126299,1475,7835,0.08010307,7.587134829,1.687070595,12.80003207,6.258036653,Tâ€‘Motor,2850,5,5,HQProp,Hobbywing,30,
49.0269626,1500,8073,0.086875487,7.582040932,1.834193525,13.90693038,6.246920392,Tâ€‘Motor,2850,5,5,HQProp,Hobbywing,30,
53.1767116,1550,8677,0.098170596,7.573200163,2.17853266,16.4984639,5.95028704,Tâ€‘Motor,2850,5,5,HQProp,Hobbywing,30,
57.326312,1600,9338,0.115600818,7.560249808,2.637321298,19.93880784,5.797779835,Tâ€‘Motor,2850,5,5,HQProp,Hobbywing,30,
61.4806186,1650,10037,0.137324761,7.544132201,3.233760631,24.39591771,5.62900575,Tâ€‘Motor,2850,5,5,HQProp,Hobbywing,30,
65.6044058,1700,10769,0.157859291,7.52505472,3.913807284,29.45161398,5.359953839,Tâ€‘Motor,2850,5,5,HQProp,Hobbywing,30,
69.7314744,1750,11595,0.184662085,7.501088304,4.809490575,36.0764135,5.118637542,Tâ€‘Motor,2850,5,5,HQProp,Hobbywing,30,
73.8561728,1800,12350,0.211027643,7.473326342,5.768288239,43.10830044,4.895290246,Tâ€‘Motor,2850,5,5,HQProp,Hobbywing,30,
77.9828872,1850,13112,0.237903658,7.443587182,6.81775897,50.74858328,4.687887671,Tâ€‘Motor,2850,5,5,HQProp,Hobbywing,30,
1.2923066,1000,0,-0.000443813,24.76149282,0.009880412,0.244653739,,Tarot,380,13,5.5,Tarot,T-Motor,,
27.00996405,1949,5780,1.649778166,24.21528278,17.19121856,416.2902188,3.963048112,Tarot,380,13,5.5,Tarot,T-Motor,,
34.262576,1923,5702,1.620216741,24.17605385,16.87212067,407.9012979,3.972080377,Tarot,380,13,5.5,Tarot,T-Motor,,
41.5640661,1897,5569,1.562263319,24.17335513,15.64329868,378.1510144,4.131321243,Tarot,380,13,5.5,Tarot,T-Motor,,
48.90712205,1870,5474,1.477841872,24.18521526,14.26160426,344.919969,4.284593544,Tarot,380,13,5.5,Tarot,T-Motor,,
56.17517345,1844,5357,1.417820578,24.19690571,13.17924432,318.8969321,4.446015108,Tarot,380,13,5.5,Tarot,T-Motor,,
63.44700825,1818,5267,1.351908064,24.20995654,12.17667423,294.796754,4.585898744,Tarot,380,13,5.5,Tarot,T-Motor,,
70.8499555,1792,5152,1.299247915,24.2231536,11.27929993,273.2202147,4.755314011,Tarot,380,13,5.5,Tarot,T-Motor,,
78.18366335,1766,5043,1.241913194,24.23720491,10.40134157,252.0994469,4.926282897,Tarot,380,13,5.5,Tarot,T-Motor,,
85.62510435,1739,4927,1.16738809,24.25869888,9.396833012,227.9549424,5.121135243,Tarot,380,13,5.5,Tarot,T-Motor,,
93.00361445,1713,4792,1.119761255,24.27463423,8.640188035,209.7374042,5.338872476,Tarot,380,13,5.5,Tarot,T-Motor,,
100.4347062,1687,4672,1.056064416,24.2930807,7.815230884,189.8560346,5.562448504,Tarot,380,13,5.5,Tarot,T-Motor,,
107.8456736,1661,4534,0.995263151,24.31082995,7.039447625,171.1348142,5.815667351,Tarot,380,13,5.5,Tarot,T-Motor,,
115.2103678,1635,4409,0.92274462,24.32863974,6.278349832,152.7437112,6.041130025,Tarot,380,13,5.5,Tarot,T-Motor,,
122.5854886,1608,4245,0.864460025,24.34675796,5.557829392,135.315127,6.388495092,Tarot,380,13,5.5,Tarot,T-Motor,,
129.9541366,1582,4096,0.793935486,24.36525004,4.894135362,119.2468318,6.657916808,Tarot,380,13,5.5,Tarot,T-Motor,,
137.3585211,1556,3924,0.735673764,24.38144759,4.275074135,104.232496,7.058007749,Tarot,380,13,5.5,Tarot,T-Motor,,
144.7463086,1530,3766,0.666258626,24.39852936,3.685248615,89.91464653,7.409900968,Tarot,380,13,5.5,Tarot,T-Motor,,
152.2572912,1504,3588,0.605882012,24.4130687,3.185749829,77.77392942,7.790297035,Tarot,380,13,5.5,Tarot,T-Motor,,
159.6520127,1477,3398,0.533036053,24.42813337,2.665465067,65.11233615,8.18640651,Tarot,380,13,5.5,Tarot,T-Motor,,
167.1119393,1451,3199,0.476973635,24.44074583,2.267835112,55.42758155,8.605348134,Tarot,380,13,5.5,Tarot,T-Motor,,
174.6411345,1425,3003,0.424735914,24.45162056,1.94379579,47.52895709,8.936360915,Tarot,380,13,5.5,Tarot,T-Motor,,
182.1511809,1399,2822,0.363066937,24.46251651,1.615459313,39.51820012,9.187334842,Tarot,380,13,5.5,Tarot,T-Motor,,
189.7236949,1372,2619,0.307426998,24.47232626,1.321545255,32.34128665,9.505713271,Tarot,380,13,5.5,Tarot,T-Motor,,
197.3352587,1346,2403,0.265635576,24.48056193,1.078435213,26.40070002,10.06168683,Tarot,380,13,5.5,Tarot,T-Motor,,
204.9461749,1320,2184,0.215797574,24.48890049,0.847165255,20.74614563,10.40181527,Tarot,380,13,5.5,Tarot,T-Motor,,
212.5254249,1294,1917,0.165849284,24.49675095,0.639070422,15.65514897,10.59391288,Tarot,380,13,5.5,Tarot,T-Motor,,
220.0731963,1268,1669,0.123836614,24.50279985,0.476067488,11.66498637,10.61609588,Tarot,380,13,5.5,Tarot,T-Motor,,
227.654822,1241,1424,0.087540711,24.50780084,0.356735011,8.742790613,10.01290261,Tarot,380,13,5.5,Tarot,T-Motor,,
235.2616251,1215,1195,0.061366522,24.51169247,0.262308393,6.429622661,9.544342665,Tarot,380,13,5.5,Tarot,T-Motor,,
242.877873,1189,951,0.039170272,24.51517062,0.186101354,4.562306443,8.585629288,Tarot,380,13,5.5,Tarot,T-Motor,,
0.3000998,1000,0,0.000578753,11.97531444,-0.004266217,0.051089286,,T-motor,3550,5.5,5.2,Gemfan,T-motor,35,
9.5765014,1200,5909,0.091278885,11.93503971,1.310043392,15.63541991,5.837955487,T-motor,3550,5.5,5.2,Gemfan,T-motor,35,
13.7286246,1250,6912,0.130419732,11.90324209,2.083036146,24.79488352,5.25994535,T-motor,3550,5.5,5.2,Gemfan,T-motor,35,
17.8784608,1300,7872,0.166340256,11.86349942,3.029469882,35.9401142,4.628261754,T-motor,3550,5.5,5.2,Gemfan,T-motor,35,
22.0302872,1350,8603,0.204171735,11.8163457,4.159860754,49.15435272,4.153685752,T-motor,3550,5.5,5.2,Gemfan,T-motor,35,
26.1552242,1400,9312,0.235936246,11.76188113,5.418361622,63.73012532,3.702114892,T-motor,3550,5.5,5.2,Gemfan,T-motor,35,
30.2804936,1450,10020,0.261633609,11.69718163,6.726372063,78.67959576,3.325304434,T-motor,3550,5.5,5.2,Gemfan,T-motor,35,
34.4047662,1500,10482,0.283513223,11.62777612,8.261270026,96.06019835,2.951412005,T-motor,3550,5.5,5.2,Gemfan,T-motor,35,
38.5306616,1550,11158,0.326242596,11.56363089,9.544281714,110.3665509,2.955991586,T-motor,3550,5.5,5.2,Gemfan,T-motor,35,
42.6804258,1600,11364,0.332810535,11.47864825,11.44822266,131.4101209,2.532609611,T-motor,3550,5.5,5.2,Gemfan,T-motor,35,
47.3072898,1700,12721,0.423099732,11.32246148,15.57394363,176.3353769,2.399403568,T-motor,3550,5.5,5.2,Gemfan,T-motor,35,
0.3018662,1000,0,0.000730268,7.780809465,0.011186507,0.087040077,,T-Motor,3800,4.5,2.5,Gemfan,Hobbywing,20-25,
9.551885,1200,5062,0.01419157,7.775560651,0.28357034,2.204918376,6.436324206,T-Motor,3800,4.5,2.5,Gemfan,Hobbywing,20-25,
13.6771194,1250,6135,0.021534649,7.771353311,0.429678462,3.339183138,6.449076859,T-Motor,3800,4.5,2.5,Gemfan,Hobbywing,20-25,
17.8273214,1300,7137,0.029720291,7.767178118,0.628438813,4.881196199,6.08873103,T-Motor,3800,4.5,2.5,Gemfan,Hobbywing,20-25,
21.7271804,1325,7565,0.033675967,7.764438098,0.735182235,5.708276957,5.899497789,T-Motor,3800,4.5,2.5,Gemfan,Hobbywing,20-25,
25.6025592,1350,7919,0.037591442,7.761594155,0.8382412,6.506087996,5.777887118,T-Motor,3800,4.5,2.5,Gemfan,Hobbywing,20-25,
29.5032676,1375,8255,0.041664325,7.758742238,0.94057691,7.297693802,5.709245455,T-Motor,3800,4.5,2.5,Gemfan,Hobbywing,20-25,
33.3777094,1400,8605,0.044808562,7.755402333,1.050527592,8.147264141,5.499829326,T-Motor,3800,4.5,2.5,Gemfan,Hobbywing,20-25,
37.2792168,1425,9038,0.050130496,7.751389179,1.192539882,9.243840733,5.423124107,T-Motor,3800,4.5,2.5,Gemfan,Hobbywing,20-25,
41.1542484,1450,9440,0.054909898,7.747100178,1.332868319,10.32586439,5.317704773,T-Motor,3800,4.5,2.5,Gemfan,Hobbywing,20-25,
45.0291156,1475,9821,0.059843985,7.743096166,1.489588542,11.53402732,5.188472661,T-Motor,3800,4.5,2.5,Gemfan,Hobbywing,20-25,
48.9333478,1500,10188,0.065540577,7.736849078,1.666219849,12.8912915,5.084097064,T-Motor,3800,4.5,2.5,Gemfan,Hobbywing,20-25,
53.0594006,1550,10933,0.076050152,7.728493103,2.035021609,15.72765047,4.835442667,T-Motor,3800,4.5,2.5,Gemfan,Hobbywing,20-25,
57.1796012,1600,11690,0.087841061,7.718063216,2.482316329,19.15867435,4.584923756,T-Motor,3800,4.5,2.5,Gemfan,Hobbywing,20-25,
61.3058568,1650,12487,0.101321712,7.703897228,2.989428124,23.03024703,4.399506106,T-Motor,3800,4.5,2.5,Gemfan,Hobbywing,20-25,
65.4593098,1700,13273,0.116518746,7.687603108,3.615196546,27.79219621,4.192498701,T-Motor,3800,4.5,2.5,Gemfan,Hobbywing,20-25,
69.5785336,1750,13983,0.12997211,7.668165634,4.319874026,33.12550955,3.923625992,T-Motor,3800,4.5,2.5,Gemfan,Hobbywing,20-25,
73.706342,1800,14693,0.147441861,7.646024182,5.088338736,38.90556102,3.789737427,T-Motor,3800,4.5,2.5,Gemfan,Hobbywing,20-25,
77.8345658,1850,15363,0.163751277,7.623333797,5.938354325,45.27005723,3.6172094,T-Motor,3800,4.5,2.5,Gemfan,Hobbywing,20-25,
0.2991022,1000,0,-2.30E-05,11.92308893,0.000861524,0.010272029,,Lumenier,1700,5.1,3.6,Gemfan,Lumenier,35â€“40 ,
9.6079342,1200,3722,0.01492264,11.91448169,0.299584588,3.569395093,4.180719576,Lumenier,1700,5.1,3.6,Gemfan,Lumenier,35â€“40 ,
14.2893546,1300,5474,0.032866096,11.90553275,0.588341798,7.004522537,4.692125116,Lumenier,1700,5.1,3.6,Gemfan,Lumenier,35â€“40 ,
18.442499,1350,6323,0.043309805,11.89730341,0.775028589,9.220750274,4.696993603,Lumenier,1700,5.1,3.6,Gemfan,Lumenier,35â€“40 ,
22.6147376,1400,7122,0.053005838,11.88871249,0.970893211,11.54267025,4.592164289,Lumenier,1700,5.1,3.6,Gemfan,Lumenier,35â€“40 ,
26.7601264,1450,7916,0.066009819,11.87936562,1.209666207,14.37006715,4.593563687,Lumenier,1700,5.1,3.6,Gemfan,Lumenier,35â€“40 ,
30.914708,1500,8690,0.08117301,11.86825693,1.467321674,17.41455062,4.661217626,Lumenier,1700,5.1,3.6,Gemfan,Lumenier,35â€“40 ,
35.085656,1550,9481,0.096015574,11.85531114,1.759229622,20.85621452,4.603691313,Lumenier,1700,5.1,3.6,Gemfan,Lumenier,35â€“40 ,
39.2509044,1600,10282,0.116011628,11.83958599,2.117902853,25.07509293,4.626568229,Lumenier,1700,5.1,3.6,Gemfan,Lumenier,35â€“40 ,
43.3795036,1650,11127,0.134308662,11.8219182,2.517934013,29.76680993,4.512027394,Lumenier,1700,5.1,3.6,Gemfan,Lumenier,35â€“40 ,
47.5496388,1700,11987,0.155024339,11.80138285,2.964359738,34.98354419,4.431350309,Lumenier,1700,5.1,3.6,Gemfan,Lumenier,35â€“40 ,
0.2953634,1000,0,-8.86E-05,12.43362919,0.059602624,0.741076931,,T-motor,1750,6,3,Gemfan,T-motor,35-40,
9.4723794,1200,3945,0.03873129,12.41470046,0.410277843,5.093476531,7.60409711,T-motor,1750,6,3,Gemfan,T-motor,35-40,
13.561539,1250,4797,0.056682203,12.40364907,0.60715217,7.530902457,7.526614914,T-motor,1750,6,3,Gemfan,T-motor,35-40,
17.6745346,1300,5522,0.077039665,12.38973192,0.860320073,10.65913507,7.227571854,T-motor,1750,6,3,Gemfan,T-motor,35-40,
21.5534798,1325,5895,0.086725753,12.37987606,0.996206278,12.33291025,7.032059057,T-motor,1750,6,3,Gemfan,T-motor,35-40,
25.4106626,1350,6266,0.101436349,12.36817779,1.177882481,14.56825993,6.962832161,T-motor,1750,6,3,Gemfan,T-motor,35-40,
29.2677352,1375,6619,0.113330569,12.35522831,1.364857089,16.86312095,6.720616524,T-motor,1750,6,3,Gemfan,T-motor,35-40,
33.1082274,1400,6982,0.123691782,12.34246872,1.537996013,18.98266767,6.516037875,T-motor,1750,6,3,Gemfan,T-motor,35-40,
36.9683802,1425,7315,0.136479887,12.32746408,1.747650147,21.54409441,6.334909442,T-motor,1750,6,3,Gemfan,T-motor,35-40,
40.817291,1450,7656,0.150505975,12.31149585,1.979245585,24.3674738,6.176511212,T-motor,1750,6,3,Gemfan,T-motor,35-40,
44.6629044,1475,7957,0.166105569,12.29248998,2.235772525,27.48321136,6.043892264,T-motor,1750,6,3,Gemfan,T-motor,35-40,
48.5553946,1500,8248,0.183563915,12.27169618,2.525658477,30.99411348,5.922541242,T-motor,1750,6,3,Gemfan,T-motor,35-40,
52.6953808,1550,8856,0.212935538,12.2329767,3.127894092,38.26345554,5.564984528,T-motor,1750,6,3,Gemfan,T-motor,35-40,
56.8063144,1600,9511,0.242034507,12.19083127,3.76663254,45.91838174,5.270972045,T-motor,1750,6,3,Gemfan,T-motor,35-40,
60.9577586,1650,10098,0.273365477,12.13941487,4.556786026,55.31671606,4.941824037,T-motor,1750,6,3,Gemfan,T-motor,35-40,
65.0587708,1700,10654,0.309492165,12.08376364,5.449871636,65.8549607,4.699602908,T-motor,1750,6,3,Gemfan,T-motor,35-40,
69.2065062,1750,11239,0.345078458,12.01997553,6.441626,77.42818689,4.45675498,T-motor,1750,6,3,Gemfan,T-motor,35-40,
73.3319408,1800,11766,0.374553206,11.95223231,7.453806755,89.08962996,4.204228997,T-motor,1750,6,3,Gemfan,T-motor,35-40,
77.4624874,1850,12215,0.409587556,11.87827551,8.553291618,101.5983543,4.031438886,T-motor,1750,6,3,Gemfan,T-motor,35-40,
0.3016518,1000,0,0.000113859,8.341405929,0.586449566,4.891813885,,FlashHobby,2300,5,5,HQProp,Hobbywing,,
9.5782806,1200,3484,0.015684669,8.345962719,0.242893072,2.02717652,7.737199577,FlashHobby,2300,5,5,HQProp,Hobbywing,,
13.727994,1250,4270,0.024329926,8.34311973,0.373786287,3.118543748,7.801694484,FlashHobby,2300,5,5,HQProp,Hobbywing,,
17.8781088,1300,5040,0.035563149,8.339285021,0.546684679,4.558959356,7.800716387,FlashHobby,2300,5,5,HQProp,Hobbywing,,
21.7790522,1325,5410,0.03899436,8.336492231,0.632308518,5.271235052,7.397575606,FlashHobby,2300,5,5,HQProp,Hobbywing,,
25.6544404,1350,5779,0.044998915,8.333885017,0.738164838,6.151780881,7.314778565,FlashHobby,2300,5,5,HQProp,Hobbywing,,
29.5551598,1375,6106,0.051638764,8.330587248,0.856524987,7.135356134,7.237026896,FlashHobby,2300,5,5,HQProp,Hobbywing,,
33.4557528,1400,6444,0.055910166,8.327410744,0.968450648,8.064686334,6.932714246,FlashHobby,2300,5,5,HQProp,Hobbywing,,
37.355412,1425,6784,0.061921405,8.323240675,1.084557465,9.027032807,6.859552448,FlashHobby,2300,5,5,HQProp,Hobbywing,,
41.2312584,1450,7099,0.068904576,8.319898718,1.217927488,10.13303334,6.799994963,FlashHobby,2300,5,5,HQProp,Hobbywing,,
45.1059754,1475,7378,0.074468989,8.31557596,1.346176415,11.19423223,6.652442772,FlashHobby,2300,5,5,HQProp,Hobbywing,,
48.9813308,1500,7679,0.080006124,8.311856912,1.472686178,12.24075678,6.536043953,FlashHobby,2300,5,5,HQProp,Hobbywing,,
53.107465,1550,8221,0.091990464,8.304626027,1.74498526,14.49145001,6.347913034,FlashHobby,2300,5,5,HQProp,Hobbywing,,
57.2325918,1600,8884,0.107907662,8.294926675,2.114980489,17.54360808,6.150824922,FlashHobby,2300,5,5,HQProp,Hobbywing,,
61.3836346,1650,9583,0.124671013,8.283320939,2.566026442,21.25522056,5.865430233,FlashHobby,2300,5,5,HQProp,Hobbywing,,
65.5586424,1700,10276,0.144654741,8.269815109,3.078554602,25.45907736,5.681853234,FlashHobby,2300,5,5,HQProp,Hobbywing,,
69.758768,1750,11002,0.166569165,8.253395483,3.693827902,30.48662253,5.4636805,FlashHobby,2300,5,5,HQProp,Hobbywing,,
73.9100318,1800,11727,0.191505046,8.231310226,4.490127345,36.95963113,5.181465291,FlashHobby,2300,5,5,HQProp,Hobbywing,,
78.0607954,1850,12388,0.212700594,8.21158387,5.204171779,42.73449304,4.977257929,FlashHobby,2300,5,5,HQProp,Hobbywing,,
0.2984312,1000,0,-0.000753306,7.883972674,0.690368709,5.442848034,,T-Motor,2850,6,4,Master Airscrew (MAS),Hobbywing,30-35,
9.5737546,1200,3768,0.029110843,7.888301632,0.449506885,3.545845897,8.209844244,T-Motor,2850,6,4,Master Airscrew (MAS),Hobbywing,30-35,
13.7237674,1250,4524,0.042416126,7.883452289,0.673723086,5.311263801,7.986070262,T-Motor,2850,6,4,Master Airscrew (MAS),Hobbywing,30-35,
17.8751976,1300,5235,0.057628535,7.876238628,0.95655868,7.534084424,7.64904285,T-Motor,2850,6,4,Master Airscrew (MAS),Hobbywing,30-35,
21.7752918,1325,5556,0.065002114,7.872832961,1.101158054,8.66923342,7.498023334,T-Motor,2850,6,4,Master Airscrew (MAS),Hobbywing,30-35,
25.6747372,1350,5841,0.072279372,7.868391719,1.245512036,9.800176587,7.375313209,T-Motor,2850,6,4,Master Airscrew (MAS),Hobbywing,30-35,
29.5765716,1375,6102,0.079070512,7.863839962,1.388344926,10.91772231,7.242399981,T-Motor,2850,6,4,Master Airscrew (MAS),Hobbywing,30-35,
33.4768774,1400,6371,0.086198263,7.858989196,1.547927057,12.16514201,7.085676687,T-Motor,2850,6,4,Master Airscrew (MAS),Hobbywing,30-35,
37.3509002,1425,6643,0.093344888,7.853534792,1.735019281,13.62603429,6.850480919,T-Motor,2850,6,4,Master Airscrew (MAS),Hobbywing,30-35,
41.2279312,1450,6928,0.10056681,7.847295561,1.918747882,15.05698174,6.679081617,T-Motor,2850,6,4,Master Airscrew (MAS),Hobbywing,30-35,
45.1060898,1475,7194,0.111741644,7.839080688,2.152603802,16.8744349,6.621948783,T-Motor,2850,6,4,Master Airscrew (MAS),Hobbywing,30-35,
48.9882448,1500,7475,0.119138904,7.831815817,2.407398898,18.85430477,6.318923199,T-Motor,2850,6,4,Master Airscrew (MAS),Hobbywing,30-35,
53.1410674,1550,8046,0.140793136,7.816785481,2.971476133,23.22739149,6.061513021,T-Motor,2850,6,4,Master Airscrew (MAS),Hobbywing,30-35,
57.2881518,1600,8671,0.161802905,7.799549666,3.640137334,28.39143192,5.69900475,T-Motor,2850,6,4,Master Airscrew (MAS),Hobbywing,30-35,
61.4316578,1650,9310,0.186412187,7.777686092,4.46373998,34.71756836,5.369390658,T-Motor,2850,6,4,Master Airscrew (MAS),Hobbywing,30-35,
65.5814908,1700,9979,0.212733696,7.751404389,5.429334454,42.08496691,5.054861894,T-Motor,2850,6,4,Master Airscrew (MAS),Hobbywing,30-35,
69.7079796,1750,10679,0.253430973,7.721829425,6.585744547,50.85399603,4.983501641,T-Motor,2850,6,4,Master Airscrew (MAS),Hobbywing,30-35,
73.8323706,1800,11429,0.282874336,7.687312274,7.869356743,60.49420268,4.676056933,T-Motor,2850,6,4,Master Airscrew (MAS),Hobbywing,30-35,
77.982056,1850,12101,0.319750228,7.646193248,9.333973342,71.36936394,4.480216865,T-Motor,2850,6,4,Master Airscrew (MAS),Hobbywing,30-35,
0.295653,1000,0,-5.00E-05,7.83423713,0.087833812,0.688110908,,T-Motor,2850,6,3.8,Emax,Hobbywing,30-40,
9.5712234,1200,3719,0.024831028,7.826605254,0.485801218,3.802174364,6.530744239,T-Motor,2850,6,3.8,Emax,Hobbywing,30-40,
13.6956692,1250,4495,0.035979495,7.821946155,0.709925724,5.55300079,6.479288682,T-Motor,2850,6,3.8,Emax,Hobbywing,30-40,
17.8205074,1300,5176,0.050527302,7.814835363,0.999851574,7.813675437,6.466521688,T-Motor,2850,6,3.8,Emax,Hobbywing,30-40,
21.720842,1325,5473,0.056643911,7.811266439,1.149019849,8.975300183,6.311088192,T-Motor,2850,6,3.8,Emax,Hobbywing,30-40,
25.6224818,1350,5732,0.062392203,7.806449596,1.294381161,10.10452129,6.174681773,T-Motor,2850,6,3.8,Emax,Hobbywing,30-40,
29.4979872,1375,5986,0.068728468,7.801467449,1.445559865,11.27748823,6.094306382,T-Motor,2850,6,3.8,Emax,Hobbywing,30-40,
33.3963474,1400,6247,0.076094198,7.796477682,1.607912268,12.53605211,6.070028823,T-Motor,2850,6,3.8,Emax,Hobbywing,30-40,
37.2976028,1425,6511,0.082834825,7.790508719,1.810677754,14.10610083,5.872269485,T-Motor,2850,6,3.8,Emax,Hobbywing,30-40,
41.2005314,1450,6815,0.087440008,7.784261262,1.997296862,15.54748059,5.624062865,T-Motor,2850,6,3.8,Emax,Hobbywing,30-40,
45.1015064,1475,7062,0.098027465,7.776787106,2.243549801,17.44760916,5.618389571,T-Motor,2850,6,3.8,Emax,Hobbywing,30-40,
48.972998,1500,7333,0.10387015,7.767762004,2.493564944,19.36941903,5.362584669,T-Motor,2850,6,3.8,Emax,Hobbywing,30-40,
53.0988106,1550,7889,0.120899313,7.752835262,3.07943792,23.8743749,5.063978162,T-Motor,2850,6,3.8,Emax,Hobbywing,30-40,
57.2266804,1600,8465,0.139834989,7.734648128,3.786249107,29.28530457,4.774920088,T-Motor,2850,6,3.8,Emax,Hobbywing,30-40,
61.375133,1650,9040,0.166317437,7.712691689,4.673121627,36.04234633,4.614500834,T-Motor,2850,6,3.8,Emax,Hobbywing,30-40,
65.5276176,1700,9692,0.189561185,7.686591354,5.672999345,43.60602772,4.347132607,T-Motor,2850,6,3.8,Emax,Hobbywing,30-40,
69.6529966,1750,10367,0.218920375,7.654551459,6.831980568,52.29574683,4.18619847,T-Motor,2850,6,3.8,Emax,Hobbywing,30-40,
73.7779368,1800,11021,0.254757089,7.61705297,8.242541689,62.78387665,4.057683315,T-Motor,2850,6,3.8,Emax,Hobbywing,30-40,
77.9278832,1850,11695,0.284797066,7.576240935,9.757877288,73.92802934,3.85235571,T-Motor,2850,6,3.8,Emax,Hobbywing,30-40,
0.3100618,1000,0,-0.000103094,15.53175483,-0.002030366,0.031535154,,Lumenier,1700,7,5,HQProp,Lumenier,45-50,
9.6397728,1200,4537,0.053240047,15.51057522,0.720105467,11.16925001,4.766662618,Lumenier,1700,7,5,HQProp,Lumenier,45-50,
14.3449636,1300,6371,0.10647211,15.4731182,1.724133621,26.6777233,3.99104934,Lumenier,1700,7,5,HQProp,Lumenier,45-50,
18.5150278,1350,7131,0.12984584,15.44586312,2.265825783,34.9976349,3.710131859,Lumenier,1700,7,5,HQProp,Lumenier,45-50,
22.6923754,1400,7929,0.160860371,15.40510233,3.06023495,47.14323257,3.412162513,Lumenier,1700,7,5,HQProp,Lumenier,45-50,
26.86602,1450,8671,0.192877379,15.361469,4.001593134,61.47034888,3.137730343,Lumenier,1700,7,5,HQProp,Lumenier,45-50,
31.0295878,1500,9378,0.22693604,15.30815133,5.12536193,78.45981606,2.892385575,Lumenier,1700,7,5,HQProp,Lumenier,45-50,
35.188906,1550,10073,0.262837633,15.24592922,6.371344988,97.13707473,2.705842579,Lumenier,1700,7,5,HQProp,Lumenier,45-50,
39.3656828,1600,10802,0.304911816,15.16369794,8.071578524,122.3949787,2.491211804,Lumenier,1700,7,5,HQProp,Lumenier,45-50,
43.550758,1650,11526,0.343008381,15.08028131,9.778969462,147.4696104,2.325959769,Lumenier,1700,7,5,HQProp,Lumenier,45-50,
47.7366768,1700,12109,0.3791616,14.991984,11.55684158,173.259984,2.188396832,Lumenier,1700,7,5,HQProp,Lumenier,45-50,
0.2987242,1000,0,-0.000522695,12.44608385,0.049857579,0.620531609,,T-motor,2850,6,4.2,Gemfan,T-motor,50,
9.574627,1200,5398,0.069088546,12.40767247,0.873420492,10.83711539,6.375178572,T-motor,2850,6,4.2,Gemfan,T-motor,50,
13.7002358,1250,6285,0.09703536,12.38468075,1.304369424,16.15419889,6.006819701,T-motor,2850,6,4.2,Gemfan,T-motor,50,
17.85059,1300,7179,0.130958609,12.35245461,1.881189948,23.23731345,5.635703498,T-motor,2850,6,4.2,Gemfan,T-motor,50,
21.9756984,1350,8017,0.16744642,12.31262003,2.598824672,31.99834071,5.232971979,T-motor,2850,6,4.2,Gemfan,T-motor,50,
26.1263036,1400,8774,0.206337064,12.26681009,3.386673784,41.54368414,4.966749287,T-motor,2850,6,4.2,Gemfan,T-motor,50,
30.7767528,1500,10122,0.279857241,12.15914858,5.452400986,66.29655369,4.221293955,T-motor,2850,6,4.2,Gemfan,T-motor,50,
35.4016568,1600,11322,0.349106918,12.01797357,8.077353929,97.07342604,3.596318091,T-motor,2850,6,4.2,Gemfan,T-motor,50,
40.0287474,1700,12549,0.433181932,11.84422039,11.30053608,133.8460399,3.23641949,T-motor,2850,6,4.2,Gemfan,T-motor,50,
0.3000892,1000,0,0.000235649,12.45068794,0.941128398,11.717696,,EMAX,1700,7,4,,Hobbywing,50-55,
9.5750268,1200,7776,0.053376489,12.45220567,0.589619555,7.342063973,7.26995696,EMAX,1700,7,4,,Hobbywing,50-55,
13.7257762,1250,9463,0.081031355,12.43925545,0.916588435,11.40167769,7.106967691,EMAX,1700,7,4,,Hobbywing,50-55,
17.8767438,1300,11058,0.115003782,12.42020608,1.311631925,16.29073881,7.059457702,EMAX,1700,7,4,,Hobbywing,50-55,
22.0269566,1350,12464,0.150085844,12.39943919,1.762233166,21.85070298,6.868696366,EMAX,1700,7,4,,Hobbywing,50-55,
26.17692,1400,13657,0.182225853,12.37770184,2.250544738,27.85657176,6.541574986,EMAX,1700,7,4,,Hobbywing,50-55,
30.828707,1500,16274,0.267995859,12.32202821,3.630926751,44.74038185,5.990021708,EMAX,1700,7,4,,Hobbywing,50-55,
35.4531824,1600,18710,0.378597185,12.23708977,5.73881195,70.22635701,5.391098177,EMAX,1700,7,4,,Hobbywing,50-55,
40.1038586,1700,21182,0.508271162,12.12205313,8.530147469,103.4029008,4.915443938,EMAX,1700,7,4,,Hobbywing,50-55,
0.3002284,1000,0,0.001452539,12.21153551,-0.002765935,0.033776312,,Lumenier,2550,6,3.5,,Lumenier,35-40,
9.5842712,1200,5881,0.036809482,12.18131894,1.09063977,13.28543089,2.770665244,Lumenier,2550,6,3.5,,Lumenier,35-40,
14.2241288,1300,8120,0.070683398,12.13825172,2.396271321,29.08654449,2.430106389,Lumenier,2550,6,3.5,,Lumenier,35-40,
18.3871638,1350,8984,0.088703711,12.10833238,3.150299408,38.14487233,2.32544261,Lumenier,2550,6,3.5,,Lumenier,35-40,
22.5349946,1400,9810,0.101567427,12.07447954,3.968986546,47.92344685,2.119368157,Lumenier,2550,6,3.5,,Lumenier,35-40,
26.7006212,1450,10578,0.122288746,12.03277196,5.071436569,61.02343976,2.003963499,Lumenier,2550,6,3.5,,Lumenier,35-40,
30.8500774,1500,11500,0.141977756,11.98035821,6.460939303,77.40436725,1.834234437,Lumenier,2550,6,3.5,,Lumenier,35-40,
34.9978498,1550,12200,0.163589956,11.92317404,7.785236286,92.82472715,1.762353209,Lumenier,2550,6,3.5,,Lumenier,35-40,
39.1596322,1600,12940,0.18574496,11.85775387,9.437533626,111.9079509,1.659801278,Lumenier,2550,6,3.5,,Lumenier,35-40,
43.326618,1650,13761,0.209497927,11.77823,11.4976325,135.4217601,1.547003426,Lumenier,2550,6,3.5,,Lumenier,35-40,
47.4841006,1700,14436,0.244248016,11.67770433,14.04820042,164.050731,1.488856615,Lumenier,2550,6,3.5,,Lumenier,35-40,
0.4444378,1000,0,-0.000594043,15.64471708,0.049319391,0.771587916,,FlashHobby,1400,6,4.2,Gemfan,Hobbywing,20,
10.4314888,1200,4116,0.027070003,15.63332466,0.381815972,5.96905306,4.535058129,FlashHobby,1400,6,4.2,Gemfan,Hobbywing,20,
15.6902276,1300,5706,0.052356547,15.61477113,0.846495836,13.21783875,3.96105204,FlashHobby,1400,6,4.2,Gemfan,Hobbywing,20,
20.4091522,1350,6480,0.066421988,15.59725822,1.158904182,18.07572778,3.674650852,FlashHobby,1400,6,4.2,Gemfan,Hobbywing,20,
25.0820032,1400,7193,0.083449189,15.57628463,1.566649799,24.40258319,3.419686696,FlashHobby,1400,6,4.2,Gemfan,Hobbywing,20,
29.755255,1450,7894,0.103170159,15.55172479,2.044213246,31.79104182,3.245258829,FlashHobby,1400,6,4.2,Gemfan,Hobbywing,20,
34.3587686,1500,8543,0.122322587,15.5220785,2.601488015,40.38050118,3.02924886,FlashHobby,1400,6,4.2,Gemfan,Hobbywing,20,
39.0455142,1550,9206,0.136704566,15.48947068,3.174915862,49.17776617,2.779804296,FlashHobby,1400,6,4.2,Gemfan,Hobbywing,20,
43.8323478,1600,9747,0.157891405,15.44961499,3.91569433,60.49596983,2.609949155,FlashHobby,1400,6,4.2,Gemfan,Hobbywing,20,
48.4793008,1650,10404,0.172250921,15.40362695,4.646803666,71.57763018,2.406490978,FlashHobby,1400,6,4.2,Gemfan,Hobbywing,20,
53.0411276,1700,10920,0.194639478,15.35185112,5.615952656,86.21526906,2.257598686,FlashHobby,1400,6,4.2,Gemfan,Hobbywing,20,
57.7199154,1750,11400,0.211239559,15.29594033,6.60482292,101.0269773,2.090922294,FlashHobby,1400,6,4.2,Gemfan,Hobbywing,20,
62.3354408,1800,11819,0.227584446,15.23621211,7.569026121,115.3232874,1.97344744,FlashHobby,1400,6,4.2,Gemfan,Hobbywing,20,
0.3005192,1000,0,-0.000253678,12.07060518,0.047677079,0.575491201,,T-Motor,1500,7,3.7,Gemfan,T-Motor,,
9.5770136,1200,3095,0.039808104,12.05916813,0.339217726,4.090683587,9.731406251,T-Motor,1500,7,3.7,Gemfan,T-Motor,,
13.7020318,1250,3737,0.059166189,12.05031151,0.524021717,6.314624929,9.369707638,T-Motor,1500,7,3.7,Gemfan,T-Motor,,
17.8524892,1300,4378,0.081113131,12.03782191,0.776650069,9.349175211,8.675966465,T-Motor,1500,7,3.7,Gemfan,T-Motor,,
21.9784028,1350,4958,0.103743954,12.02162553,1.081926237,13.00651207,7.976308607,T-Motor,1500,7,3.7,Gemfan,T-Motor,,
26.1042348,1400,5515,0.12950399,12.00167369,1.439586852,17.27745165,7.49554927,T-Motor,1500,7,3.7,Gemfan,T-Motor,,
30.7538464,1500,6545,0.183155245,11.95366779,2.34039632,27.9763201,6.546795429,T-Motor,1500,7,3.7,Gemfan,T-Motor,,
35.4054644,1600,7431,0.242264038,11.88909627,3.487816832,41.46699009,5.842334781,T-Motor,1500,7,3.7,Gemfan,T-Motor,,
40.0299264,1700,8292,0.305872929,11.80915072,5.008058291,59.14091517,5.171934318,T-Motor,1500,7,3.7,Gemfan,T-Motor,,
4,1200,1397.444062,0.981986713,25.07,0.01,0.2507,3916.97931,,,,,,Hobbywing,60,
6,1300,2335.184987,2.978591058,25.03,0.53,13.2659,224.5298893,,,,,,Hobbywing,60,
8,1400,3001.534903,5.243380767,24.98,1.58,39.4684,132.850097,,,,,,Hobbywing,60,
10,1500,3697.010173,8.517689527,24.91,3.2,79.712,106.8558,,,,,,Hobbywing,60,
12,1600,4419.509953,12.96671136,24.8,5.75,142.6,90.93065473,,,,,,Hobbywing,60,
14,1700,5064.851416,17.88378294,24.66,8.76,216.0216,82.7870127,,,,,,Hobbywing,60,
16,1800,5689.470906,22.29915415,24.48,12.47,305.2656,73.04836885,,,,,,Hobbywing,60,
18,1900,6321.156875,27.14586531,24.27,17.08,414.5316,65.48563561,,,,,,Hobbywing,60,
20,2000,6426.581109,28.3277164,24.17,18.31,442.5527,64.00981487,,,,,,Hobbywing,60,
0.299518,1000,0,0.000490568,12.32205853,-0.007751231,0.095511127,,EMAX,2500,6,4.2,Gemfan,EMAX,50,
9.5727998,1200,5390,0.100134177,12.28099117,1.301128091,15.97914259,6.266555069,EMAX,2500,6,4.2,Gemfan,EMAX,50,
13.699833,1250,6458,0.147542226,12.25001342,1.962052178,24.03516551,6.138598277,EMAX,2500,6,4.2,Gemfan,EMAX,50,
17.8253848,1300,7412,0.195881948,12.21517584,2.718933371,33.21224921,5.897882633,EMAX,2500,6,4.2,Gemfan,EMAX,50,
21.9758806,1350,8218,0.244010307,12.17187836,3.639148661,44.29527485,5.508720919,EMAX,2500,6,4.2,Gemfan,EMAX,50,
26.1274274,1400,9014,0.291286892,12.12698485,4.620144199,56.02841871,5.198913318,EMAX,2500,6,4.2,Gemfan,EMAX,50,
30.7519176,1500,10358,0.378926997,12.04122848,6.637739018,79.92653209,4.740941303,EMAX,2500,6,4.2,Gemfan,EMAX,50,
35.4025984,1600,11850,0.498196469,11.91428094,9.711716343,115.708117,4.305631116,EMAX,2500,6,4.2,Gemfan,EMAX,50,
40.0525676,1700,13448,0.658783846,11.73313561,14.22182645,166.8666183,3.947966663,EMAX,2500,6,4.2,Gemfan,EMAX,50,
0.3013966,1000,0,-0.001226358,12.52651481,0.012155267,0.152263134,,,2550,,,,,40- 60,
9.5774302,1200,5794,0.088056059,12.48933064,1.22156988,15.25659013,5.771673608,,2550,,,,,40- 60,
13.7271724,1250,6959,0.126532948,12.46256214,1.842997257,22.96846783,5.508985163,,2550,,,,,40- 60,
17.8525284,1300,7991,0.168750981,12.42986599,2.580578229,32.07624155,5.260933719,,2550,,,,,40- 60,
22.0015754,1350,8776,0.214665307,12.39212683,3.351087493,41.52710123,5.169282238,,2550,,,,,40- 60,
26.1543708,1400,9615,0.2577556,12.34969349,4.319727517,53.3473108,4.831651228,,2550,,,,,40- 60,
30.7948824,1500,11192,0.360106231,12.25124502,6.814060179,83.48072086,4.313645439,,2550,,,,,40- 60,
35.455463,1600,12643,0.473550155,12.11893767,10.13878504,122.871304,3.854033769,,2550,,,,,40- 60,
40.1043116,1700,14226,0.600073684,11.93579789,14.6682554,175.077332,3.42747789,,2550,,,,,40- 60,
0.300617,1000,0,0.00017355,11.76719874,0.007218012,0.084935787,,T-motor,3550,5,3.5,Gemfan,T-motor,30,
9.576649,1200,6656,0.068067413,11.7249925,1.083808322,12.70764444,5.356414674,T-motor,3550,5,3.5,Gemfan,T-motor,30,
14.2025436,1300,8831,0.124263157,11.66658744,2.237104382,26.09937389,4.761154726,T-motor,3550,5,3.5,Gemfan,T-motor,30,
18.3277456,1350,9711,0.148648576,11.62899551,2.889078805,33.59708443,4.424448681,T-motor,3550,5,3.5,Gemfan,T-motor,30,
22.4524162,1400,10559,0.178809275,11.58080295,3.749693446,43.42446091,4.117708564,T-motor,3550,5,3.5,Gemfan,T-motor,30,
26.602242,1450,11426,0.208478666,11.52402186,4.719574899,54.3884843,3.833139838,T-motor,3550,5,3.5,Gemfan,T-motor,30,
30.7533872,1500,12046,0.238513345,11.46316035,5.794264781,66.42058627,3.590955135,T-motor,3550,5,3.5,Gemfan,T-motor,30,
34.9043154,1550,12820,0.259888964,11.40235567,6.826904593,77.84279428,3.338638675,T-motor,3550,5,3.5,Gemfan,T-motor,30,
39.0540922,1600,13508,0.29081399,11.32643693,8.15155714,92.32809779,3.149788599,T-motor,3550,5,3.5,Gemfan,T-motor,30,
43.179839,1650,14218,0.327891968,11.241119,9.745059724,109.545376,2.993206834,T-motor,3550,5,3.5,Gemfan,T-motor,30,
47.3068172,1700,15043,0.364445636,11.14279788,11.5866044,129.1071909,2.822814384,T-motor,3550,5,3.5,Gemfan,T-motor,30,
0.297361,1000,0,2.96E-06,8.209959405,0.009980244,0.081937394,,FlashHobby,3100,5.2,2.6,Gemfan,Hobbywing,20-30,
9.5290362,1200,4207,0.022637589,8.203415441,0.32550259,2.67023297,8.477757847,FlashHobby,3100,5.2,2.6,Gemfan,Hobbywing,20-30,
13.6555536,1250,5038,0.031901449,8.200073747,0.502966295,4.124360712,7.734883366,FlashHobby,3100,5.2,2.6,Gemfan,Hobbywing,20-30,
17.7578762,1300,5847,0.044089294,8.194057902,0.748524049,6.133449402,7.188335827,FlashHobby,3100,5.2,2.6,Gemfan,Hobbywing,20-30,
21.6476042,1325,6200,0.051193254,8.189808328,0.900720867,7.376731253,6.939829064,FlashHobby,3100,5.2,2.6,Gemfan,Hobbywing,20-30,
25.5051124,1350,6556,0.057957392,8.185546064,1.057265074,8.654291962,6.696953685,FlashHobby,3100,5.2,2.6,Gemfan,Hobbywing,20-30,
29.3733694,1375,6910,0.064538824,8.180728793,1.226267317,10.03176035,6.433449516,FlashHobby,3100,5.2,2.6,Gemfan,Hobbywing,20-30,
33.2312966,1400,7272,0.070941248,8.17584672,1.396941724,11.42118141,6.211375665,FlashHobby,3100,5.2,2.6,Gemfan,Hobbywing,20-30,
37.1083396,1425,7591,0.079408178,8.169909656,1.598906095,13.06291835,6.078900289,FlashHobby,3100,5.2,2.6,Gemfan,Hobbywing,20-30,
40.9820862,1450,7895,0.087194986,8.163856665,1.812199018,14.79453303,5.893730205,FlashHobby,3100,5.2,2.6,Gemfan,Hobbywing,20-30,
44.882774,1475,8203,0.094582107,8.157218401,2.04122081,16.65068395,5.680373689,FlashHobby,3100,5.2,2.6,Gemfan,Hobbywing,20-30,
48.7602246,1500,8523,0.101935921,8.151129477,2.27657752,18.55667813,5.493220284,FlashHobby,3100,5.2,2.6,Gemfan,Hobbywing,20-30,
52.9086344,1550,9124,0.118916965,8.136531737,2.842212486,23.1257521,5.142187987,FlashHobby,3100,5.2,2.6,Gemfan,Hobbywing,20-30,
57.0345,1600,9716,0.136152801,8.12091141,3.468408583,28.16663883,4.833832047,FlashHobby,3100,5.2,2.6,Gemfan,Hobbywing,20-30,
61.158166,1650,10329,0.158135449,8.100337704,4.291826653,34.76524525,4.548664841,FlashHobby,3100,5.2,2.6,Gemfan,Hobbywing,20-30,
65.285452,1700,10953,0.179489915,8.079108505,5.160932198,41.69573122,4.304755177,FlashHobby,3100,5.2,2.6,Gemfan,Hobbywing,20-30,
69.4066954,1750,11564,0.201919911,8.05465265,6.153214428,49.5620049,4.074086816,FlashHobby,3100,5.2,2.6,Gemfan,Hobbywing,20-30,
73.5365358,1800,12154,0.224909332,8.026024451,7.268093211,58.33389382,3.855551506,FlashHobby,3100,5.2,2.6,Gemfan,Hobbywing,20-30,
77.6864094,1850,12722,0.247197239,7.990424836,8.449008128,67.51116439,3.661575698,FlashHobby,3100,5.2,2.6,Gemfan,Hobbywing,20-30,
0.5518608,1000,0,0.000123017,15.67580745,0.047951168,0.751673277,,,1430,7,3.5,Gemfan,Hobbywing,30,
10.4406768,1200,3734,0.021076642,15.66669127,0.281178595,4.405138243,4.784558498,,1430,7,3.5,Gemfan,Hobbywing,30,
15.6088332,1300,5317,0.043715112,15.65154171,0.661990647,10.36117422,4.219127215,,1430,7,3.5,Gemfan,Hobbywing,30,
20.2392498,1350,6026,0.055531678,15.6388504,0.927613136,14.50680306,3.827974916,,1430,7,3.5,Gemfan,Hobbywing,30,
24.6947542,1400,6660,0.067572599,15.62409981,1.237552474,19.33564338,3.494716863,,1430,7,3.5,Gemfan,Hobbywing,30,
29.295438,1450,7219,0.082422582,15.6040888,1.608990728,25.10683419,3.282874332,,1430,7,3.5,Gemfan,Hobbywing,30,
33.8779822,1500,7803,0.096207221,15.58057161,2.013777817,31.37580949,3.06628651,,1430,7,3.5,Gemfan,Hobbywing,30,
38.6309988,1550,8361,0.106882307,15.55542751,2.460140621,38.26853909,2.792954972,,1430,7,3.5,Gemfan,Hobbywing,30,
43.2245902,1600,8678,0.125115203,15.52143545,3.100118037,48.11828199,2.600159405,,1430,7,3.5,Gemfan,Hobbywing,30,
47.8497974,1650,8960,0.138860442,15.48586212,3.767588237,58.34435198,2.380015149,,1430,7,3.5,Gemfan,Hobbywing,30,
52.4390736,1700,9171,0.150794814,15.44564756,4.495502502,69.43594724,2.171711051,,1430,7,3.5,Gemfan,Hobbywing,30,
56.9118828,1750,9283,0.16087251,15.39819425,5.289379723,81.44689641,1.975182815,,1430,7,3.5,Gemfan,Hobbywing,30,
61.683406,1800,9428,0.164309569,15.35346826,6.016530973,92.37461734,1.778730718,,1430,7,3.5,Gemfan,Hobbywing,30,
0.3001888,1000,0,-0.000396293,12.30179837,0.00622933,0.076631966,,T-motor,2850,6,4.5,Master Airscrew,T-motor,50-60,
9.5761498,1200,5675,0.069080665,12.27905593,0.744042099,9.136134544,7.561257455,T-motor,2850,6,4.5,Master Airscrew,T-motor,50-60,
13.725074,1250,6774,0.096986115,12.26141655,1.166265892,14.30007191,6.782211715,T-motor,2850,6,4.5,Master Airscrew,T-motor,50-60,
17.878235,1300,7669,0.125530366,12.23930353,1.621568251,19.84686601,6.324946507,T-motor,2850,6,4.5,Master Airscrew,T-motor,50-60,
21.7788672,1325,8088,0.141958053,12.22313724,1.912953528,23.3822935,6.071177463,T-motor,2850,6,4.5,Master Airscrew,T-motor,50-60,
25.654814,1350,8572,0.157941348,12.20740909,2.201642835,26.87635475,5.876591136,T-motor,2850,6,4.5,Master Airscrew,T-motor,50-60,
29.5307854,1375,9033,0.174895784,12.1873215,2.572085036,31.34682726,5.579377553,T-motor,2850,6,4.5,Master Airscrew,T-motor,50-60,
33.4032998,1400,9464,0.19120278,12.16692196,2.944700216,35.82793773,5.336695119,T-motor,2850,6,4.5,Master Airscrew,T-motor,50-60,
37.30491,1425,9901,0.208929226,12.14403958,3.361634691,40.82382475,5.117825856,T-motor,2850,6,4.5,Master Airscrew,T-motor,50-60,
41.2049936,1450,10339,0.225584539,12.12096462,3.800880435,46.07033728,4.896524582,T-motor,2850,6,4.5,Master Airscrew,T-motor,50-60,
45.0940902,1475,10724,0.243278914,12.09567454,4.2726645,51.6807592,4.707340181,T-motor,2850,6,4.5,Master Airscrew,T-motor,50-60,
49.005838,1500,11164,0.267670142,12.06414429,4.861424829,58.64893059,4.563939009,T-motor,2850,6,4.5,Master Airscrew,T-motor,50-60,
53.6314842,1600,12504,0.344637026,11.97337716,7.238208066,86.66579512,3.976621055,T-motor,2850,6,4.5,Master Airscrew,T-motor,50-60,
58.2568236,1700,13980,0.434584526,11.84541623,10.26958762,121.6475399,3.57248923,T-motor,2850,6,4.5,Master Airscrew,T-motor,50-60,
0,1000,0,0.000248722,8.083000056,0.04982635,0.402746387,,T-Motor,2850,7,6,GEMFAN,Hobbywing,30,
17.4908996,1300,4550,0.042855626,8.070031304,0.713867662,5.760934382,7.439006114,T-Motor,2850,7,6,GEMFAN,Hobbywing,30,
21.3900704,1325,5138,0.054394656,8.064208356,0.938444535,7.567812263,7.187632871,T-Motor,2850,7,6,GEMFAN,Hobbywing,30,
25.2519238,1350,5685,0.066891502,8.058531911,1.179232509,9.502882803,7.039074738,T-Motor,2850,7,6,GEMFAN,Hobbywing,30,
29.1410988,1375,6163,0.078814813,8.050757886,1.415343402,11.39458706,6.916864392,T-Motor,2850,7,6,GEMFAN,Hobbywing,30,
33.0413466,1400,6569,0.08982015,8.044475548,1.652389655,13.29260818,6.757150205,T-Motor,2850,7,6,GEMFAN,Hobbywing,30,
36.9158092,1425,6983,0.102181467,8.036168659,1.925003938,15.46965632,6.605283585,T-Motor,2850,7,6,GEMFAN,Hobbywing,30,
40.816604,1450,7433,0.116709218,8.027858162,2.28056377,18.30804247,6.374751336,T-Motor,2850,7,6,GEMFAN,Hobbywing,30,
44.7166142,1475,7868,0.131711892,8.014404654,2.646761249,21.21221568,6.209247249,T-Motor,2850,7,6,GEMFAN,Hobbywing,30,
48.6161598,1500,8276,0.14573284,8.000193177,3.064976868,24.52040703,5.943328752,T-Motor,2850,7,6,GEMFAN,Hobbywing,30,
52.7669282,1550,9184,0.180425502,7.975842819,4.109006648,32.77279117,5.505344379,T-Motor,2850,7,6,GEMFAN,Hobbywing,30,
56.916983,1600,10042,0.217951552,7.942497547,5.414085598,43.00136158,5.068480241,T-Motor,2850,7,6,GEMFAN,Hobbywing,30,
61.0673142,1650,10905,0.258947975,7.902572883,7.068972235,55.86306829,4.635405512,T-Motor,2850,7,6,GEMFAN,Hobbywing,30,
65.2174702,1700,11854,0.307980555,7.856173391,8.884847158,69.80089983,4.412271989,T-Motor,2850,7,6,GEMFAN,Hobbywing,30,
69.3672552,1750,12654,0.350755866,7.803503609,10.81532826,84.39745309,4.156000606,T-Motor,2850,7,6,GEMFAN,Hobbywing,30,
73.5179652,1800,13261,0.386584463,7.746693113,12.78835732,99.06747959,3.902233753,T-Motor,2850,7,6,GEMFAN,Hobbywing,30,
77.6678218,1850,13802,0.415080297,7.707313859,14.05330287,108.3132159,3.832222073,T-Motor,2850,7,6,GEMFAN,Hobbywing,30,
0.285148,1000,0,-0.000280904,8.31679087,0.034841934,0.289773077,,FlashHobby,3150,5.1,2.6,Gemfan,EMAX,20-25,
9.443433,1200,4954,0.022804248,8.310521486,0.405050855,3.366183833,6.774510632,FlashHobby,3150,5.1,2.6,Gemfan,EMAX,20-25,
13.5318746,1250,6030,0.033567779,8.305787433,0.62526149,5.193289026,6.463683983,FlashHobby,3150,5.1,2.6,Gemfan,EMAX,20-25,
17.6311058,1300,6969,0.047780386,8.299590726,0.899355027,7.464278639,6.401206101,FlashHobby,3150,5.1,2.6,Gemfan,EMAX,20-25,
21.476374,1325,7420,0.053695864,8.295261152,1.028014637,8.527649886,6.296677849,FlashHobby,3150,5.1,2.6,Gemfan,EMAX,20-25,
25.3025328,1350,7837,0.060689537,8.291120449,1.189465648,9.86200296,6.153875359,FlashHobby,3150,5.1,2.6,Gemfan,EMAX,20-25,
29.154792,1375,8175,0.069539316,8.286660484,1.358482905,11.25728661,6.177271507,FlashHobby,3150,5.1,2.6,Gemfan,EMAX,20-25,
33.0273266,1400,8585,0.074585159,8.28169958,1.504301071,12.45816954,5.986847299,FlashHobby,3150,5.1,2.6,Gemfan,EMAX,20-25,
36.8572096,1425,8879,0.079923206,8.278569803,1.642005729,13.59345904,5.879534099,FlashHobby,3150,5.1,2.6,Gemfan,EMAX,20-25,
40.6958734,1450,9240,0.08792249,8.272748545,1.844727282,15.26096494,5.761266771,FlashHobby,3150,5.1,2.6,Gemfan,EMAX,20-25,
44.5708056,1475,9590,0.094860761,8.265957342,2.059421656,17.02309156,5.572475529,FlashHobby,3150,5.1,2.6,Gemfan,EMAX,20-25,
48.4497706,1500,9945,0.103188363,8.259549798,2.312368175,19.09912009,5.402781017,FlashHobby,3150,5.1,2.6,Gemfan,EMAX,20-25,
52.5751022,1550,10716,0.121019784,8.246351693,2.80936069,23.16697628,5.223805759,FlashHobby,3150,5.1,2.6,Gemfan,EMAX,20-25,
56.7084244,1600,11647,0.14658885,8.228776186,3.519042672,28.95741454,5.062221619,FlashHobby,3150,5.1,2.6,Gemfan,EMAX,20-25,
60.8223708,1650,12405,0.167347986,8.210705266,4.246642923,34.86793341,4.799481056,FlashHobby,3150,5.1,2.6,Gemfan,EMAX,20-25,
64.933766,1700,13192,0.193113657,8.186211501,5.164249161,42.27563588,4.567965765,FlashHobby,3150,5.1,2.6,Gemfan,EMAX,20-25,
69.0593166,1750,14039,0.219239544,8.160649562,6.27734,51.22717192,4.279751078,FlashHobby,3150,5.1,2.6,Gemfan,EMAX,20-25,
73.2097044,1800,14957,0.246712956,8.133510696,7.323567518,59.56631474,4.141820041,FlashHobby,3150,5.1,2.6,Gemfan,EMAX,20-25,
77.3349934,1850,15732,0.277300993,8.100416963,8.622681366,69.8473144,3.970102433,FlashHobby,3150,5.1,2.6,Gemfan,EMAX,20-25,
0.300869,1000,0,0.000762096,12.76737611,0.045877643,0.585737124,,T-motor,1500,3.5,,Gemfan,T-motor,30-35,
9.5759906,1200,3497,0.036538508,12.74967901,0.325764367,4.153391112,8.797271162,T-motor,1500,3.5,,Gemfan,T-motor,30-35,
13.7010084,1250,4210,0.053651826,12.73766682,0.482109827,6.140954343,8.736724458,T-motor,1500,3.5,,Gemfan,T-motor,30-35,
17.8512622,1300,4889,0.073781872,12.7219661,0.68519957,8.7170857,8.46405266,T-motor,1500,3.5,,Gemfan,T-motor,30-35,
21.7280742,1325,5228,0.086332016,12.71059708,0.828389936,10.5293307,8.199193118,T-motor,1500,3.5,,Gemfan,T-motor,30-35,
25.6030158,1350,5576,0.09856975,12.69840926,0.969136063,12.30648636,8.009577015,T-motor,1500,3.5,,Gemfan,T-motor,30-35,
29.4781524,1375,5896,0.112154316,12.68529017,1.127437237,14.3018685,7.841934488,T-motor,1500,3.5,,Gemfan,T-motor,30-35,
33.3790004,1400,6220,0.124965693,12.66952461,1.298114794,16.44649733,7.598316574,T-motor,1500,3.5,,Gemfan,T-motor,30-35,
37.2795856,1425,6524,0.142047729,12.65242728,1.470319355,18.60310871,7.635698473,T-motor,1500,3.5,,Gemfan,T-motor,30-35,
41.1544584,1450,6801,0.156445736,12.63403956,1.673739962,21.1460969,7.398326817,T-motor,1500,3.5,,Gemfan,T-motor,30-35,
45.053541,1475,7103,0.170378633,12.61635464,1.862073403,23.49257842,7.252445026,T-motor,1500,3.5,,Gemfan,T-motor,30-35,
48.929312,1500,7373,0.185538332,12.59376181,2.07144195,26.08724652,7.11222368,T-motor,1500,3.5,,Gemfan,T-motor,30-35,
53.0555598,1550,7924,0.217142751,12.55513741,2.57368611,32.31298278,6.719984741,T-motor,1500,3.5,,Gemfan,T-motor,30-35,
57.2087974,1600,8460,0.247500062,12.51168358,3.114007983,38.96148254,6.352429257,T-motor,1500,3.5,,Gemfan,T-motor,30-35,
61.3322666,1650,8969,0.281272235,12.46005485,3.763125729,46.88875297,5.998714336,T-motor,1500,3.5,,Gemfan,T-motor,30-35,
65.457744,1700,9469,0.314298508,12.40138675,4.494747285,55.74109942,5.638541602,T-motor,1500,3.5,,Gemfan,T-motor,30-35,
69.6070636,1750,9949,0.350761567,12.34107441,5.289498653,65.27809645,5.373342462,T-motor,1500,3.5,,Gemfan,T-motor,30-35,
73.7574068,1800,10404,0.381910941,12.2788892,6.124663854,75.20406888,5.078328167,T-motor,1500,3.5,,Gemfan,T-motor,30-35,
,1000,0,-0.000382237,12.10486036,0.00915843,0.110861515,,T-motor,2850,6,4.2,Gemfan,T-motor,55,
,1200,4915,0.073743803,12.07592393,0.859014219,10.37339036,7.108939314,T-motor,2850,6,4.2,Gemfan,T-motor,55,
,1250,5895,0.107342187,12.0515134,1.397692723,16.84431258,6.372607169,T-motor,2850,6,4.2,Gemfan,T-motor,55,
,1300,6752,0.143311641,12.01988373,2.071871719,24.90365717,5.754642384,T-motor,2850,6,4.2,Gemfan,T-motor,55,
,1350,7526,0.178948633,11.97993047,2.891744018,34.64289227,5.165522322,T-motor,2850,6,4.2,Gemfan,T-motor,55,
,1400,8181,0.218620877,11.93327697,3.84247403,45.85330685,4.767832299,T-motor,2850,6,4.2,Gemfan,T-motor,55,
,1500,9297,0.287991905,11.82963135,6.29607152,74.48020506,3.866690544,T-motor,2850,6,4.2,Gemfan,T-motor,55,
,1600,10393,0.36362779,11.69891961,9.138510124,106.9106953,3.401229304,T-motor,2850,6,4.2,Gemfan,T-motor,55,
,1700,11294,0.42503568,11.55057008,12.19853894,140.9000789,3.016575176,T-motor,2850,6,4.2,Gemfan,T-motor,55,
0,1000,0,0,49.42,0,0,,Vector Technics,160,20-30,4,Light Master ,Hobbywing,80,
2,1100,0,0,49.42,0,0,,Vector Technics,160,20-30,4,Light Master ,Hobbywing,80,
4,1200,986.7288162,0.224337567,49.41,0.33,16.3053,13.75856727,Vector Technics,160,20-30,4,Light Master ,Hobbywing,80,
6,1300,1774.06832,0.798437795,49.34,1.28,63.1552,12.64247116,Vector Technics,160,20-30,4,Light Master ,Hobbywing,80,
8,1400,2358.103299,1.501022266,49.22,3.14,154.5508,9.712161086,Vector Technics,160,20-30,4,Light Master ,Hobbywing,80,
10,1500,3193.953229,2.794022424,48.9,7.6,371.64,7.518088536,Vector Technics,160,20-30,4,Light Master ,Hobbywing,80,
12,1600,3804.153281,3.916729974,48.54,12.78,620.3412,6.313831766,Vector Technics,160,20-30,4,Light Master ,Hobbywing,80,
14,1700,4325.640367,4.976215119,48.05,19.57,940.3385,5.29194021,Vector Technics,160,20-30,4,Light Master ,Hobbywing,80,
16,1800,4706.561808,5.843993617,47.37,29.24,1385.0988,4.219188997,Vector Technics,160,20-30,4,Light Master ,Hobbywing,80,
18,1900,4866.512526,6.168263372,46.64,39.27,1831.5528,3.36777808,Vector Technics,160,20-30,4,Light Master ,Hobbywing,80,
20,2000,4980.817606,6.247801237,46.69,36.75,1715.8575,3.641212185,Vector Technics,160,20-30,4,Light Master ,Hobbywing,80,
0.297531,1000,0,0.000267524,8.273754077,0.020464856,0.169321183,,BrotherHobby,2800,5.5,5.2,Gemfan,BrotherHobby,40,
9.5730794,1200,3787,0.037220673,8.263423634,0.591876377,4.890925244,7.610149686,BrotherHobby,2800,5.5,5.2,Gemfan,BrotherHobby,40,
13.7228398,1250,4544,0.049695497,8.25627696,0.892779484,7.371034681,6.741997467,BrotherHobby,2800,5.5,5.2,Gemfan,BrotherHobby,40,
17.8742718,1300,5085,0.06605855,8.248187424,1.224156066,10.09706867,6.542349311,BrotherHobby,2800,5.5,5.2,Gemfan,BrotherHobby,40,
21.7738804,1325,5374,0.07345516,8.242422924,1.394908689,11.49742735,6.388834471,BrotherHobby,2800,5.5,5.2,Gemfan,BrotherHobby,40,
25.6745748,1350,5644,0.083236489,8.235022511,1.608746178,13.24806099,6.282918644,BrotherHobby,2800,5.5,5.2,Gemfan,BrotherHobby,40,
29.575066,1375,5943,0.089215808,8.228808161,1.827236596,15.03597942,5.933488319,BrotherHobby,2800,5.5,5.2,Gemfan,BrotherHobby,40,
33.4510322,1400,6172,0.100738269,8.221186202,2.101394014,17.27595148,5.831127094,BrotherHobby,2800,5.5,5.2,Gemfan,BrotherHobby,40,
37.325798,1425,6449,0.108169507,8.213431357,2.367307075,19.44371416,5.563212137,BrotherHobby,2800,5.5,5.2,Gemfan,BrotherHobby,40,
41.2261888,1450,6725,0.116640241,8.205312015,2.621911724,21.51360377,5.421696987,BrotherHobby,2800,5.5,5.2,Gemfan,BrotherHobby,40,
45.1267186,1475,6953,0.126585466,8.194478605,2.937494437,24.07123532,5.258785603,BrotherHobby,2800,5.5,5.2,Gemfan,BrotherHobby,40,
49.0030412,1500,7228,0.132966094,8.185801538,3.217922708,26.34127665,5.04782271,BrotherHobby,2800,5.5,5.2,Gemfan,BrotherHobby,40,
53.152168,1550,7712,0.155197969,8.166945624,3.997409493,32.64662596,4.753874699,BrotherHobby,2800,5.5,5.2,Gemfan,BrotherHobby,40,
57.2777874,1600,8272,0.173878632,8.146417366,4.8243721,39.30134866,4.424240848,BrotherHobby,2800,5.5,5.2,Gemfan,BrotherHobby,40,
61.4028374,1650,8850,0.198082681,8.119432375,5.90831164,47.97213681,4.129119398,BrotherHobby,2800,5.5,5.2,Gemfan,BrotherHobby,40,
65.528397,1700,9360,0.229114231,8.087951035,7.199971896,58.23302014,3.934438404,BrotherHobby,2800,5.5,5.2,Gemfan,BrotherHobby,40,
69.6546766,1750,9977,0.257832495,8.053302571,8.577127374,69.07420194,3.732688725,BrotherHobby,2800,5.5,5.2,Gemfan,BrotherHobby,40,
73.8053792,1800,10600,0.290230545,8.010439376,10.19901456,81.6985878,3.552454852,BrotherHobby,2800,5.5,5.2,Gemfan,BrotherHobby,40,
77.931014,1850,11101,0.32709598,7.960741648,12.12543769,96.52747683,3.388630787,BrotherHobby,2800,5.5,5.2,Gemfan,BrotherHobby,40,
0.295032,1000,0,0.000151186,12.18178876,0.006653797,0.081055146,8.965254,MultiStar Elite,2150,7,3.5,Gemfan,MultiStar Elite,30,
9.543878,1200,4469,0.063510176,12.16214012,0.613401087,7.460269968,8.513120397,MultiStar Elite,2150,7,3.5,Gemfan,MultiStar Elite,30,
13.6977094,1250,5396,0.094722599,12.14616618,0.989366615,12.01701132,7.882375787,MultiStar Elite,2150,7,3.5,Gemfan,MultiStar Elite,30,
17.8472138,1300,6124,0.123290346,12.12920107,1.366919976,16.57964724,7.436246645,MultiStar Elite,2150,7,3.5,Gemfan,MultiStar Elite,30,
21.9961798,1350,6854,0.15478986,12.10566892,1.851323929,22.41151455,6.906711246,MultiStar Elite,2150,7,3.5,Gemfan,MultiStar Elite,30,
26.1458856,1400,7550,0.194722266,12.07658012,2.469541016,29.82360993,6.529131335,MultiStar Elite,2150,7,3.5,Gemfan,MultiStar Elite,30,
30.7963638,1500,8926,0.277293085,12.01049927,4.035942708,48.47368696,5.720486763,MultiStar Elite,2150,7,3.5,Gemfan,MultiStar Elite,30,
35.4480066,1600,10190,0.365751554,11.91703883,6.176038044,73.60008519,4.969444713,MultiStar Elite,2150,7,3.5,Gemfan,MultiStar Elite,30,
40.0979322,1700,11396,0.470960803,11.7950146,8.956428285,105.6412024,4.458116649,MultiStar Elite,2150,7,3.5,Gemfan,MultiStar Elite,30,
0.3213472,1000,0,-1.70E-05,15.60730453,-0.001463401,0.022839749,,Lumenier,1700,5.5,3.6,Gemfan,Lumenier,35-40,
9.6147432,1200,4814,0.022758689,15.59140598,0.457713944,7.136403918,3.1890977,Lumenier,1700,5.5,3.6,Gemfan,Lumenier,35-40,
14.2594774,1300,7027,0.048092313,15.57048444,1.031160282,16.05566513,2.995348533,Lumenier,1700,5.5,3.6,Gemfan,Lumenier,35-40,
18.4026188,1350,8033,0.063047652,15.55421307,1.370601687,21.31863067,2.957396909,Lumenier,1700,5.5,3.6,Gemfan,Lumenier,35-40,
22.5459566,1400,9015,0.078887425,15.53395927,1.788414123,27.78115215,2.83960234,Lumenier,1700,5.5,3.6,Gemfan,Lumenier,35-40,
26.7155566,1450,9961,0.097074755,15.50954702,2.263471099,35.10541144,2.765236202,Lumenier,1700,5.5,3.6,Gemfan,Lumenier,35-40,
30.9066304,1500,10837,0.116480966,15.48234476,2.833285711,43.86590618,2.655387206,Lumenier,1700,5.5,3.6,Gemfan,Lumenier,35-40,
35.0925788,1550,11823,0.135273506,15.44832482,3.502167978,54.10262848,2.500313015,Lumenier,1700,5.5,3.6,Gemfan,Lumenier,35-40,
39.278261,1600,12642,0.151233804,15.41128745,4.121684416,63.52046333,2.380867459,Lumenier,1700,5.5,3.6,Gemfan,Lumenier,35-40,
43.4470584,1650,13515,0.178959902,15.3633194,5.120438298,78.66692906,2.274906416,Lumenier,1700,5.5,3.6,Gemfan,Lumenier,35-40,
47.625505,1700,14437,0.201591337,15.31200425,6.199613135,94.92850269,2.123612315,Lumenier,1700,5.5,3.6,Gemfan,Lumenier,35-40,
0.5920694,1000,0,-0.000695181,12.55824338,-0.030219459,0.379503326,,PrimoPal,1400,5.5,3.6,Gemfan,Hobbywing,25-30,
11.3377154,1200,3380,0.009977154,12.55285268,0.111515143,1.39983316,7.127388004,PrimoPal,1400,5.5,3.6,Gemfan,Hobbywing,25-30,
16.6689304,1300,4730,0.020245072,12.54505375,0.279683677,3.50864676,5.770051331,PrimoPal,1400,5.5,3.6,Gemfan,Hobbywing,25-30,
21.6523374,1350,5394,0.028120305,12.53814336,0.419169927,5.255612634,5.350528537,PrimoPal,1400,5.5,3.6,Gemfan,Hobbywing,25-30,
26.5617724,1400,6066,0.034463985,12.53044855,0.579140784,7.256893792,4.749137349,PrimoPal,1400,5.5,3.6,Gemfan,Hobbywing,25-30,
31.5191412,1450,6722,0.041038535,12.52025584,0.768472892,9.621477223,4.265305056,PrimoPal,1400,5.5,3.6,Gemfan,Hobbywing,25-30,
36.4259972,1500,7328,0.049740812,12.50887438,0.991756656,12.40575943,4.009493506,PrimoPal,1400,5.5,3.6,Gemfan,Hobbywing,25-30,
41.4122474,1550,7905,0.059358876,12.4935349,1.25824784,15.71996331,3.776018737,PrimoPal,1400,5.5,3.6,Gemfan,Hobbywing,25-30,
46.4489584,1600,8474,0.069693377,12.4766464,1.567165659,19.55297177,3.564336809,PrimoPal,1400,5.5,3.6,Gemfan,Hobbywing,25-30,
51.3825316,1650,9051,0.081044608,12.45708763,1.896921562,23.63011812,3.429716569,PrimoPal,1400,5.5,3.6,Gemfan,Hobbywing,25-30,
56.4548812,1700,9597,0.091267522,12.43465355,2.290570186,28.4824467,3.204342763,PrimoPal,1400,5.5,3.6,Gemfan,Hobbywing,25-30,
61.4326796,1750,10115,0.10144404,12.40567722,2.68713542,33.33573467,3.043101982,PrimoPal,1400,5.5,3.6,Gemfan,Hobbywing,25-30,
66.407176,1800,10609,0.11259992,12.37823092,3.158019142,39.09069019,2.88047919,PrimoPal,1400,5.5,3.6,Gemfan,Hobbywing,25-30,
0.3439626,1000,0,-9.26E-05,12.0166632,-0.003456209,0.041532101,,Lumenier,2550,6,4,Gemfan,Lumenier,40-45,
9.6833026,1200,5916,0.032644357,11.991445,0.943205717,11.31039947,2.886224936,Lumenier,2550,6,4,Gemfan,Lumenier,40-45,
14.3286446,1300,8315,0.064944708,11.95570431,1.988974535,23.77959143,2.731111179,Lumenier,2550,6,4,Gemfan,Lumenier,40-45,
18.4757752,1350,9349,0.082599409,11.92801063,2.66018113,31.73066879,2.603141138,Lumenier,2550,6,4,Gemfan,Lumenier,40-45,
22.6227792,1400,10324,0.099290744,11.89627477,3.406674523,40.52673618,2.45000592,Lumenier,2550,6,4,Gemfan,Lumenier,40-45,
26.798247,1450,11152,0.115125735,11.8635788,4.175462847,49.53593252,2.324085358,Lumenier,2550,6,4,Gemfan,Lumenier,40-45,
31.0026632,1500,11996,0.135991768,11.82370132,5.174121494,61.17726712,2.222913414,Lumenier,2550,6,4,Gemfan,Lumenier,40-45,
35.2078378,1550,12872,0.156830261,11.77539085,6.293868722,74.11276419,2.11610325,Lumenier,2550,6,4,Gemfan,Lumenier,40-45,
39.4043548,1600,13746,0.185334161,11.71275286,7.829364754,91.70341438,2.021017019,Lumenier,2550,6,4,Gemfan,Lumenier,40-45,
43.5755968,1650,14530,0.210676099,11.64088013,9.589340414,111.6283623,1.887299024,Lumenier,2550,6,4,Gemfan,Lumenier,40-45,
47.7582376,1700,15630,0.236994744,11.56837354,11.28846259,130.5891519,1.814811877,Lumenier,2550,6,4,Gemfan,Lumenier,40-45,
0.299382,1000,0,-0.000130074,12.13701932,0.04454779,0.540677391,,,1750,,,Lumenier,Hobbywing,40-45,
9.5754922,1200,7934,0.038295539,12.12536647,0.458491004,5.55937144,6.888465524,,1750,,,Lumenier,Hobbywing,40-45,
13.7251744,1250,9712,0.057771324,12.1155414,0.694978616,8.4200422,6.86116795,,1750,,,Lumenier,Hobbywing,40-45,
17.8506572,1300,11439,0.080467757,12.10412085,1.002970061,12.14007083,6.628277424,,1750,,,Lumenier,Hobbywing,40-45,
21.9766972,1350,13043,0.108830536,12.08866022,1.350548046,16.32631643,6.665957776,,1750,,,Lumenier,Hobbywing,40-45,
26.1013862,1400,14517,0.13393093,12.06895498,1.744521708,21.05455396,6.361138338,,1750,,,Lumenier,Hobbywing,40-45,
30.7275046,1500,17131,0.191783593,12.0301203,2.675501093,32.1866,5.958491827,,1750,,,Lumenier,Hobbywing,40-45,
35.3771834,1600,19900,0.266049934,11.9716809,4.048076689,48.4622824,5.489834988,,1750,,,Lumenier,Hobbywing,40-45,
40.0025096,1700,22876,0.366309218,11.88288007,6.210862121,73.8029297,4.96334251,,1750,,,Lumenier,Hobbywing,40-45,
0.2736366,1000,0,0.000576052,8.046058892,0.02061744,0.165889139,,Ummagawd,3500,5.1,2.6,Gemfan,Hobbywing,30,
9.4896812,1200,5115,0.025145519,8.036706226,0.543810445,4.370444792,5.753537658,Ummagawd,3500,5.1,2.6,Gemfan,Hobbywing,30,
13.5820314,1250,6168,0.037227883,8.03123659,0.824330902,6.620396501,5.623210543,Ummagawd,3500,5.1,2.6,Gemfan,Hobbywing,30,
17.6793028,1300,7116,0.049822469,8.023314672,1.139326581,9.141175671,5.450334909,Ummagawd,3500,5.1,2.6,Gemfan,Hobbywing,30,
21.524998,1325,7545,0.057196842,8.017400819,1.300157422,10.42388318,5.487095481,Ummagawd,3500,5.1,2.6,Gemfan,Hobbywing,30,
25.3935148,1350,7961,0.065097312,8.011546934,1.484558344,11.89360885,5.473301912,Ummagawd,3500,5.1,2.6,Gemfan,Hobbywing,30,
29.2605122,1375,8371,0.071006803,8.003953531,1.679049943,13.43903772,5.283622601,Ummagawd,3500,5.1,2.6,Gemfan,Hobbywing,30,
33.0860798,1400,8769,0.078208576,7.998830118,1.877745396,15.01976643,5.207043391,Ummagawd,3500,5.1,2.6,Gemfan,Hobbywing,30,
36.9453464,1425,9142,0.086021512,7.99244714,2.09080103,16.71061671,5.14771618,Ummagawd,3500,5.1,2.6,Gemfan,Hobbywing,30,
40.7852572,1450,9511,0.093502737,7.985264223,2.337394801,18.66471508,5.009598947,Ummagawd,3500,5.1,2.6,Gemfan,Hobbywing,30,
44.64146,1475,9841,0.100686424,7.97861299,2.554158252,20.37864021,4.940782246,Ummagawd,3500,5.1,2.6,Gemfan,Hobbywing,30,
48.5253158,1500,10161,0.107673775,7.97223195,2.791721142,22.25624849,4.837912132,Ummagawd,3500,5.1,2.6,Gemfan,Hobbywing,30,
52.6378944,1550,10852,0.124041399,7.95895261,3.313226722,26.36981446,4.703916263,Ummagawd,3500,5.1,2.6,Gemfan,Hobbywing,30,
56.7447478,1600,11694,0.144759727,7.941192906,4.044316597,32.11669826,4.507304154,Ummagawd,3500,5.1,2.6,Gemfan,Hobbywing,30,
60.8767888,1650,12523,0.168971158,7.920522846,4.924508557,39.00468253,4.332073673,Ummagawd,3500,5.1,2.6,Gemfan,Hobbywing,30,
64.9825516,1700,13460,0.197765886,7.894766657,6.01681622,47.50136008,4.16337312,Ummagawd,3500,5.1,2.6,Gemfan,Hobbywing,30,
69.1163772,1750,14455,0.22792281,7.864124051,7.280998915,57.25867868,3.980581019,Ummagawd,3500,5.1,2.6,Gemfan,Hobbywing,30,
73.2469564,1800,15399,0.263270594,7.827012534,8.743380853,68.43455153,3.847042003,Ummagawd,3500,5.1,2.6,Gemfan,Hobbywing,30,
77.3710338,1850,16338,0.291548822,7.784418346,10.41526065,81.07674605,3.59596107,Ummagawd,3500,5.1,2.6,Gemfan,Hobbywing,30,
0.2964128,1000,0,-0.000336402,12.21017354,0.04919327,0.600658364,,,1700,,3,Gemfan,,40-45,
9.571104,1200,7853,0.034338944,12.19756473,0.473338194,5.773573253,5.947606828,,1700,,3,Gemfan,,40-45,
13.7210158,1250,9610,0.056200198,12.18685484,0.725843363,8.845747701,6.353357552,,1700,,3,Gemfan,,40-45,
17.872576,1300,11338,0.077671274,12.17449956,1.016532988,12.37578041,6.276070768,,1700,,3,Gemfan,,40-45,
21.9982012,1350,12901,0.106961713,12.15916566,1.374131904,16.70829746,6.401712299,,1700,,3,Gemfan,,40-45,
26.1484596,1400,14399,0.133877083,12.14111404,1.763737077,21.41373299,6.251926426,,1700,,3,Gemfan,,40-45,
30.7990924,1500,17022,0.188098474,12.10307086,2.683240296,32.47544744,5.792021004,,1700,,3,Gemfan,,40-45,
35.4238896,1600,19887,0.255326776,12.04874564,3.971351996,47.84981006,5.336003962,,1700,,3,Gemfan,,40-45,
40.0754962,1700,22829,0.358671532,11.96298857,6.133795282,73.37852282,4.887963368,,1700,,3,Gemfan,,40-45,
0.3013924,1000,0,0.00019102,12.4131424,0.008533164,0.105923377,6.781246,Lumenier,2550,6,4,Lumenier,hobby wing,40,
9.5766822,1200,5824,0.083712482,12.38165901,1.091658616,13.51654474,6.19333445,Lumenier,2550,6,4,Lumenier,hobby wing,40,
13.7043782,1250,7031,0.123584128,12.35770997,1.675264617,20.70243425,5.969545731,Lumenier,2550,6,4,Lumenier,hobby wing,40,
17.854581,1300,8093,0.16757303,12.32813668,2.383686922,29.38641818,5.702397253,Lumenier,2550,6,4,Lumenier,hobby wing,40,
22.0057402,1350,9001,0.207745719,12.29493755,3.126807868,38.44390746,5.403865858,Lumenier,2550,6,4,Lumenier,hobby wing,40,
26.1563358,1400,9806,0.241677095,12.26019493,3.873043606,47.48426959,5.089624356,Lumenier,2550,6,4,Lumenier,hobby wing,40,
30.7809148,1500,11540,0.346721457,12.16963679,6.220780212,75.70463572,4.579923727,Lumenier,2550,6,4,Lumenier,hobby wing,40,
35.431429,1600,13110,0.445832663,12.05763323,8.981366392,108.2940219,4.116872341,Lumenier,2550,6,4,Lumenier,hobby wing,40,
40.0824586,1700,14857,0.578105335,11.89594456,12.97214188,154.3158805,3.746246547,Lumenier,2550,6,4,Lumenier,hobby wing,40,
0.3026776,1000,0,-0.000567042,11.86464185,0.009281278,0.110119042,,T-motor,3550,4.8,3.4,HQProp,T-motor,35,
9.5790688,1200,6780,0.061037295,11.82482788,1.069941789,12.6518775,4.824366599,T-motor,3550,4.8,3.4,HQProp,T-motor,35,
14.2043348,1300,9002,0.115995471,11.76798249,2.246711588,26.43926263,4.387243056,T-motor,3550,4.8,3.4,HQProp,T-motor,35,
18.354893,1350,9852,0.139936624,11.72808475,2.905636087,34.07754628,4.106417253,T-motor,3550,4.8,3.4,HQProp,T-motor,35,
22.5041418,1400,10731,0.168716808,11.67610863,3.76888118,44.00586607,3.833961757,T-motor,3550,4.8,3.4,HQProp,T-motor,35,
26.6550046,1450,11577,0.197303379,11.62015778,4.77595783,55.49738354,3.555183443,T-motor,3550,4.8,3.4,HQProp,T-motor,35,
30.7806922,1500,12247,0.221605201,11.56111818,5.794734291,66.99360793,3.307855903,T-motor,3550,4.8,3.4,HQProp,T-motor,35,
34.9066438,1550,12976,0.243452919,11.49502418,6.905657895,79.38070447,3.066902978,T-motor,3550,4.8,3.4,HQProp,T-motor,35,
39.0557068,1600,13589,0.277380417,11.41531607,8.303209073,94.78375598,2.92645521,T-motor,3550,4.8,3.4,HQProp,T-motor,35,
43.1820724,1650,14284,0.310956431,11.32771315,9.892212707,112.0561479,2.77500554,T-motor,3550,4.8,3.4,HQProp,T-motor,35,
47.310465,1700,14889,0.358283374,11.22125996,11.97272402,134.3490486,2.666809911,T-motor,3550,4.8,3.4,HQProp,T-motor,35,
0,1000,0,0.000284917,7.970116102,0.052637403,0.419526215,,T-Motor,2850,7,6,Gemfan,Hobbywing,30,
17.575301,1300,4438,0.041073753,7.95707084,0.688687603,5.479936041,7.495297841,T-Motor,2850,7,6,Gemfan,Hobbywing,30,
21.4754446,1325,5017,0.051648166,7.951514559,0.913029822,7.259969921,7.114101888,T-Motor,2850,7,6,Gemfan,Hobbywing,30,
25.3755178,1350,5552,0.062732949,7.945194303,1.138777126,9.047805535,6.933498788,T-Motor,2850,7,6,Gemfan,Hobbywing,30,
29.2756974,1375,6001,0.075183295,7.939107933,1.375453925,10.91987717,6.884994583,T-Motor,2850,7,6,Gemfan,Hobbywing,30,
33.1756444,1400,6402,0.084915694,7.932095801,1.604280125,12.72530364,6.67297981,T-Motor,2850,7,6,Gemfan,Hobbywing,30,
37.0582076,1425,6710,0.0947779,7.925700416,1.83042522,14.50740193,6.533071889,T-Motor,2850,7,6,Gemfan,Hobbywing,30,
40.9257534,1450,7155,0.107543524,7.916441796,2.148934772,17.01191704,6.321658128,T-Motor,2850,7,6,Gemfan,Hobbywing,30,
44.8260634,1475,7527,0.119549324,7.907047571,2.474276357,19.56422086,6.110610007,T-Motor,2850,7,6,Gemfan,Hobbywing,30,
48.7258756,1500,7961,0.132799163,7.895570076,2.869272374,22.65454109,5.86192246,T-Motor,2850,7,6,Gemfan,Hobbywing,30,
52.8757236,1550,8944,0.169144639,7.871513845,3.910542646,30.78189058,5.494939923,T-Motor,2850,7,6,Gemfan,Hobbywing,30,
57.001309,1600,9825,0.203822188,7.839905029,5.136257119,40.26776802,5.061670849,T-Motor,2850,7,6,Gemfan,Hobbywing,30,
61.1513832,1650,10684,0.240216903,7.801523825,6.679682558,52.11170262,4.609653705,T-Motor,2850,7,6,Gemfan,Hobbywing,30,
65.30142,1700,11629,0.28549982,7.754357117,8.442813421,65.46859034,4.360867076,T-Motor,2850,7,6,Gemfan,Hobbywing,30,
0.3020054,1000,0,-0.000188179,8.083528708,0.021803705,0.176250877,,T-Motor,3800,5.1,2.6,Gemfan,T-Motor,35,
9.5781056,1200,5127,0.022702565,8.074634553,0.537943524,4.343697368,5.226553153,T-Motor,3800,5.1,2.6,Gemfan,T-Motor,35,
13.7286282,1250,6157,0.035610595,8.068854097,0.819238131,6.610312947,5.387126996,T-Motor,3800,5.1,2.6,Gemfan,T-Motor,35,
17.878813,1300,7080,0.048781372,8.061276239,1.13371752,9.139210109,5.337591729,T-Motor,3800,5.1,2.6,Gemfan,T-Motor,35,
21.7792102,1325,7555,0.053430037,8.05670853,1.295946071,10.44105976,5.117300147,T-Motor,3800,5.1,2.6,Gemfan,T-Motor,35,
25.679956,1350,7984,0.061303268,8.051377397,1.473338685,11.86240578,5.167861355,T-Motor,3800,5.1,2.6,Gemfan,T-Motor,35,
29.580392,1375,8364,0.069766706,8.046229243,1.671942415,13.45283195,5.186023784,T-Motor,3800,5.1,2.6,Gemfan,T-Motor,35,
33.4808634,1400,8761,0.077271157,8.040392062,1.88144959,15.12759235,5.107961325,T-Motor,3800,5.1,2.6,Gemfan,T-Motor,35,
37.3834446,1425,9133,0.085957274,8.034207003,2.095948008,16.83928016,5.10456937,T-Motor,3800,5.1,2.6,Gemfan,T-Motor,35,
41.2813674,1450,9551,0.09352766,8.027559476,2.343299821,18.81097869,4.971972046,T-Motor,3800,5.1,2.6,Gemfan,T-Motor,35,
45.181251,1475,9946,0.101310263,8.019716884,2.587618297,20.75196615,4.881959752,T-Motor,3800,5.1,2.6,Gemfan,T-Motor,35,
49.0577732,1500,10300,0.110109117,8.008857275,2.868492549,22.97334742,4.792906955,T-Motor,3800,5.1,2.6,Gemfan,T-Motor,35,
53.1831486,1550,10981,0.125586685,7.994742282,3.41468246,27.29950624,4.600328058,T-Motor,3800,5.1,2.6,Gemfan,T-Motor,35,
57.308006,1600,11666,0.144196996,7.979052903,4.061039867,32.40325194,4.450077921,T-Motor,3800,5.1,2.6,Gemfan,T-Motor,35,
61.4592576,1650,12446,0.165746445,7.958866979,4.89481079,38.95714797,4.254583662,T-Motor,3800,5.1,2.6,Gemfan,T-Motor,35,
65.5836448,1700,13323,0.192041543,7.934460828,5.963165257,47.31450114,4.058830559,T-Motor,3800,5.1,2.6,Gemfan,T-Motor,35,
69.7102288,1750,14268,0.219426036,7.905647829,7.13167722,56.38052853,3.891876188,T-Motor,3800,5.1,2.6,Gemfan,T-Motor,35,
73.8607592,1800,15203,0.248569625,7.871663373,8.49728206,66.88774396,3.716220788,T-Motor,3800,5.1,2.6,Gemfan,T-Motor,35,
77.9851538,1850,16079,0.28381752,7.833428895,9.994635553,78.29226693,3.62510285,T-Motor,3800,5.1,2.6,Gemfan,T-Motor,35,
0.2894168,1000,0,0.000261302,8.327662114,0.073339276,0.610744707,,Xâ€‘Nova,3100,5.1,3,Gemfan,Hobbywing,25-30,
9.5529104,1200,4642,0.021922481,8.320166851,0.441165993,3.67057467,5.972492808,Xâ€‘Nova,3100,5.1,3,Gemfan,Hobbywing,25-30,
13.703531,1250,5452,0.033442941,8.316192443,0.6604317,5.492277113,6.089084771,Xâ€‘Nova,3100,5.1,3,Gemfan,Hobbywing,25-30,
17.853351,1300,6280,0.046295565,8.309891314,0.944876956,7.851824805,5.896153615,Xâ€‘Nova,3100,5.1,3,Gemfan,Hobbywing,25-30,
21.753205,1325,6662,0.052384143,8.304956152,1.092404766,9.072373683,5.774028407,Xâ€‘Nova,3100,5.1,3,Gemfan,Hobbywing,25-30,
25.6539216,1350,7027,0.058854317,8.300105631,1.247919319,10.35786216,5.682091191,Xâ€‘Nova,3100,5.1,3,Gemfan,Hobbywing,25-30,
29.553845,1375,7360,0.064370428,8.29606086,1.386876716,11.50561364,5.59469753,Xâ€‘Nova,3100,5.1,3,Gemfan,Hobbywing,25-30,
33.4297102,1400,7697,0.068809099,8.290912711,1.518970423,12.59365119,5.463792684,Xâ€‘Nova,3100,5.1,3,Gemfan,Hobbywing,25-30,
37.3291772,1425,8023,0.074390657,8.285651873,1.678372662,13.90641159,5.349378365,Xâ€‘Nova,3100,5.1,3,Gemfan,Hobbywing,25-30,
41.2042388,1450,8324,0.081693117,8.279727065,1.868521966,15.47085189,5.280453709,Xâ€‘Nova,3100,5.1,3,Gemfan,Hobbywing,25-30,
45.0791902,1475,8663,0.090299517,8.27290206,2.089370922,17.28516101,5.224106216,Xâ€‘Nova,3100,5.1,3,Gemfan,Hobbywing,25-30,
48.9793916,1500,8972,0.101305146,8.265262625,2.377586854,19.65137976,5.155116172,Xâ€‘Nova,3100,5.1,3,Gemfan,Hobbywing,25-30,
53.1290424,1550,9699,0.117689513,8.250913433,2.885129143,23.8049508,4.943909101,Xâ€‘Nova,3100,5.1,3,Gemfan,Hobbywing,25-30,
57.2548248,1600,10376,0.134544858,8.232129401,3.526596432,29.03139818,4.634460161,Xâ€‘Nova,3100,5.1,3,Gemfan,Hobbywing,25-30,
61.3792824,1650,11170,0.157473022,8.211628477,4.331466669,35.56839505,4.427329991,Xâ€‘Nova,3100,5.1,3,Gemfan,Hobbywing,25-30,
65.5105202,1700,11914,0.176818779,8.186684181,5.210306933,42.65513735,4.145310279,Xâ€‘Nova,3100,5.1,3,Gemfan,Hobbywing,25-30,
69.630861,1750,12530,0.202598025,8.157500598,6.338388917,51.70541138,3.918313758,Xâ€‘Nova,3100,5.1,3,Gemfan,Hobbywing,25-30,
73.7596692,1800,13296,0.229073097,8.125859363,7.508057852,61.00942219,3.754716712,Xâ€‘Nova,3100,5.1,3,Gemfan,Hobbywing,25-30,
77.8921764,1850,14003,0.256045248,8.091245214,8.762398827,70.89871757,3.611422842,Xâ€‘Nova,3100,5.1,3,Gemfan,Hobbywing,25-30,
0.3026722,1000,0,-0.000477841,12.33544507,0.047638447,0.58764145,,EMAX,1700,6,4,Lumenier,Hobbywing,45,
9.5788166,1200,7946,0.035254946,12.32273266,0.472488127,5.822344879,6.055111222,EMAX,1700,6,4,Lumenier,Hobbywing,45,
13.703468,1250,9748,0.055703984,12.31386769,0.699062558,8.60816385,6.471064556,EMAX,1700,6,4,Lumenier,Hobbywing,45,
17.8528318,1300,11507,0.08039874,12.30237094,0.980519197,12.06271087,6.665064014,EMAX,1700,6,4,Lumenier,Hobbywing,45,
21.9783874,1350,13164,0.104813912,12.28830614,1.298661303,15.95834765,6.567967686,EMAX,1700,6,4,Lumenier,Hobbywing,45,
26.1298756,1400,14705,0.134976119,12.27177021,1.6751177,20.55665949,6.566053149,EMAX,1700,6,4,Lumenier,Hobbywing,45,
30.7781344,1500,17534,0.193118243,12.23262486,2.562055143,31.34065944,6.161907455,EMAX,1700,6,4,Lumenier,Hobbywing,45,
35.4306094,1600,20396,0.264139095,12.18181612,3.738578185,45.542672,5.799815496,EMAX,1700,6,4,Lumenier,Hobbywing,45,
40.0554022,1700,23553,0.35851437,12.10775894,5.598774422,67.78861107,5.288710948,EMAX,1700,6,4,Lumenier,Hobbywing,45,
0.521918,1000,0,0.000401715,12.51640118,-0.026284496,0.328987292,,PrimoPal,1400,6,4.2,Gemfan,Hobbywing,25-30,
11.1871596,1200,3053,0.014901648,12.50933617,0.137465113,1.719597305,8.665777936,PrimoPal,1400,6,4.2,Gemfan,Hobbywing,25-30,
16.6351634,1300,4333,0.031012181,12.49846356,0.399133703,4.988558046,6.216662422,PrimoPal,1400,6,4.2,Gemfan,Hobbywing,25-30,
21.55419,1350,4955,0.040849101,12.4889327,0.607705283,7.589590378,5.382253741,PrimoPal,1400,6,4.2,Gemfan,Hobbywing,25-30,
26.5800706,1400,5509,0.050792517,12.47736276,0.846529387,10.56245425,4.808779847,PrimoPal,1400,6,4.2,Gemfan,Hobbywing,25-30,
31.4665908,1450,6034,0.060836183,12.46315917,1.117371186,13.92597495,4.368540319,PrimoPal,1400,6,4.2,Gemfan,Hobbywing,25-30,
36.346231,1500,6515,0.071541602,12.44660948,1.423594904,17.71892983,4.037580306,PrimoPal,1400,6,4.2,Gemfan,Hobbywing,25-30,
41.28056,1550,6999,0.081559511,12.42630999,1.758034714,21.84588434,3.733403934,PrimoPal,1400,6,4.2,Gemfan,Hobbywing,25-30,
46.3399816,1600,7437,0.092778889,12.40102722,2.13967543,26.53417325,3.496581094,PrimoPal,1400,6,4.2,Gemfan,Hobbywing,25-30,
51.3386074,1650,7906,0.103222515,12.37669565,2.566405133,31.76361526,3.249709277,PrimoPal,1400,6,4.2,Gemfan,Hobbywing,25-30,
56.400231,1700,8362,0.115568932,12.34777256,3.066198287,37.86071907,3.05247588,PrimoPal,1400,6,4.2,Gemfan,Hobbywing,25-30,
61.3435988,1750,8749,0.126623904,12.31653643,3.606715017,44.42223691,2.850462131,PrimoPal,1400,6,4.2,Gemfan,Hobbywing,25-30,
66.2213502,1800,9089,0.138557884,12.2809046,4.21669439,51.78482155,2.675646647,PrimoPal,1400,6,4.2,Gemfan,Hobbywing,25-30,
0.299369,1000,0,0.000572354,11.96667387,0.009567168,0.114487175,,T-motor,,5,3.7,Lemenier,T-motor,40,
9.5743564,1200,6780,0.069155755,11.92315071,1.105882098,13.18559892,5.244794336,T-motor,,5,3.7,Lemenier,T-motor,40,
14.2262264,1300,8938,0.125313226,11.86476379,2.292199143,27.19640138,4.607713494,T-motor,,5,3.7,Lemenier,T-motor,40,
18.3505458,1350,9802,0.152116655,11.82345028,2.996421294,35.42803819,4.293679882,T-motor,,5,3.7,Lemenier,T-motor,40,
22.4768128,1400,10690,0.18164007,11.77365223,3.897445177,45.88716412,3.958406975,T-motor,,5,3.7,Lemenier,T-motor,40,
26.6277468,1450,11483,0.212272311,11.71150767,4.939039572,57.84359982,3.66976314,T-motor,,5,3.7,Lemenier,T-motor,40,
30.7775384,1500,12094,0.23767939,11.65014413,5.998283859,69.88087147,3.401208149,T-motor,,5,3.7,Lemenier,T-motor,40,
34.9272286,1550,12757,0.266514366,11.58165598,7.166246586,82.99700261,3.211132424,T-motor,,5,3.7,Lemenier,T-motor,40,
39.0531418,1600,13375,0.299325191,11.50009946,8.573438449,98.59539484,3.035894238,T-motor,,5,3.7,Lemenier,T-motor,40,
43.2034018,1650,14119,0.329102544,11.41025251,10.19036653,116.2746553,2.830389337,T-motor,,5,3.7,Lemenier,T-motor,40,
47.3298864,1700,14857,0.360670304,11.30758929,12.10050723,136.8275659,2.635947673,T-motor,,5,3.7,Lemenier,T-motor,40,
1.913021,1000,0,-0.000564288,25.13297367,-0.018354057,0.461292022,,T-motor,360,15,,Tarot,Hobbywing,,40-45
29.16441025,1927,6766,1.912437334,24.77640775,13.95653365,345.7927685,5.530587995,T-motor,360,15,,Tarot,Hobbywing,,40-45
37.958214,1839,6458,1.725454074,24.77411537,12.05165451,298.5690793,5.779078254,T-motor,360,15,,Tarot,Hobbywing,,40-45
46.9387041,1752,5910,1.424466531,24.81255636,8.986146002,222.9692541,6.388623114,T-motor,360,15,,Tarot,Hobbywing,,40-45
55.69821565,1665,5288,1.011286663,24.84996021,6.734602073,167.3545936,6.042778039,T-motor,360,15,,Tarot,Hobbywing,,40-45
64.7237452,1578,4718,0.918644923,24.89258228,4.476732202,111.4374247,8.243594336,T-motor,360,15,,Tarot,Hobbywing,,40-45
73.8681332,1491,4111,0.711860597,24.92634718,2.964204517,73.88679091,9.634477125,T-motor,360,15,,Tarot,Hobbywing,,40-45
83.05742795,1404,3446,0.504333335,24.95512358,1.789291038,44.65197897,11.29475886,T-motor,360,15,,Tarot,Hobbywing,,40-45
92.2066743,1317,2662,0.313722397,24.97848034,0.900166012,22.48477903,13.95265644,T-motor,360,15,,Tarot,Hobbywing,,40-45
101.2067532,1229,1859,0.164936889,24.99416199,0.355198329,8.877884581,18.57839976,T-motor,360,15,,Tarot,Hobbywing,,40-45
110.2617388,1142,1073,0.071091877,25.00332574,0.098606032,2.465478732,28.83491794,T-motor,360,15,,Tarot,Hobbywing,,40-45
0.3011152,1000,0,-0.000567927,12.11146253,0.007458649,0.090335145,,T-Motor,1500,6,4.5,APC,T-Motor,30,
9.5536294,1200,3322,0.02850425,12.10098974,0.268099531,3.244269671,8.786029667,T-Motor,1500,6,4.5,APC,T-Motor,30,
13.7055504,1250,4043,0.04219421,12.09290706,0.411900222,4.981071104,8.470911092,T-Motor,1500,6,4.5,APC,T-Motor,30,
17.8563674,1300,4645,0.059571123,12.08427322,0.595409204,7.195087495,8.279415999,T-Motor,1500,6,4.5,APC,T-Motor,30,
21.7567624,1325,4984,0.068568174,12.0755684,0.716869801,8.65661032,7.920903427,T-Motor,1500,6,4.5,APC,T-Motor,30,
25.6312932,1350,5316,0.078867127,12.06715482,0.852343979,10.28536676,7.667896387,T-Motor,1500,6,4.5,APC,T-Motor,30,
29.531969,1375,5632,0.087194215,12.05865762,0.982811405,11.85138624,7.357300892,T-Motor,1500,6,4.5,APC,T-Motor,30,
33.4057802,1400,5962,0.096822541,12.0496878,1.121285285,13.51113762,7.166127969,T-Motor,1500,6,4.5,APC,T-Motor,30,
37.3219626,1425,6254,0.106436849,12.03902019,1.291724835,15.55110137,6.844328651,T-Motor,1500,6,4.5,APC,T-Motor,30,
41.2323818,1450,6547,0.114571787,12.02796091,1.452109923,17.46592138,6.559733334,T-Motor,1500,6,4.5,APC,T-Motor,30,
45.1081866,1475,6831,0.126507555,12.01578919,1.629880115,19.58429586,6.459642771,T-Motor,1500,6,4.5,APC,T-Motor,30,
48.9843972,1500,7077,0.140734199,12.00135733,1.832679915,21.99464654,6.398566083,T-Motor,1500,6,4.5,APC,T-Motor,30,
53.6087346,1600,8155,0.190911981,11.94972406,2.792359529,33.36792584,5.72142189,T-Motor,1500,6,4.5,APC,T-Motor,30,
58.234917,1700,9265,0.237019194,11.88409184,3.99278006,47.45056493,4.995076344,T-Motor,1500,6,4.5,APC,T-Motor,30,
0.286521,1000,0,0.000106678,7.768541634,0.034234747,0.265954054,,T-motor,3550,5,2.2,HQProp,T-motor,30-35,
9.4475508,1200,4758,0.023732398,7.759409688,0.566148138,4.39297535,5.4023517,T-motor,3550,5,2.2,HQProp,T-motor,30-35,
13.5361538,1250,5732,0.036440992,7.753243049,0.849962981,6.589969571,5.529766416,T-motor,3550,5,2.2,HQProp,T-motor,30-35,
17.6260354,1300,6634,0.04795317,7.746283412,1.141144743,8.83963059,5.424793444,T-motor,3550,5,2.2,HQProp,T-motor,30-35,
21.4872468,1325,7038,0.054543244,7.741399918,1.306833648,10.1167219,5.391395006,T-motor,3550,5,2.2,HQProp,T-motor,30-35,
25.31695,1350,7408,0.060944954,7.73681908,1.499571726,11.60191514,5.253008119,T-motor,3550,5,2.2,HQProp,T-motor,30-35,
29.148941,1375,7807,0.067391291,7.731333939,1.680098395,12.98940174,5.188175108,T-motor,3550,5,2.2,HQProp,T-motor,30-35,
33.0000432,1400,8142,0.076198148,7.725296202,1.897164753,14.65615966,5.19905281,T-motor,3550,5,2.2,HQProp,T-motor,30-35,
36.8494294,1425,8529,0.080941812,7.719800297,2.087286915,16.11343815,5.02324899,T-motor,3550,5,2.2,HQProp,T-motor,30-35,
40.6982482,1450,8851,0.088192923,7.713227611,2.33103907,17.97983492,4.905101956,T-motor,3550,5,2.2,HQProp,T-motor,30-35,
44.547157,1475,9114,0.095839401,7.705706208,2.554687101,19.68566826,4.868486058,T-motor,3550,5,2.2,HQProp,T-motor,30-35,
48.3991474,1500,9402,0.102530684,7.699298561,2.769987533,21.32696103,4.807561852,T-motor,3550,5,2.2,HQProp,T-motor,30-35,
52.5341196,1550,10034,0.119979728,7.685536626,3.322723812,25.53691555,4.69828582,T-motor,3550,5,2.2,HQProp,T-motor,30-35,
56.6628004,1600,10781,0.139534578,7.667162162,4.061317202,31.13877758,4.48105511,T-motor,3550,5,2.2,HQProp,T-motor,30-35,
60.8107928,1650,11659,0.163239614,7.643153346,5.035896274,38.49012746,4.241077514,T-motor,3550,5,2.2,HQProp,T-motor,30-35,
64.958517,1700,12468,0.192605544,7.61594972,6.145403857,46.80308678,4.115231646,T-motor,3550,5,2.2,HQProp,T-motor,30-35,
69.1081818,1750,13391,0.223879195,7.582503648,7.502094833,56.88466143,3.935668937,T-motor,3550,5,2.2,HQProp,T-motor,30-35,
73.2186364,1800,14356,0.261398691,7.541266733,9.112170338,68.71730704,3.803971691,T-motor,3550,5,2.2,HQProp,T-motor,30-35,
77.3343474,1850,15231,0.301411193,7.495785031,10.95542482,82.11950939,3.670396903,T-motor,3550,5,2.2,HQProp,T-motor,30-35,
0.299945,1000,0,-0.000219024,12.60876267,0.011954615,0.150732909,,,1300,6,4.2,APC,,20-25,
9.5760652,1200,3025,0.022842054,12.596763,0.20385072,2.567859212,8.895368624,,1300,6,4.2,APC,,20-25,
13.7264054,1250,3686,0.034966181,12.58910387,0.322959938,4.065776203,8.600124427,,1300,6,4.2,APC,,20-25,
17.8772028,1300,4287,0.047045496,12.58042106,0.447015438,5.62364243,8.365662827,,1300,6,4.2,APC,,20-25,
21.7772192,1325,4597,0.057312076,12.57377527,0.544399975,6.845162936,8.372638617,,1300,6,4.2,APC,,20-25,
25.652535,1350,4940,0.066258751,12.5656637,0.656638078,8.251093266,8.030299554,,1300,6,4.2,APC,,20-25,
29.5528496,1375,5278,0.072760519,12.55861765,0.749607083,9.414028747,7.72894595,,1300,6,4.2,APC,,20-25,
33.4537236,1400,5573,0.08874523,12.54750421,0.90693089,11.37971916,7.798543093,,1300,6,4.2,APC,,20-25,
37.3538306,1425,5876,0.094598805,12.53861183,1.010576021,12.67122046,7.46564274,,1300,6,4.2,APC,,20-25,
41.253856,1450,6151,0.10889294,12.52695094,1.175647221,14.72727506,7.393963869,,1300,6,4.2,APC,,20-25,
45.1299776,1475,6450,0.119315542,12.51439064,1.330504895,16.65045801,7.165901512,,1300,6,4.2,APC,,20-25,
49.0047234,1500,6722,0.131967782,12.50046435,1.497550442,18.72007592,7.049532412,,1300,6,4.2,APC,,20-25,
53.1561996,1550,7291,0.154945069,12.47614505,1.844064132,23.00681158,6.734747613,,1300,6,4.2,APC,,20-25,
57.3068488,1600,7849,0.177780359,12.44693327,2.250782878,28.01534429,6.345820964,,1300,6,4.2,APC,,20-25,
61.4559226,1650,8376,0.202786224,12.40963985,2.712953543,33.66677641,6.023333565,,1300,6,4.2,APC,,20-25,
65.6058974,1700,8857,0.240218425,12.3657961,3.353772569,41.47206776,5.792294391,,1300,6,4.2,APC,,20-25,
69.7334306,1750,9360,0.265171807,12.32249438,3.965897681,48.86975189,5.426092758,,1300,6,4.2,APC,,20-25,
73.8595944,1800,9871,0.292238239,12.27739995,4.590635611,56.36106944,5.18510813,,1300,6,4.2,APC,,20-25,
77.985218,1850,10364,0.319359785,12.22482673,5.322932528,65.07192782,4.907796585,,1300,6,4.2,APC,,20-25,
82.1359686,1900,10772,0.352422967,12.16477654,6.188694696,75.28408803,4.681241099,,1300,6,4.2,APC,,20-25,
86.2598778,1950,11133,0.385323469,12.10228983,7.118127852,86.14564633,4.472930267,,1300,6,4.2,APC,,20-25,
0.296284,1000,8789,0.000955539,7.626632591,1.132222612,8.635045874,0.110658281,T-Motor,2850,3.6,3,Master Airscrew (MAS),Hobbywing,30,
5.9430036,1200,3732,0.021860391,7.639133096,0.353475627,2.700247361,8.09569925,T-Motor,2850,3.6,3,Master Airscrew (MAS),Hobbywing,30,
10.0937186,1250,4532,0.034570807,7.635711513,0.537880304,4.107098833,8.417330131,T-Motor,2850,3.6,3,Master Airscrew (MAS),Hobbywing,30,
14.2445316,1300,5308,0.046501762,7.630924488,0.768063185,5.861032166,7.934056711,T-Motor,2850,3.6,3,Master Airscrew (MAS),Hobbywing,30,
18.147666,1325,5664,0.054051239,7.627015205,0.896802408,6.839925605,7.902313886,T-Motor,2850,3.6,3,Master Airscrew (MAS),Hobbywing,30,
22.0188004,1350,6016,0.061397353,7.624330181,1.023980525,7.807165621,7.864230872,T-Motor,2850,3.6,3,Master Airscrew (MAS),Hobbywing,30,
25.8944012,1375,6344,0.068521688,7.62018354,1.168681444,8.905567102,7.694253163,T-Motor,2850,3.6,3,Master Airscrew (MAS),Hobbywing,30,
29.7695184,1400,6633,0.075683969,7.616171437,1.315013789,10.01537046,7.556781745,T-Motor,2850,3.6,3,Master Airscrew (MAS),Hobbywing,30,
33.6693324,1425,6941,0.082274358,7.611093368,1.457409083,11.09247661,7.417131549,T-Motor,2850,3.6,3,Master Airscrew (MAS),Hobbywing,30,
37.5695008,1450,7186,0.089603846,7.606900649,1.599834691,12.16978355,7.36281345,T-Motor,2850,3.6,3,Master Airscrew (MAS),Hobbywing,30,
41.4440832,1475,7421,0.097934847,7.601308482,1.762431511,13.39678559,7.310324244,T-Motor,2850,3.6,3,Master Airscrew (MAS),Hobbywing,30,
45.3451224,1500,7742,0.104251434,7.596133734,1.927003308,14.63777484,7.122082081,T-Motor,2850,3.6,3,Master Airscrew (MAS),Hobbywing,30,
49.494223,1550,8367,0.123740408,7.584642836,2.383847993,18.0806356,6.843808546,T-Motor,2850,3.6,3,Master Airscrew (MAS),Hobbywing,30,
53.6254404,1600,9016,0.145339062,7.570995565,2.913731452,22.0598479,6.588398209,T-Motor,2850,3.6,3,Master Airscrew (MAS),Hobbywing,30,
57.7713856,1650,9713,0.169026604,7.554010126,3.532571773,26.68508294,6.334123222,T-Motor,2850,3.6,3,Master Airscrew (MAS),Hobbywing,30,
61.8976472,1700,10422,0.197350843,7.532993193,4.289851212,32.31541997,6.107017753,T-Motor,2850,3.6,3,Master Airscrew (MAS),Hobbywing,30,
66.0475086,1750,11221,0.227502988,7.509144766,5.222773714,39.2185639,5.800900532,T-Motor,2850,3.6,3,Master Airscrew (MAS),Hobbywing,30,
70.171574,1800,11987,0.258165213,7.480001182,6.260059123,46.82524964,5.513376114,T-Motor,2850,3.6,3,Master Airscrew (MAS),Hobbywing,30,
74.3009654,1850,12810,0.294365189,7.451064228,7.281498409,54.25491232,5.425595153,T-Motor,2850,3.6,3,Master Airscrew (MAS),Hobbywing,30,
0.2869012,1000,0,-1.31E-05,11.92302816,0.003205363,0.03821763,,Lumenier,1700,6,4,Lumenier,Lumenier,35-40,
9.562872,1200,3636,0.029272172,11.91351828,0.366100359,4.361543323,6.711425354,Lumenier,1700,6,4,Lumenier,Lumenier,35-40,
13.6893976,1250,4476,0.046774416,11.90624544,0.548847842,6.534717115,7.15783338,Lumenier,1700,6,4,Lumenier,Lumenier,35-40,
17.834633,1300,5297,0.067313742,11.89490179,0.789997544,9.396943196,7.163365868,Lumenier,1700,6,4,Lumenier,Lumenier,35-40,
21.7126832,1325,5687,0.076357872,11.88769219,0.911755674,10.83867081,7.04494799,Lumenier,1700,6,4,Lumenier,Lumenier,35-40,
25.591459,1350,6073,0.086951618,11.8803827,1.068691579,12.69646495,6.848490375,Lumenier,1700,6,4,Lumenier,Lumenier,35-40,
29.4887612,1375,6445,0.099564425,11.87262538,1.218833048,14.47074819,6.880392364,Lumenier,1700,6,4,Lumenier,Lumenier,35-40,
33.3909988,1400,6795,0.114205331,11.86286657,1.401394154,16.62455186,6.869678792,Lumenier,1700,6,4,Lumenier,Lumenier,35-40,
37.2901204,1425,7158,0.121146428,11.85440696,1.523543483,18.06070446,6.707735491,Lumenier,1700,6,4,Lumenier,Lumenier,35-40,
41.1898246,1450,7504,0.131813737,11.84440662,1.703667584,20.17893161,6.532245575,Lumenier,1700,6,4,Lumenier,Lumenier,35-40,
45.0802896,1475,7863,0.15103853,11.83178419,1.942696412,22.9855647,6.571016719,Lumenier,1700,6,4,Lumenier,Lumenier,35-40,
48.993008,1500,8187,0.16587736,11.81869241,2.16428741,25.57904717,6.484892081,Lumenier,1700,6,4,Lumenier,Lumenier,35-40,
53.6179514,1600,9466,0.223212727,11.77844352,3.102919716,36.54756462,6.107458304,Lumenier,1700,6,4,Lumenier,Lumenier,35-40,
58.2436286,1700,10963,0.297291605,11.71470549,4.543943803,53.23096343,5.584937527,Lumenier,1700,6,4,Lumenier,Lumenier,35-40,
0.4837388,1000,0,-0.000465637,11.06244934,-0.001110914,0.012289426,,XILO,2600,5.1,5.2,Gemfan,XILO,35-40,
10.7049236,1200,6262,0.034688828,11.03028599,1.12331792,12.39051791,2.799626928,XILO,2600,5.1,5.2,Gemfan,XILO,35-40,
15.8372326,1300,8716,0.066578498,10.99127724,2.240839316,24.62968618,2.703180949,XILO,2600,5.1,5.2,Gemfan,XILO,35-40,
20.5089182,1350,9795,0.082880014,10.96613121,2.886239235,31.65087814,2.618569193,XILO,2600,5.1,5.2,Gemfan,XILO,35-40,
25.269903,1400,10788,0.099515051,10.93820873,3.630946514,39.71605086,2.505663294,XILO,2600,5.1,5.2,Gemfan,XILO,35-40,
29.8816842,1450,11851,0.121765188,10.90426858,4.620623504,50.38451971,2.416718254,XILO,2600,5.1,5.2,Gemfan,XILO,35-40,
34.5116996,1500,12836,0.142877842,10.86769669,5.660001781,61.5111826,2.322794583,XILO,2600,5.1,5.2,Gemfan,XILO,35-40,
39.3344454,1550,13785,0.166292682,10.82286919,6.899444242,74.67178251,2.22698155,XILO,2600,5.1,5.2,Gemfan,XILO,35-40,
43.9308814,1600,14722,0.190470211,10.77139793,8.268120226,89.05921309,2.138691827,XILO,2600,5.1,5.2,Gemfan,XILO,35-40,
48.5666462,1650,15849,0.222976055,10.70828101,10.20950531,109.3262519,2.03954724,XILO,2600,5.1,5.2,Gemfan,XILO,35-40,
53.4833788,1700,17020,0.260789016,10.62388545,12.64123617,134.2990451,1.941853089,XILO,2600,5.1,5.2,Gemfan,XILO,35-40,
58.2536974,1750,18238,0.299866036,10.53040857,15.45899483,162.7895316,1.842047415,XILO,2600,5.1,5.2,Gemfan,XILO,35-40,
63.0977416,1800,19425,0.344984815,10.41768471,18.82870661,196.151529,1.758766894,XILO,2600,5.1,5.2,Gemfan,XILO,35-40,
0.6032328,1000,0,0.000240893,11.33165214,-0.002084822,0.023624476,,Sunnysky,2300,5,4.3,Gemfan,Sunnysky,30,
11.0544684,1200,5216,0.020726362,11.31865941,0.423774433,4.796558475,4.321090176,Sunnysky,2300,5,4.3,Gemfan,Sunnysky,30,
16.2973958,1300,7238,0.039844134,11.3018286,0.947840503,10.71233091,3.719464427,Sunnysky,2300,5,4.3,Gemfan,Sunnysky,30,
21.009566,1350,8174,0.050899924,11.2870953,1.276772422,14.411052,3.532006159,Sunnysky,2300,5,4.3,Gemfan,Sunnysky,30,
25.7724104,1400,9160,0.062687118,11.26906751,1.688715405,19.0302479,3.294077837,Sunnysky,2300,5,4.3,Gemfan,Sunnysky,30,
30.5607828,1450,10120,0.075195429,11.24623463,2.188334221,24.6105201,3.055418104,Sunnysky,2300,5,4.3,Gemfan,Sunnysky,30,
35.2081426,1500,11070,0.090168628,11.21896104,2.822118238,31.66123457,2.847918883,Sunnysky,2300,5,4.3,Gemfan,Sunnysky,30,
39.9652518,1550,11910,0.108288226,11.18273751,3.627367207,40.56389533,2.669571683,Sunnysky,2300,5,4.3,Gemfan,Sunnysky,30,
44.922216,1600,12698,0.123551692,11.14573913,4.470138546,49.82299809,2.47981247,Sunnysky,2300,5,4.3,Gemfan,Sunnysky,30,
49.593018,1650,13543,0.139655663,11.10463062,5.448970688,60.50880674,2.308022094,Sunnysky,2300,5,4.3,Gemfan,Sunnysky,30,
54.3862652,1700,14314,0.159233414,11.05609537,6.612350476,73.10677749,2.178093729,Sunnysky,2300,5,4.3,Gemfan,Sunnysky,30,
59.1236866,1750,15030,0.179655714,10.99989319,7.835178205,86.18612337,2.084508587,Sunnysky,2300,5,4.3,Gemfan,Sunnysky,30,
63.819044,1800,15829,0.195163968,10.94408407,9.162920885,100.2797765,1.946194683,Sunnysky,2300,5,4.3,Gemfan,Sunnysky,30,
0.302244,1000,0,0.000137509,12.55568002,0.008940542,0.112254582,,T-motor,2850,6,4.5,Master Airscrew,T-motor,55-60,
9.57746,1200,5275,0.081296813,12.52788379,0.851494345,10.6674222,7.621036413,T-motor,2850,6,4.5,Master Airscrew,T-motor,55-60,
13.7048764,1250,6252,0.117355197,12.50538683,1.360488863,17.01343951,6.897793783,T-motor,2850,6,4.5,Master Airscrew,T-motor,55-60,
17.830121,1300,7208,0.152750771,12.47670225,1.995566515,24.89808923,6.135039892,T-motor,2850,6,4.5,Master Airscrew,T-motor,55-60,
21.7302076,1325,7621,0.171937308,12.4556373,2.390172232,29.7711184,5.775305656,T-motor,2850,6,4.5,Master Airscrew,T-motor,55-60,
25.6307526,1350,8050,0.188902259,12.43376513,2.767338171,34.40843286,5.489998905,T-motor,2850,6,4.5,Master Airscrew,T-motor,55-60,
29.538966,1375,8453,0.205828868,12.4079569,3.164754164,39.26813325,5.241625999,T-motor,2850,6,4.5,Master Airscrew,T-motor,55-60,
33.433424,1400,8845,0.224767434,12.38416772,3.63308581,44.992744,4.995637387,T-motor,2850,6,4.5,Master Airscrew,T-motor,55-60,
37.333017,1425,9154,0.242294802,12.35566761,4.157295791,51.36616493,4.717011724,T-motor,2850,6,4.5,Master Airscrew,T-motor,55-60,
41.2105804,1450,9470,0.263141207,12.32528827,4.738579579,58.40435933,4.505506263,T-motor,2850,6,4.5,Master Airscrew,T-motor,55-60,
45.1064788,1475,9788,0.283553801,12.2931791,5.290340324,65.03510113,4.360011693,T-motor,2850,6,4.5,Master Airscrew,T-motor,55-60,
48.9819448,1500,10163,0.296681317,12.26046611,5.862612956,71.87836744,4.127546677,T-motor,2850,6,4.5,Master Airscrew,T-motor,55-60,
53.637924,1600,11310,0.370452872,12.14263684,8.743809337,106.1729014,3.489147109,T-motor,2850,6,4.5,Master Airscrew,T-motor,55-60,
58.2835902,1700,12618,0.466092214,12.003778,11.97574047,143.75413,3.242287468,T-motor,2850,6,4.5,Master Airscrew,T-motor,55-60,
0.3032228,1000,0,-0.000107531,12.22108454,0.028069267,0.343036879,,EMAX,1900,6,4.2,APC,Hobbywing,45,
9.5801916,1200,4281,0.050039161,12.19682397,0.629605078,7.679182304,6.516209602,EMAX,1900,6,4.2,APC,Hobbywing,45,
13.7302874,1250,5206,0.078659569,12.17761386,0.975719294,11.8819328,6.620098814,EMAX,1900,6,4.2,APC,Hobbywing,45,
17.8804664,1300,6052,0.108069495,12.15430853,1.385790889,16.84333002,6.416159685,EMAX,1900,6,4.2,APC,Hobbywing,45,
21.7561992,1325,6441,0.123599986,12.13941888,1.608347511,19.52440414,6.330538212,EMAX,1900,6,4.2,APC,Hobbywing,45,
25.656699,1350,6814,0.138806631,12.12424588,1.84348675,22.35088663,6.210341132,EMAX,1900,6,4.2,APC,Hobbywing,45,
29.5571044,1375,7174,0.150679702,12.10807002,2.056279127,24.89757165,6.051983865,EMAX,1900,6,4.2,APC,Hobbywing,45,
33.4324744,1400,7445,0.165195168,12.09070181,2.311097581,27.94279171,5.911906373,EMAX,1900,6,4.2,APC,Hobbywing,45,
37.307829,1425,7768,0.180358685,12.07114894,2.561462587,30.91979639,5.833113599,EMAX,1900,6,4.2,APC,Hobbywing,45,
41.2079902,1450,8107,0.19507109,12.05100741,2.863635049,34.5096872,5.652647287,EMAX,1900,6,4.2,APC,Hobbywing,45,
45.1096122,1475,8427,0.212077364,12.02740784,3.219449774,38.72163545,5.476973302,EMAX,1900,6,4.2,APC,Hobbywing,45,
49.0087852,1500,8764,0.228011968,12.00406103,3.549217466,42.60502306,5.351762589,EMAX,1900,6,4.2,APC,Hobbywing,45,
53.6349896,1600,10153,0.308812322,11.91108108,5.412759647,64.47181902,4.7898807,EMAX,1900,6,4.2,APC,Hobbywing,45,
58.2602056,1700,11634,0.421635424,11.76755568,8.193773142,96.42068171,4.372873289,EMAX,1900,6,4.2,APC,Hobbywing,45,
0.3027634,1000,0,-0.000552755,8.226964283,-0.003994363,0.032861479,,BetaFPV,3000,5,3,HQProp,Hobbywing,30,
9.5821278,1200,4820,0.018210907,8.220123207,0.375581867,3.087329217,5.898595789,BetaFPV,3000,5,3,HQProp,Hobbywing,30,
13.7323976,1250,5863,0.027359685,8.215561063,0.582966561,4.78939738,5.712552672,BetaFPV,3000,5,3,HQProp,Hobbywing,30,
17.858655,1300,6794,0.037686404,8.209803837,0.84281403,6.919337854,5.446533341,BetaFPV,3000,5,3,HQProp,Hobbywing,30,
21.7587202,1325,7240,0.044358179,8.205929831,0.975128711,8.001837777,5.543498922,BetaFPV,3000,5,3,HQProp,Hobbywing,30,
25.6601734,1350,7700,0.04969825,8.202025154,1.118913173,9.17735399,5.415313579,BetaFPV,3000,5,3,HQProp,Hobbywing,30,
29.533354,1375,8133,0.055997039,8.196689934,1.268051312,10.39382343,5.387530364,BetaFPV,3000,5,3,HQProp,Hobbywing,30,
33.4342086,1400,8538,0.061692384,8.191172855,1.43364004,11.74319338,5.253458956,BetaFPV,3000,5,3,HQProp,Hobbywing,30,
37.3344434,1425,8939,0.067862728,8.185160927,1.618150137,13.24481927,5.123718686,BetaFPV,3000,5,3,HQProp,Hobbywing,30,
41.2354324,1450,9303,0.074128235,8.180382934,1.783534265,14.58999326,5.08075869,BetaFPV,3000,5,3,HQProp,Hobbywing,30,
45.1348164,1475,9618,0.080514042,8.175445969,1.94438388,15.89620536,5.06498501,BetaFPV,3000,5,3,HQProp,Hobbywing,30,
49.0359478,1500,9916,0.085076362,8.169702093,2.10580401,17.20379143,4.945210016,BetaFPV,3000,5,3,HQProp,Hobbywing,30,
53.1610518,1550,10666,0.097968033,8.159041138,2.548873452,20.79636335,4.710825213,BetaFPV,3000,5,3,HQProp,Hobbywing,30,
57.2880222,1600,11530,0.118305941,8.142818562,3.189300457,25.96989496,4.555503252,BetaFPV,3000,5,3,HQProp,Hobbywing,30,
61.437245,1650,12350,0.137661711,8.125506128,3.897219048,31.66687725,4.347183032,BetaFPV,3000,5,3,HQProp,Hobbywing,30,
65.5639094,1700,13209,0.160348,8.105706846,4.723963559,38.29106376,4.187608917,BetaFPV,3000,5,3,HQProp,Hobbywing,30,
69.6895576,1750,14088,0.185059507,8.08175568,5.67446524,45.85964169,4.035345684,BetaFPV,3000,5,3,HQProp,Hobbywing,30,
73.8401148,1800,14984,0.211784601,8.055530592,6.734449736,54.24956586,3.903894859,BetaFPV,3000,5,3,HQProp,Hobbywing,30,
77.9657048,1850,15865,0.246439602,8.023044817,8.025645183,64.39011099,3.8272896,BetaFPV,3000,5,3,HQProp,Hobbywing,30,
1.27140905,1000,0,-1.64E-06,25.16831218,0.008954467,0.225368814,,Tarot,320,12,5.5,Tarot,Hobbywing,20-30,
27.4863578,1942,6827,1.574678984,24.80389279,11.11214747,275.6245146,5.713131092,Tarot,320,12,5.5,Tarot,Hobbywing,20-30,
34.76861795,1916,6793,1.540510782,24.77534011,10.87490053,269.4293593,5.717679712,Tarot,320,12,5.5,Tarot,Hobbywing,20-30,
41.9962816,1890,6620,1.420008576,24.77787825,9.811446767,243.1068334,5.841088693,Tarot,320,12,5.5,Tarot,Hobbywing,20-30,
49.2039268,1864,6435,1.361581216,24.78011198,9.10527518,225.6297386,6.034582252,Tarot,320,12,5.5,Tarot,Hobbywing,20-30,
56.52514545,1838,6246,1.284743139,24.78893857,8.319979582,206.2434628,6.229255085,Tarot,320,12,5.5,Tarot,Hobbywing,20-30,
63.817065,1812,6083,1.187260883,24.79934756,7.537991302,186.9372662,6.351119317,Tarot,320,12,5.5,Tarot,Hobbywing,20-30,
71.1062641,1786,5897,1.129141622,24.81003594,6.901291175,171.2212821,6.594633613,Tarot,320,12,5.5,Tarot,Hobbywing,20-30,
78.4341964,1760,5722,1.042789415,24.82358071,6.212164126,154.2081575,6.762219531,Tarot,320,12,5.5,Tarot,Hobbywing,20-30,
85.84262395,1734,5539,0.983385824,24.8331176,5.585267327,138.6996004,7.090040785,Tarot,320,12,5.5,Tarot,Hobbywing,20-30,
93.2126526,1709,5358,0.91404401,24.84604379,5.111085302,126.9902492,7.197749552,Tarot,320,12,5.5,Tarot,Hobbywing,20-30,
100.6421644,1683,5181,0.830079281,24.85826034,4.549899335,113.1025822,7.339171791,Tarot,320,12,5.5,Tarot,Hobbywing,20-30,
108.0256633,1657,4982,0.793357321,24.86682599,4.141996366,102.9983029,7.702625179,Tarot,320,12,5.5,Tarot,Hobbywing,20-30,
115.4798178,1631,4808,0.6848191,24.88038727,3.578082324,89.0240739,7.692515858,Tarot,320,12,5.5,Tarot,Hobbywing,20-30,
122.9008885,1605,4597,0.657639246,24.88835024,3.260506342,81.14862381,8.104133076,Tarot,320,12,5.5,Tarot,Hobbywing,20-30,
130.3100021,1579,4400,0.5974239,24.89905616,2.893880229,72.05488635,8.291233675,Tarot,320,12,5.5,Tarot,Hobbywing,20-30,
137.7687768,1553,4262,0.513301518,24.90892819,2.505312293,62.404644,8.225373701,Tarot,320,12,5.5,Tarot,Hobbywing,20-30,
145.246688,1527,4055,0.502611707,24.91417543,2.320074998,57.8027555,8.695289749,Tarot,320,12,5.5,Tarot,Hobbywing,20-30,
152.8258217,1501,3898,0.460702624,24.92019176,2.102650456,52.39845258,8.792294451,Tarot,320,12,5.5,Tarot,Hobbywing,20-30,
160.263766,1475,3743,0.423984471,24.92490278,1.907567727,47.54594015,8.917364338,Tarot,320,12,5.5,Tarot,Hobbywing,20-30,
167.774741,1450,3599,0.390776474,24.9294916,1.73223654,43.18377627,9.049150122,Tarot,320,12,5.5,Tarot,Hobbywing,20-30,
175.3097682,1424,3447,0.349616711,24.93455795,1.541564443,38.43822794,9.095547056,Tarot,320,12,5.5,Tarot,Hobbywing,20-30,
182.9159983,1398,3269,0.31675734,24.939502,1.364039318,34.0184613,9.311336496,Tarot,320,12,5.5,Tarot,Hobbywing,20-30,
190.4475217,1372,3090,0.288773618,24.94415845,1.217824604,30.3776099,9.506133597,Tarot,320,12,5.5,Tarot,Hobbywing,20-30,
198.0534407,1346,2926,0.251063476,24.94943391,1.046121161,26.10013077,9.619242082,Tarot,320,12,5.5,Tarot,Hobbywing,20-30,
205.646545,1320,2747,0.216070652,24.95388477,0.890174192,22.2133042,9.727082945,Tarot,320,12,5.5,Tarot,Hobbywing,20-30,
213.2646419,1294,2560,0.186289234,24.95838396,0.745294102,18.60133636,10.01483068,Tarot,320,12,5.5,Tarot,Hobbywing,20-30,
220.8661591,1268,2338,0.153167968,24.96229324,0.611910249,15.27468308,10.0275709,Tarot,320,12,5.5,Tarot,Hobbywing,20-30,
228.5054479,1242,2085,0.123869658,24.96647835,0.484327406,12.0919497,10.24397728,Tarot,320,12,5.5,Tarot,Hobbywing,20-30,
236.1011107,1216,1837,0.088699635,24.97089813,0.367462977,9.175880569,9.666607442,Tarot,320,12,5.5,Tarot,Hobbywing,20-30,
243.7417697,1191,1553,0.0658242,24.97448978,0.277241467,6.923964175,9.506721699,Tarot,320,12,5.5,Tarot,Hobbywing,20-30,
0.3354662,1000,0,-0.000320842,11.82691148,-0.004505676,0.053288229,,Lumenier,1700,6,3.5,HQProp,Lumenier,35-40,
9.6158526,1200,3637,0.015149265,11.81759075,0.369517756,4.366809618,3.469183858,Lumenier,1700,6,3.5,HQProp,Lumenier,35-40,
14.3006012,1300,5298,0.032429457,11.80371646,0.821603188,9.697971074,3.34394243,Lumenier,1700,6,3.5,HQProp,Lumenier,35-40,
18.4274218,1350,6078,0.04127364,11.79228866,1.124143943,13.25622987,3.113527796,Lumenier,1700,6,3.5,HQProp,Lumenier,35-40,
22.5578882,1400,6805,0.051857346,11.77858611,1.466166064,17.26936324,3.002852262,Lumenier,1700,6,3.5,HQProp,Lumenier,35-40,
26.7685658,1450,7503,0.0645432,11.76138447,1.856273617,21.83234769,2.956310541,Lumenier,1700,6,3.5,HQProp,Lumenier,35-40,
30.9676322,1500,8203,0.074804915,11.74199696,2.302857766,27.04014888,2.766438743,Lumenier,1700,6,3.5,HQProp,Lumenier,35-40,
35.1551062,1550,8823,0.084158778,11.71775814,2.729000361,31.97776618,2.631790386,Lumenier,1700,6,3.5,HQProp,Lumenier,35-40,
39.2963558,1600,9445,0.099538799,11.69087198,3.363576912,39.32314708,2.531302975,Lumenier,1700,6,3.5,HQProp,Lumenier,35-40,
43.4560384,1650,10170,0.114918911,11.66042004,4.097039526,47.7732018,2.405509923,Lumenier,1700,6,3.5,HQProp,Lumenier,35-40,
47.6546872,1700,10873,0.129736662,11.62304011,4.923299408,57.22370649,2.267183826,Lumenier,1700,6,3.5,HQProp,Lumenier,35-40,
0.2857616,1000,0,0.000704892,12.59030595,0.052805393,0.664836057,,EMAX,1700,7,3.5,Gemfan,hobbywing,50,
9.5509722,1200,7983,0.048703011,12.57499875,0.540843547,6.801106934,7.161041835,EMAX,1700,7,3.5,Gemfan,hobbywing,50,
13.7023314,1250,9766,0.074244476,12.56362344,0.827949804,10.40204956,7.137485285,EMAX,1700,7,3.5,Gemfan,hobbywing,50,
17.853297,1300,11458,0.106509534,12.5476102,1.176862739,14.76681491,7.212762816,EMAX,1700,7,3.5,Gemfan,hobbywing,50,
22.0026424,1350,13031,0.141860252,12.52930316,1.588401854,19.90156836,7.128094107,EMAX,1700,7,3.5,Gemfan,hobbywing,50,
26.1532076,1400,14383,0.176908601,12.50695233,2.052777957,25.67399606,6.890575232,EMAX,1700,7,3.5,Gemfan,hobbywing,50,
30.8064238,1500,17015,0.253812659,12.4599587,3.174865472,39.55869265,6.416103311,EMAX,1700,7,3.5,Gemfan,hobbywing,50,
35.4555198,1600,19717,0.35238167,12.38728185,4.859068716,60.1906537,5.854425043,EMAX,1700,7,3.5,Gemfan,hobbywing,50,
40.0809124,1700,22590,0.479816306,12.28776743,7.309750354,89.82051234,5.341945772,EMAX,1700,7,3.5,Gemfan,hobbywing,50,
0.3009292,1000,0,0.000300782,7.833754787,0.010535128,0.082529608,,T-Motor,3950,4,2.4,Gemfan (Hurricane),Hobbywing,30,
9.5768978,1200,5575,0.011214868,7.827839641,0.376038247,2.943567097,3.809958221,T-Motor,3950,4,2.4,Gemfan (Hurricane),Hobbywing,30,
13.7269808,1250,6831,0.017030178,7.824317398,0.532671091,4.167787683,4.086143256,T-Motor,3950,4,2.4,Gemfan (Hurricane),Hobbywing,30,
17.8770604,1300,7992,0.023616284,7.819396552,0.732679883,5.729114552,4.122152602,T-Motor,3950,4,2.4,Gemfan (Hurricane),Hobbywing,30,
21.7768414,1325,8547,0.027285916,7.817153349,0.846318269,6.615799693,4.124356381,T-Motor,3950,4,2.4,Gemfan (Hurricane),Hobbywing,30,
25.65237,1350,9081,0.031152503,7.813932441,0.952646844,7.443918079,4.184960446,T-Motor,3950,4,2.4,Gemfan (Hurricane),Hobbywing,30,
29.5203152,1375,9611,0.035694732,7.810686199,1.066584766,8.33075891,4.284691466,T-Motor,3950,4,2.4,Gemfan (Hurricane),Hobbywing,30,
33.401923,1400,10109,0.039515499,7.806970029,1.191243189,9.299999876,4.24897842,T-Motor,3950,4,2.4,Gemfan (Hurricane),Hobbywing,30,
37.2776668,1425,10629,0.044712147,7.803279887,1.306483811,10.19485884,4.385754355,T-Motor,3950,4,2.4,Gemfan (Hurricane),Hobbywing,30,
41.1774878,1450,11144,0.048236455,7.799136283,1.437061418,11.20783785,4.303814536,T-Motor,3950,4,2.4,Gemfan (Hurricane),Hobbywing,30,
45.077715,1475,11649,0.053769728,7.794847003,1.579805432,12.31434164,4.366431372,T-Motor,3950,4,2.4,Gemfan (Hurricane),Hobbywing,30,
48.9775042,1500,12190,0.058094161,7.790360896,1.741449619,13.56652101,4.282170879,T-Motor,3950,4,2.4,Gemfan (Hurricane),Hobbywing,30,
53.1165,1550,13257,0.070982255,7.780944357,2.103222924,16.36506054,4.337426998,T-Motor,3950,4,2.4,Gemfan (Hurricane),Hobbywing,30,
57.228987,1600,14356,0.081695031,7.769352121,2.51416446,19.53342898,4.182319015,T-Motor,3950,4,2.4,Gemfan (Hurricane),Hobbywing,30,
61.3542784,1650,15489,0.09641153,7.756853051,2.972862994,23.06006138,4.180887825,T-Motor,3950,4,2.4,Gemfan (Hurricane),Hobbywing,30,
65.5070962,1700,16626,0.112023147,7.742038799,3.500124256,27.09809779,4.13398565,T-Motor,3950,4,2.4,Gemfan (Hurricane),Hobbywing,30,
69.6285752,1750,17654,0.128535311,7.726797994,4.088362733,31.58995296,4.068866792,T-Motor,3950,4,2.4,Gemfan (Hurricane),Hobbywing,30,
73.7538048,1800,18846,0.146451463,7.707970137,4.816626401,37.12641246,3.944670482,T-Motor,3950,4,2.4,Gemfan (Hurricane),Hobbywing,30,
77.8969344,1850,20023,0.168305917,7.685602494,5.702848827,43.82982917,3.839985685,T-Motor,3950,4,2.4,Gemfan (Hurricane),Hobbywing,30,
0.301021,1000,0,2.80E-07,12.53407745,0.048073312,0.602554616,,EMAX,1700,7,3,Gemfan,Hobbywing,50,
9.5519832,1200,7726,0.061555555,12.5163557,0.640159787,8.012467595,7.682471608,EMAX,1700,7,3,Gemfan,Hobbywing,50,
13.7023174,1250,9401,0.092251319,12.50159994,0.992952384,12.41349347,7.431535602,EMAX,1700,7,3,Gemfan,Hobbywing,50,
17.8515004,1300,10880,0.131982152,12.48348671,1.420182745,17.72883242,7.44449207,EMAX,1700,7,3,Gemfan,Hobbywing,50,
22.0032362,1350,12177,0.164144691,12.46267626,1.868730689,23.28938558,7.048047311,EMAX,1700,7,3,Gemfan,Hobbywing,50,
26.1286726,1400,13464,0.207898597,12.43518805,2.469495746,30.70864397,6.770035075,EMAX,1700,7,3,Gemfan,Hobbywing,50,
30.7536014,1500,15957,0.299622175,12.37077748,4.028616788,49.83712184,6.012028068,EMAX,1700,7,3,Gemfan,Hobbywing,50,
35.3789848,1600,18412,0.405851141,12.28235013,6.188982416,76.01524897,5.339075333,EMAX,1700,7,3,Gemfan,Hobbywing,50,
40.0299744,1700,20868,0.529506586,12.16099922,9.036788857,109.8963823,4.818234915,EMAX,1700,7,3,Gemfan,Hobbywing,50,
0.2986214,1000,0,-0.000786064,12.07339805,0.008547352,0.103195585,,T-Motor,1500,6,4.5,Master Airscrew,T -Motor,30,
9.5502848,1200,3363,0.028156969,12.06339195,0.255209851,3.078696457,9.145743871,T-Motor,1500,6,4.5,Master Airscrew,T -Motor,30,
13.6761488,1250,4073,0.0423947,12.05576843,0.401992297,4.846326047,8.747801755,T-Motor,1500,6,4.5,Master Airscrew,T -Motor,30,
17.8025844,1300,4683,0.059833517,12.04713576,0.574755353,6.924155771,8.641272531,T-Motor,1500,6,4.5,Master Airscrew,T -Motor,30,
21.700243,1325,5006,0.068187172,12.0396407,0.690091532,8.308454102,8.206962624,T-Motor,1500,6,4.5,Master Airscrew,T -Motor,30,
25.5997546,1350,5341,0.079250957,12.03240941,0.819032497,9.854934325,8.041753903,T-Motor,1500,6,4.5,Master Airscrew,T -Motor,30,
29.4995226,1375,5644,0.089252151,12.023256,0.961574149,11.56125215,7.719938126,T-Motor,1500,6,4.5,Master Airscrew,T -Motor,30,
33.3753176,1400,5968,0.098398519,12.01476605,1.092935553,13.13136498,7.493396097,T-Motor,1500,6,4.5,Master Airscrew,T -Motor,30,
37.2763942,1425,6276,0.110181359,12.00408884,1.254584186,15.06014003,7.316091267,T-Motor,1500,6,4.5,Master Airscrew,T -Motor,30,
41.1531412,1450,6571,0.123409416,11.99290678,1.414164848,16.9599472,7.276521254,T-Motor,1500,6,4.5,Master Airscrew,T -Motor,30,
45.0282222,1475,6836,0.132244575,11.98117233,1.587426701,19.01923286,6.953202375,T-Motor,1500,6,4.5,Master Airscrew,T -Motor,30,
48.9286586,1500,7117,0.145183748,11.96778783,1.771779122,21.20427661,6.846908794,T-Motor,1500,6,4.5,Master Airscrew,T -Motor,30,
53.5541706,1600,8240,0.193815478,11.91938974,2.670016422,31.82496634,6.090045031,T-Motor,1500,6,4.5,Master Airscrew,T -Motor,30,
58.2039436,1700,9351,0.249777663,11.85496146,3.862067306,45.78465906,5.455488117,T-Motor,1500,6,4.5,Master Airscrew,T -Motor,30,
0.3001948,1000,0,0.000403967,8.106481284,0.00535203,0.043386127,,FlashHobby,3650,5,5,HQProp,Hobbywing,25-30,
9.5516738,1200,4883,0.030878229,8.097149484,0.524451297,4.246560549,7.271350153,FlashHobby,3650,5,5,HQProp,Hobbywing,25-30,
13.701532,1250,5814,0.045914792,8.090661515,0.837019746,6.772043447,6.780049837,FlashHobby,3650,5,5,HQProp,Hobbywing,25-30,
17.8273496,1300,6645,0.060351657,8.083100463,1.171362948,9.468244387,6.374112723,FlashHobby,3650,5,5,HQProp,Hobbywing,25-30,
21.7024924,1325,6989,0.067674752,8.078466222,1.333948773,10.7762601,6.279985,FlashHobby,3650,5,5,HQProp,Hobbywing,25-30,
25.5776464,1350,7310,0.075204971,8.074021129,1.499800554,12.10942137,6.210451277,FlashHobby,3650,5,5,HQProp,Hobbywing,25-30,
29.453039,1375,7579,0.081805932,8.069591813,1.676004638,13.52467331,6.048643878,FlashHobby,3650,5,5,HQProp,Hobbywing,25-30,
33.3535606,1400,7895,0.089423019,8.063404812,1.884773831,15.19769438,5.883985857,FlashHobby,3650,5,5,HQProp,Hobbywing,25-30,
37.2545262,1425,8237,0.09534132,8.058206174,2.099062563,16.9146789,5.636602421,FlashHobby,3650,5,5,HQProp,Hobbywing,25-30,
41.1544476,1450,8586,0.101011526,8.051288451,2.34012909,18.84105432,5.361245937,FlashHobby,3650,5,5,HQProp,Hobbywing,25-30,
45.0561404,1475,8853,0.110547277,8.043421462,2.60417099,20.94644483,5.277615242,FlashHobby,3650,5,5,HQProp,Hobbywing,25-30,
48.9313358,1500,9142,0.119045984,8.036460352,2.897276643,23.28384887,5.112813815,FlashHobby,3650,5,5,HQProp,Hobbywing,25-30,
53.0812736,1550,9850,0.128974392,8.021807467,3.471635321,27.84879014,4.631238588,FlashHobby,3650,5,5,HQProp,Hobbywing,25-30,
57.2060472,1600,10469,0.152233549,8.00017693,4.254665899,34.03807997,4.472448173,FlashHobby,3650,5,5,HQProp,Hobbywing,25-30,
61.332925,1650,11199,0.17028207,7.980580059,5.087951478,40.60480411,4.193643429,FlashHobby,3650,5,5,HQProp,Hobbywing,25-30,
65.4568632,1700,11771,0.197293328,7.95506404,6.189333182,49.23654183,4.007050874,FlashHobby,3650,5,5,HQProp,Hobbywing,25-30,
69.6088,1750,12438,0.223927523,7.925610172,7.393741369,58.5999118,3.821294534,FlashHobby,3650,5,5,HQProp,Hobbywing,25-30,
73.778441,1800,13148,0.245066976,7.894589865,8.651838808,68.30271896,3.587953453,FlashHobby,3650,5,5,HQProp,Hobbywing,25-30,
77.9093124,1850,13727,0.268146719,7.860517039,10.04099263,78.92739362,3.397384695,FlashHobby,3650,5,5,HQProp,Hobbywing,25-30,
0,1000,0,0.000679265,7.684190901,-0.001552297,0.011928147,,T-Motor,2850,6,4,T-Motor,Hobbywing,30,
17.550257,1300,4244,0.040566663,7.671741395,0.561759533,4.309673863,9.41293098,T-Motor,2850,6,4,T-Motor,Hobbywing,30,
21.4501138,1325,4746,0.051512547,7.665923333,0.753928658,5.779559289,8.912884924,T-Motor,2850,6,4,T-Motor,Hobbywing,30,
25.3344782,1350,5193,0.062064083,7.660213301,0.962377398,7.372016146,8.418875114,T-Motor,2850,6,4,T-Motor,Hobbywing,30,
29.2004826,1375,5613,0.073253518,7.653687951,1.174979382,8.992925539,8.145682741,T-Motor,2850,6,4,T-Motor,Hobbywing,30,
33.1006734,1400,5975,0.081665839,7.647841252,1.390952484,10.63778379,7.676959853,T-Motor,2850,6,4,T-Motor,Hobbywing,30,
37.000634,1425,6357,0.094400247,7.640855074,1.66242507,12.70234903,7.431715754,T-Motor,2850,6,4,T-Motor,Hobbywing,30,
40.8583442,1450,6750,0.106599344,7.632453725,1.976795468,15.08779993,7.065267619,T-Motor,2850,6,4,T-Motor,Hobbywing,30,
44.7259042,1475,7135,0.121020147,7.621882629,2.343500871,17.86188858,6.775327599,T-Motor,2850,6,4,T-Motor,Hobbywing,30,
48.6261378,1500,7531,0.13573718,7.610184674,2.739142052,20.84537686,6.511620326,T-Motor,2850,6,4,T-Motor,Hobbywing,30,
52.7762396,1550,8335,0.170141199,7.585164574,3.746021015,28.4141859,5.987896317,T-Motor,2850,6,4,T-Motor,Hobbywing,30,
56.9258184,1600,9294,0.21102651,7.554734839,5.048170518,38.13758968,5.533294371,T-Motor,2850,6,4,T-Motor,Hobbywing,30,
61.0510898,1650,10285,0.260221214,7.513903813,6.673877282,50.14687196,5.189181385,T-Motor,2850,6,4,T-Motor,Hobbywing,30,
65.2011268,1700,11333,0.320169465,7.456694724,8.861835215,66.07999989,4.845179563,T-Motor,2850,6,4,T-Motor,Hobbywing,30,
69.3517192,1750,12225,0.383045578,7.393540034,11.25434293,83.209435,4.603391171,T-Motor,2850,6,4,T-Motor,Hobbywing,30,
73.5016444,1800,13185,0.438345063,7.327043432,13.75354594,100.7728285,4.349833877,T-Motor,2850,6,4,T-Motor,Hobbywing,30,
77.6521136,1850,13749,0.476998422,7.262942707,15.85074397,115.1230453,4.143379114,T-Motor,2850,6,4,T-Motor,Hobbywing,30,
0.3014042,1000,0,-0.00010906,12.29765211,0.046864421,0.576322348,,EMAX,1700,6,4.2,Gemfan ,Hobbywing,50,
9.553798,1200,7754,0.043963478,12.28343808,0.541999135,6.657612811,6.60348969,EMAX,1700,6,4.2,Gemfan ,Hobbywing,50,
13.7040736,1250,9457,0.068844005,12.27164603,0.841085035,10.32149784,6.669962628,EMAX,1700,6,4.2,Gemfan ,Hobbywing,50,
17.8297718,1300,11131,0.097356959,12.2558226,1.195161557,14.64768802,6.646575113,EMAX,1700,6,4.2,Gemfan ,Hobbywing,50,
21.9788002,1350,12637,0.124627444,12.23698332,1.603954564,19.62756524,6.349613026,EMAX,1700,6,4.2,Gemfan ,Hobbywing,50,
26.1043412,1400,13902,0.155642684,12.21670595,2.048091275,25.02092887,6.220499855,EMAX,1700,6,4.2,Gemfan ,Hobbywing,50,
30.730459,1500,16512,0.22109638,12.16813508,3.196488577,38.89530479,5.68439768,EMAX,1700,6,4.2,Gemfan ,Hobbywing,50,
35.3810032,1600,19174,0.303396363,12.10055073,4.868834907,58.91558377,5.149679312,EMAX,1700,6,4.2,Gemfan ,Hobbywing,50,
40.005392,1700,21810,0.411551976,12.0033473,7.274825145,87.32225273,4.713025186,EMAX,1700,6,4.2,Gemfan ,Hobbywing,50,
0.3014642,1000,0,-0.000616634,12.28619281,0.048784895,0.599380631,,T-motor,2850,5.1,3.3,Gemfan,T-motor,50,
9.577341,1200,6006,0.042847698,12.26306354,0.61643207,7.559345638,5.668175501,T-motor,2850,5.1,3.3,Gemfan,T-motor,50,
13.7277434,1250,7242,0.063981154,12.24423921,0.952791586,11.6662081,5.484314498,T-motor,2850,5.1,3.3,Gemfan,T-motor,50,
17.8777858,1300,8381,0.087425824,12.22333983,1.345125181,16.44192219,5.31725082,T-motor,2850,5.1,3.3,Gemfan,T-motor,50,
22.029049,1350,9365,0.111963245,12.19795599,1.816568203,22.15841899,5.052853486,T-motor,2850,5.1,3.3,Gemfan,T-motor,50,
26.1543792,1400,10275,0.137498192,12.16797157,2.30875677,28.09288675,4.894413083,T-motor,2850,5.1,3.3,Gemfan,T-motor,50,
30.8038874,1500,12099,0.191144103,12.10012356,3.635040676,43.98444133,4.345720838,T-motor,2850,5.1,3.3,Gemfan,T-motor,50,
35.4288956,1600,13870,0.249288119,12.00723312,5.414030565,65.00752713,3.834757761,T-motor,2850,5.1,3.3,Gemfan,T-motor,50,
40.0546524,1700,15593,0.33047169,11.8747284,7.932140121,94.1920096,3.508489647,T-motor,2850,5.1,3.3,Gemfan,T-motor,50,
0.3093956,1000,0,3.58E-05,12.53811951,1.768128307,22.16900402,,Lumenier,2550,5.1,3.6,Gemfan,Lumenier,35-40,
9.6587568,1200,6247,0.040724853,12.54805325,0.835907914,10.48901702,3.882618601,Lumenier,2550,5.1,3.6,Gemfan,Lumenier,35-40,
14.3109124,1300,8886,0.083404653,12.51882719,1.690403581,21.1618703,3.941270397,Lumenier,2550,5.1,3.6,Gemfan,Lumenier,35-40,
18.4904122,1350,10081,0.107571809,12.4967107,2.20721198,27.58288957,3.899947054,Lumenier,2550,5.1,3.6,Gemfan,Lumenier,35-40,
22.6599692,1400,11245,0.135215828,12.47018543,2.850336482,35.54422448,3.804157489,Lumenier,2550,5.1,3.6,Gemfan,Lumenier,35-40,
26.8059566,1450,12324,0.161531667,12.44273334,3.518282275,43.77704818,3.689871149,Lumenier,2550,5.1,3.6,Gemfan,Lumenier,35-40,
30.9850476,1500,13330,0.187879519,12.40686156,4.28627765,53.17925341,3.532947656,Lumenier,2550,5.1,3.6,Gemfan,Lumenier,35-40,
35.1364622,1550,14358,0.213746968,12.37103925,5.093690793,63.01424872,3.392041832,Lumenier,2550,5.1,3.6,Gemfan,Lumenier,35-40,
39.2961284,1600,15297,0.251768467,12.3274962,6.155232064,75.87859988,3.318043126,Lumenier,2550,5.1,3.6,Gemfan,Lumenier,35-40,
43.4404456,1650,16355,0.294639074,12.27374257,7.50132392,92.0693187,3.200187402,Lumenier,2550,5.1,3.6,Gemfan,Lumenier,35-40,
47.5870916,1700,17505,0.338270966,12.20706091,9.068188387,110.695928,3.055857357,Lumenier,2550,5.1,3.6,Gemfan,Lumenier,35-40,
0.300482,1000,0,0.000306165,12.06109041,0.010789379,0.130131679,,T-motor,3550,5.1,3,Gemfan,T-motor,35,
9.577883,1200,7089,0.054688901,12.02234327,1.001397047,12.03913904,4.542592384,T-motor,3550,5.1,3,Gemfan,T-motor,35,
14.2265396,1300,9735,0.100101139,11.96918076,2.08450352,24.94979942,4.012101946,T-motor,3550,5.1,3,Gemfan,T-motor,35,
18.3773716,1350,10774,0.123922711,11.93009162,2.744974383,32.74779589,3.784154243,T-motor,3550,5.1,3,Gemfan,T-motor,35,
22.5012812,1400,11746,0.144683324,11.88818883,3.41429683,40.58980545,3.5645237,T-motor,3550,5.1,3,Gemfan,T-motor,35,
26.627451,1450,12591,0.164293998,11.84464524,4.153981852,49.20244138,3.339143218,T-motor,3550,5.1,3,Gemfan,T-motor,35,
30.7774822,1500,13421,0.19047101,11.79068485,5.114643061,60.30514447,3.15845376,T-motor,3550,5.1,3,Gemfan,T-motor,35,
34.9295208,1550,14265,0.217076599,11.72915264,6.187374115,72.57265546,2.991162412,T-motor,3550,5.1,3,Gemfan,T-motor,35,
39.0801868,1600,15237,0.242196739,11.65725511,7.354555881,85.73393409,2.82498105,T-motor,3550,5.1,3,Gemfan,T-motor,35,
43.204494,1650,16105,0.271761991,11.5768926,8.754457081,101.3494094,2.681436361,T-motor,3550,5.1,3,Gemfan,T-motor,35,
47.329394,1700,17029,0.304632265,11.47844667,10.43654243,119.7952957,2.542940129,T-motor,3550,5.1,3,Gemfan,T-motor,35,
0.3112222,1000,0,-0.000217762,12.31739425,-0.000352933,0.004347219,,Lumenier,2550,5.5,3.6,Gemfan,Lumenier,35-40,
9.6477608,1200,6070,0.034453278,12.29256052,0.958641161,11.78415449,2.923695367,Lumenier,2550,5.5,3.6,Gemfan,Lumenier,35-40,
14.2948032,1300,8504,0.068165737,12.25590979,2.043859685,25.04935993,2.72125664,Lumenier,2550,5.5,3.6,Gemfan,Lumenier,35-40,
18.4695224,1350,9512,0.088738435,12.22680774,2.752478424,33.6540245,2.63678524,Lumenier,2550,5.5,3.6,Gemfan,Lumenier,35-40,
22.6356324,1400,10463,0.107130939,12.19598359,3.51890354,42.91648983,2.496265178,Lumenier,2550,5.5,3.6,Gemfan,Lumenier,35-40,
26.7732512,1450,11381,0.125686632,12.15938027,4.409133054,53.61232545,2.344360763,Lumenier,2550,5.5,3.6,Gemfan,Lumenier,35-40,
30.9443604,1500,12165,0.146297974,12.11917709,5.389472091,65.31596671,2.239850086,Lumenier,2550,5.5,3.6,Gemfan,Lumenier,35-40,
35.1124496,1550,13006,0.169318392,12.07082833,6.610116934,79.78958677,2.122061273,Lumenier,2550,5.5,3.6,Gemfan,Lumenier,35-40,
39.2585734,1600,13910,0.195493598,12.01389002,8.11099485,97.4446001,2.006202474,Lumenier,2550,5.5,3.6,Gemfan,Lumenier,35-40,
43.425976,1650,14823,0.222215068,11.94402501,9.744353101,116.3867972,1.909280719,Lumenier,2550,5.5,3.6,Gemfan,Lumenier,35-40,
47.5971036,1700,15697,0.257235944,11.86076712,11.93627723,141.5734045,1.816979288,Lumenier,2550,5.5,3.6,Gemfan,Lumenier,35-40,
0.3008164,1000,0,0.000220568,7.80142475,-0.01644329,0.128281087,,T-Motor,2850,6,4.2,Gemfan,Hobbywing,30,
9.5509428,1200,3558,0.028977279,7.793948539,0.4142734,3.228825557,8.974557131,T-Motor,2850,6,4.2,Gemfan,Hobbywing,30,
13.7002018,1250,4254,0.043046811,7.788623563,0.656781755,5.115425856,8.41509816,T-Motor,2850,6,4.2,Gemfan,Hobbywing,30,
17.8264012,1300,4826,0.055637038,7.782036006,0.940355732,7.317882166,7.602887972,T-Motor,2850,6,4.2,Gemfan,Hobbywing,30,
21.7265646,1325,5087,0.061940849,7.777467853,1.073001675,8.345236032,7.422300486,T-Motor,2850,6,4.2,Gemfan,Hobbywing,30,
25.601565,1350,5357,0.068795351,7.77186173,1.232939513,9.582235413,7.179467892,T-Motor,2850,6,4.2,Gemfan,Hobbywing,30,
29.5019108,1375,5642,0.075589915,7.76701497,1.413684172,10.98010613,6.884260846,T-Motor,2850,6,4.2,Gemfan,Hobbywing,30,
33.3810194,1400,5848,0.086809705,7.761137542,1.629278003,12.64505068,6.865113245,T-Motor,2850,6,4.2,Gemfan,Hobbywing,30,
37.2766916,1425,6141,0.094394879,7.755084065,1.833544088,14.21928854,6.638509288,T-Motor,2850,6,4.2,Gemfan,Hobbywing,30,
41.15344,1450,6374,0.100514294,7.748495076,2.065434007,16.00400524,6.28057119,T-Motor,2850,6,4.2,Gemfan,Hobbywing,30,
45.0521078,1475,6619,0.110438174,7.740859138,2.330925323,18.04336458,6.120708469,T-Motor,2850,6,4.2,Gemfan,Hobbywing,30,
48.9553338,1500,6832,0.119684679,7.732441108,2.610612766,20.18640947,5.928973102,T-Motor,2850,6,4.2,Gemfan,Hobbywing,30,
53.0786936,1550,7366,0.137599195,7.718199436,3.20444788,24.73256782,5.56348195,T-Motor,2850,6,4.2,Gemfan,Hobbywing,30,
57.2055878,1600,7858,0.160438389,7.698574407,3.984342546,30.67375755,5.230477196,T-Motor,2850,6,4.2,Gemfan,Hobbywing,30,
61.357983,1650,8441,0.187351005,7.677533333,4.842166172,37.17589219,5.039583294,T-Motor,2850,6,4.2,Gemfan,Hobbywing,30,
65.5074088,1700,9035,0.21854774,7.648598625,5.912906868,45.22545134,4.832405956,T-Motor,2850,6,4.2,Gemfan,Hobbywing,30,
69.6291688,1750,9654,0.255183058,7.617030766,7.187292976,54.74583172,4.661232642,T-Motor,2850,6,4.2,Gemfan,Hobbywing,30,
73.7585766,1800,10276,0.292293414,7.579571017,8.598762229,65.17492897,4.484752322,T-Motor,2850,6,4.2,Gemfan,Hobbywing,30,
77.8841662,1850,10935,0.329441575,7.535675432,10.32036448,77.77091709,4.236051056,T-Motor,2850,6,4.2,Gemfan,Hobbywing,30,
0.3009704,1000,0,-0.000410704,11.89959392,0.019480423,0.23180912,,Lumenier,2250,6,4.5,Master Airscrew,Hobbywing,45,
9.5771906,1200,4844,0.048224352,11.88112415,0.624956565,7.425186541,6.494699048,Lumenier,2250,6,4.5,Master Airscrew,Hobbywing,45,
13.7274916,1250,5941,0.072798028,11.867343,0.968443702,11.49285359,6.334199587,Lumenier,2250,6,4.5,Master Airscrew,Hobbywing,45,
17.877217,1300,6930,0.101269728,11.84894532,1.355022927,16.05559257,6.307442582,Lumenier,2250,6,4.5,Master Airscrew,Hobbywing,45,
21.777587,1325,7397,0.112956245,11.83710269,1.569640532,18.57999617,6.079454713,Lumenier,2250,6,4.5,Master Airscrew,Hobbywing,45,
25.6782542,1350,7860,0.128241107,11.82188793,1.827050795,21.59918974,5.93731101,Lumenier,2250,6,4.5,Master Airscrew,Hobbywing,45,
29.5781438,1375,8273,0.144593629,11.80694071,2.088737468,24.66159944,5.863108306,Lumenier,2250,6,4.5,Master Airscrew,Hobbywing,45,
33.454377,1400,8709,0.159375748,11.79203711,2.324159576,27.40657596,5.815237478,Lumenier,2250,6,4.5,Master Airscrew,Hobbywing,45,
37.3299714,1425,9081,0.176870953,11.77447771,2.62593546,30.91901856,5.720458181,Lumenier,2250,6,4.5,Master Airscrew,Hobbywing,45,
41.2298456,1450,9466,0.190726108,11.75696317,2.878644918,33.84412228,5.635427799,Lumenier,2250,6,4.5,Master Airscrew,Hobbywing,45,
45.1295172,1475,9841,0.198617186,11.7396172,3.131177327,36.75882321,5.403252017,Lumenier,2250,6,4.5,Master Airscrew,Hobbywing,45,
49.1412434,1500,10197,0.216414899,11.71480615,3.477489822,40.73811914,5.312343908,Lumenier,2250,6,4.5,Master Airscrew,Hobbywing,45,
53.8310368,1600,11837,0.303135849,11.63793679,5.381056018,62.62438979,4.840539765,Lumenier,2250,6,4.5,Master Airscrew,Hobbywing,45,
58.4925274,1700,13620,0.401077246,11.52854836,7.916208779,91.26239575,4.394770076,Lumenier,2250,6,4.5,Master Airscrew,Hobbywing,45,
0.2782278,1000,0,0.000171852,7.797986421,0.034256925,0.267135039,,T-motor,3550,5,3,Gemfan,T-motor,30-35,
9.4397828,1200,4940,0.021786645,7.789778486,0.489248309,3.811135955,5.716575018,T-motor,3550,5,3,Gemfan,T-motor,30-35,
13.5388636,1250,6025,0.029446177,7.785553789,0.685989978,5.340811873,5.513427191,T-motor,3550,5,3,Gemfan,T-motor,30-35,
17.6039878,1300,6993,0.042876935,7.779386802,0.934549527,7.270222254,5.897609944,T-motor,3550,5,3,Gemfan,T-motor,30-35,
21.464737,1325,7493,0.046817003,7.774868894,1.046464492,8.136124225,5.754214417,T-motor,3550,5,3,Gemfan,T-motor,30-35,
25.3246776,1350,7942,0.053787014,7.770268836,1.201805172,9.338349275,5.759798914,T-motor,3550,5,3,Gemfan,T-motor,30-35,
29.1854332,1375,8377,0.058720204,7.766802508,1.330710675,10.33536701,5.68148223,T-motor,3550,5,3,Gemfan,T-motor,30-35,
33.0430426,1400,8802,0.067241993,7.761689729,1.506865129,11.69581959,5.749233124,T-motor,3550,5,3,Gemfan,T-motor,30-35,
36.8848986,1425,9237,0.072140314,7.756878939,1.655222633,12.83936158,5.618683875,T-motor,3550,5,3,Gemfan,T-motor,30-35,
40.7244364,1450,9659,0.077400717,7.752756083,1.820932623,14.11724647,5.482706358,T-motor,3550,5,3,Gemfan,T-motor,30-35,
44.5726802,1475,10060,0.086978217,7.746787582,2.02079048,15.6546346,5.55606815,T-motor,3550,5,3,Gemfan,T-motor,30-35,
48.4284316,1500,10506,0.093989425,7.741172659,2.206440057,17.08043344,5.50275412,T-motor,3550,5,3,Gemfan,T-motor,30-35,
52.54842,1550,11450,0.114217826,7.729337627,2.72290268,21.04623414,5.426995868,T-motor,3550,5,3,Gemfan,T-motor,30-35,
56.655969,1600,12309,0.129847956,7.716345313,3.214798569,24.80649587,5.234433605,T-motor,3550,5,3,Gemfan,T-motor,30-35,
60.7591764,1650,13138,0.145401948,7.70327124,3.724005551,28.68702486,5.068561429,T-motor,3550,5,3,Gemfan,T-motor,30-35,
64.8743096,1700,14111,0.170326618,7.68517464,4.473124781,34.37674513,4.954704623,T-motor,3550,5,3,Gemfan,T-motor,30-35,
68.984566,1750,15167,0.200766288,7.66002965,5.425141345,41.55674356,4.831136197,T-motor,3550,5,3,Gemfan,T-motor,30-35,
73.0868556,1800,16339,0.230901068,7.632761217,6.523212476,49.79012319,4.637487389,T-motor,3550,5,3,Gemfan,T-motor,30-35,
77.1860726,1850,17448,0.26652025,7.602115097,7.764304553,59.02513686,4.515368601,T-motor,3550,5,3,Gemfan,T-motor,30-35,
0.5151438,1000,0,0.000576591,11.73306628,-0.004931075,0.057856635,,EMAX,2500,5.1,3,Gemfan,EMAX,25-30,
10.8029476,1200,5858,0.03714024,11.69288199,0.945020957,11.05001853,3.361102034,EMAX,2500,5.1,3,Gemfan,EMAX,25-30,
15.9508898,1300,8196,0.072908539,11.6561767,1.756625947,20.47554243,3.560762277,EMAX,2500,5.1,3,Gemfan,EMAX,25-30,
20.6906924,1350,9200,0.091448462,11.62974729,2.202367988,25.61298314,3.570394801,EMAX,2500,5.1,3,Gemfan,EMAX,25-30,
25.36299,1400,10157,0.111442706,11.60001888,2.713620839,31.47805296,3.540330357,EMAX,2500,5.1,3,Gemfan,EMAX,25-30,
30.0340582,1450,11126,0.136115059,11.56527515,3.328315768,38.49288764,3.536109333,EMAX,2500,5.1,3,Gemfan,EMAX,25-30,
34.8886262,1500,12188,0.159607759,11.52357397,4.034754978,46.49479744,3.432808987,EMAX,2500,5.1,3,Gemfan,EMAX,25-30,
39.57421,1550,13193,0.19079357,11.4758832,4.888586366,56.10084613,3.400903605,EMAX,2500,5.1,3,Gemfan,EMAX,25-30,
44.1836422,1600,14415,0.22775297,11.41955587,5.975368043,68.23604924,3.337722102,EMAX,2500,5.1,3,Gemfan,EMAX,25-30,
48.8774904,1650,15688,0.266801551,11.35152962,7.205336161,81.79158682,3.261968149,EMAX,2500,5.1,3,Gemfan,EMAX,25-30,
53.7015932,1700,16820,0.308790498,11.28106315,8.479268755,95.65516629,3.228163312,EMAX,2500,5.1,3,Gemfan,EMAX,25-30,
58.9998286,1800,19543,0.408227669,11.11611302,12.21725072,135.8083398,3.005910163,EMAX,2500,5.1,3,Gemfan,EMAX,25-30,
0.2981008,1000,0,0.000585783,12.23750431,0.005642171,0.069046092,7.954252,MultiStar Elite,2150,6,4,Lumenier,MultiStar Elite,30,
9.5723782,1200,4618,0.049565856,12.2204493,0.528478735,6.458247582,7.674815095,MultiStar Elite,2150,6,4,Lumenier,MultiStar Elite,30,
13.6986058,1250,5643,0.07567137,12.20750767,0.854185986,10.42748198,7.256916903,MultiStar Elite,2150,6,4,Lumenier,MultiStar Elite,30,
17.8492284,1300,6549,0.105614225,12.18900468,1.244169705,15.16519035,6.964253203,MultiStar Elite,2150,6,4,Lumenier,MultiStar Elite,30,
22.0014826,1350,7360,0.131316827,12.16858107,1.646088517,20.03056157,6.555823562,MultiStar Elite,2150,6,4,Lumenier,MultiStar Elite,30,
26.125004,1400,8053,0.156535662,12.14675837,2.060788623,25.03190146,6.253446717,MultiStar Elite,2150,6,4,Lumenier,MultiStar Elite,30,
30.7504544,1500,9553,0.22894367,12.09114865,3.36492991,40.68586774,5.627105494,MultiStar Elite,2150,6,4,Lumenier,MultiStar Elite,30,
35.3757562,1600,11137,0.313198726,12.00948387,5.267995463,63.26590654,4.950513533,MultiStar Elite,2150,6,4,Lumenier,MultiStar Elite,30,
40.0282784,1700,12543,0.408000779,11.89862397,7.719984591,91.85719373,4.441685643,MultiStar Elite,2150,6,4,Lumenier,MultiStar Elite,30,
0.2988924,1000,0,-0.000278302,7.920876224,0.02274384,0.180151142,,Hypershot,3922,5.5,5.2,Gemfan,,25-35,
9.5753802,1200,4271,0.044691217,7.904728745,0.920282043,7.274579922,6.143477363,Hypershot,3922,5.5,5.2,Gemfan,,25-35,
13.7260698,1250,4972,0.062520494,7.895401953,1.364033842,10.76959546,5.805277894,Hypershot,3922,5.5,5.2,Gemfan,,25-35,
17.8516018,1300,5504,0.078314835,7.883844666,1.838664248,14.49574333,5.402609091,Hypershot,3922,5.5,5.2,Gemfan,,25-35,
21.7517278,1325,5761,0.086504948,7.87650179,2.120286813,16.70044287,5.179799633,Hypershot,3922,5.5,5.2,Gemfan,,25-35,
25.6273064,1350,5997,0.095379749,7.867601152,2.457953452,19.33819741,4.932194425,Hypershot,3922,5.5,5.2,Gemfan,,25-35,
29.5271856,1375,6276,0.100665633,7.859788069,2.743815398,21.56580753,4.667835085,Hypershot,3922,5.5,5.2,Gemfan,,25-35,
33.4278162,1400,6517,0.108422962,7.850459786,3.092070271,24.27417332,4.466597512,Hypershot,3922,5.5,5.2,Gemfan,,25-35,
37.303511,1425,6687,0.116017658,7.837662204,3.513231996,27.53552563,4.213380916,Hypershot,3922,5.5,5.2,Gemfan,,25-35,
41.203822,1450,6876,0.121423528,7.826420251,3.9353712,30.79986885,3.94233911,Hypershot,3922,5.5,5.2,Gemfan,,25-35,
45.0794564,1475,7117,0.128811188,7.815364616,4.315184764,33.72474231,3.819486194,Hypershot,3922,5.5,5.2,Gemfan,,25-35,
48.9549868,1500,7300,0.136923047,7.803480384,4.758139919,37.13005152,3.687661116,Hypershot,3922,5.5,5.2,Gemfan,,25-35,
53.0802166,1550,7845,0.159915028,7.78321688,5.632617447,43.83988319,3.647706518,Hypershot,3922,5.5,5.2,Gemfan,,25-35,
57.2060902,1600,8390,0.178999739,7.755467816,6.694098041,51.91586191,3.447881475,Hypershot,3922,5.5,5.2,Gemfan,,25-35,
61.3558336,1650,8949,0.203497878,7.724243856,7.993316087,61.74232267,3.29592197,Hypershot,3922,5.5,5.2,Gemfan,,25-35,
65.4826716,1700,9479,0.231279547,7.685925082,9.606259825,73.83299334,3.132468791,Hypershot,3922,5.5,5.2,Gemfan,,25-35,
69.6076752,1750,9993,0.261541202,7.637436444,11.54443398,88.16988079,2.966332721,Hypershot,3922,5.5,5.2,Gemfan,,25-35,
73.7576002,1800,10513,0.29246296,7.586623689,13.62528339,103.3698977,2.829285572,Hypershot,3922,5.5,5.2,Gemfan,,25-35,
77.895963,1850,10987,0.320913988,7.530303703,15.86717457,119.4846434,2.685817846,Hypershot,3922,5.5,5.2,Gemfan,,25-35,
0.3037984,1000,0,-0.000839593,11.75548126,0.023599564,0.27742423,,Lumenier,2250,6,4,Lumenier,Hobbywing,45,
9.5799012,1200,4743,0.051281933,11.73610806,0.663938977,7.792059581,6.581306593,Lumenier,2250,6,4,Lumenier,Hobbywing,45,
13.7283554,1250,5785,0.078387777,11.71804223,1.02559356,12.01794865,6.522558865,Lumenier,2250,6,4,Lumenier,Hobbywing,45,
17.878111,1300,6727,0.110420108,11.69830505,1.473314046,17.23527714,6.406633723,Lumenier,2250,6,4,Lumenier,Hobbywing,45,
21.7798114,1325,7183,0.127255596,11.6838976,1.70902003,19.96801503,6.372971747,Lumenier,2250,6,4,Lumenier,Hobbywing,45,
25.6806218,1350,7606,0.142552438,11.66924136,1.945072734,22.6975232,6.280528362,Lumenier,2250,6,4,Lumenier,Hobbywing,45,
29.5806448,1375,8010,0.160273017,11.65366055,2.216197608,25.82681464,6.20568271,Lumenier,2250,6,4,Lumenier,Hobbywing,45,
33.4571086,1400,8355,0.176442607,11.6376192,2.496051307,29.04809462,6.074154247,Lumenier,2250,6,4,Lumenier,Hobbywing,45,
37.3325732,1425,8682,0.193291385,11.61962044,2.76888789,32.17342632,6.007796102,Lumenier,2250,6,4,Lumenier,Hobbywing,45,
41.232945,1450,9060,0.205134808,11.60237605,3.037396298,35.24101406,5.82091104,Lumenier,2250,6,4,Lumenier,Hobbywing,45,
45.1072398,1475,9454,0.218485477,11.58441119,3.319971579,38.45991589,5.680862073,Lumenier,2250,6,4,Lumenier,Hobbywing,45,
49.0077454,1500,9828,0.2377781,11.56228268,3.7061842,42.8519494,5.548828088,Lumenier,2250,6,4,Lumenier,Hobbywing,45,
53.6590206,1600,11491,0.326987428,11.47820764,5.803364581,66.61222369,4.908820181,Lumenier,2250,6,4,Lumenier,Hobbywing,45,
58.2836632,1700,13034,0.434635263,11.36769581,8.499868779,96.62392271,4.49821587,Lumenier,2250,6,4,Lumenier,Hobbywing,45,
0.3006716,1000,0,7.35E-05,24.79068848,0.036548955,0.906073757,,FL,700-750,13,,,Hobbywing,40-50,
8.7035158,1475,2801,0.221857453,24.75760282,2.712426563,67.15317952,3.30375203,FL,700-750,13,,,Hobbywing,40-50,
12.6776466,1502,2988,0.251324761,24.74892065,3.257054715,80.6085887,3.117840971,FL,700-750,13,,,Hobbywing,40-50,
16.6531204,1530,3172,0.292312625,24.74174038,3.929187815,97.21494482,3.006869212,FL,700-750,13,,,Hobbywing,40-50,
20.613796,1557,3367,0.327853366,24.72989568,4.684159124,115.8387665,2.830256018,FL,700-750,13,,,Hobbywing,40-50,
24.609502,1585,3558,0.357053689,24.72280185,5.378788833,132.9787305,2.685043598,FL,700-750,13,,,Hobbywing,40-50,
28.5918896,1612,3710,0.397008026,24.70980719,6.234882539,154.0627454,2.57692426,FL,700-750,13,,,Hobbywing,40-50,
32.6105776,1640,3869,0.440286279,24.6981025,7.170519974,177.0982373,2.486113279,FL,700-750,13,,,Hobbywing,40-50,
36.6059862,1667,4092,0.482224204,24.68274576,8.265259093,204.0092888,2.363736511,FL,700-750,13,,,Hobbywing,40-50,
40.6323326,1695,4242,0.546306,24.66697951,9.60406742,236.9033343,2.306029174,FL,700-750,13,,,Hobbywing,40-50,
44.6668048,1722,4357,0.571253928,24.65655531,10.3302859,254.7092657,2.242768541,FL,700-750,13,,,Hobbywing,40-50,
48.70368,1750,4445,0.578191283,24.6508843,10.81460541,266.5895867,2.168844214,FL,700-750,13,,,Hobbywing,40-50,
0.3026872,1000,0,0.000549124,12.72301586,0.008432659,0.107288855,,,1300,6,4.5,Master Airscrew,Hobbywing,35,
9.5800336,1200,3039,0.0267375,12.71054438,0.213769214,2.717123083,9.840371333,,1300,6,4.5,Master Airscrew,Hobbywing,35,
13.7300978,1250,3688,0.039988215,12.70183534,0.32738013,4.158328503,9.616415498,,1300,6,4.5,Master Airscrew,Hobbywing,35,
17.8798608,1300,4283,0.054295064,12.69181577,0.46947691,5.958514457,9.112181241,,1300,6,4.5,Master Airscrew,Hobbywing,35,
21.7553104,1325,4616,0.06426014,12.68340454,0.568410569,7.209381191,8.913405744,,1300,6,4.5,Master Airscrew,Hobbywing,35,
25.6304884,1350,4956,0.073914674,12.67380726,0.680480217,8.624275111,8.570537626,,1300,6,4.5,Master Airscrew,Hobbywing,35,
29.531346,1375,5302,0.078556371,12.66645255,0.773714482,9.800217773,8.015778067,,1300,6,4.5,Master Airscrew,Hobbywing,35,
33.4311394,1400,5591,0.091890542,12.65551992,0.926216274,11.72174851,7.839320397,,1300,6,4.5,Master Airscrew,Hobbywing,35,
37.3319378,1425,5885,0.103214364,12.64286481,1.054480553,13.33165507,7.742051809,,1300,6,4.5,Master Airscrew,Hobbywing,35,
41.2315636,1450,6180,0.115209098,12.62959547,1.215659177,15.35328363,7.503873504,,1300,6,4.5,Master Airscrew,Hobbywing,35,
45.1066728,1475,6489,0.124577657,12.61686378,1.348804617,17.01768412,7.320482418,,1300,6,4.5,Master Airscrew,Hobbywing,35,
48.9821648,1500,6777,0.136257704,12.60097916,1.525965359,19.22865768,7.08617868,,1300,6,4.5,Master Airscrew,Hobbywing,35,
53.134204,1550,7274,0.164709631,12.57090476,1.921173794,24.15089279,6.820022431,,1300,6,4.5,Master Airscrew,Hobbywing,35,
57.2828438,1600,7804,0.192466533,12.53658507,2.376116419,29.78838564,6.461126672,,1300,6,4.5,Master Airscrew,Hobbywing,35,
61.4343494,1650,8337,0.220979172,12.49859809,2.833067942,35.40937757,6.240696307,,1300,6,4.5,Master Airscrew,Hobbywing,35,
65.5611526,1700,8881,0.25116564,12.45351138,3.422679412,42.624377,5.892535148,,1300,6,4.5,Master Airscrew,Hobbywing,35,
69.7106496,1750,9439,0.270866101,12.40761343,3.951756641,49.03186877,5.524286709,,1300,6,4.5,Master Airscrew,Hobbywing,35,
73.8610162,1800,9918,0.303530671,12.35965475,4.613733732,57.02415602,5.322843727,,1300,6,4.5,Master Airscrew,Hobbywing,35,
77.9867858,1850,10365,0.337404185,12.30216369,5.425218643,66.7419278,5.055355695,,1300,6,4.5,Master Airscrew,Hobbywing,35,
82.119823,1900,10816,0.369977779,12.23951692,6.263552087,76.66285173,4.826037261,,1300,6,4.5,Master Airscrew,Hobbywing,35,
86.3134078,1950,11149,0.40613491,12.1737449,7.168900874,87.27237043,4.653648207,,1300,6,4.5,Master Airscrew,Hobbywing,35,
0.2922654,1000,0,0.000254808,7.733407827,0.03580456,0.276891268,,T-motor,3550,5.1,5.2,Gemfan,T-motor,35-40,
9.4968794,1200,4650,0.024749519,7.723417082,0.592314122,4.574689009,5.410098778,T-motor,3550,5.1,5.2,Gemfan,T-motor,35-40,
13.5905456,1250,5627,0.0374598,7.717429997,0.890039596,6.86881828,5.453601771,T-motor,3550,5.1,5.2,Gemfan,T-motor,35-40,
17.6983204,1300,6455,0.050139756,7.709372101,1.228004416,9.467142984,5.296186577,T-motor,3550,5.1,5.2,Gemfan,T-motor,35-40,
21.5621944,1325,6835,0.057858284,7.704549613,1.416826898,10.91601313,5.300312815,T-motor,3550,5.1,5.2,Gemfan,T-motor,35-40,
25.416874,1350,7222,0.062720042,7.699211086,1.597597457,12.30024005,5.099090923,T-motor,3550,5.1,5.2,Gemfan,T-motor,35-40,
29.2757858,1375,7561,0.071299785,7.692773353,1.808574284,13.91295206,5.124705699,T-motor,3550,5.1,5.2,Gemfan,T-motor,35-40,
33.1249004,1400,7919,0.075942936,7.687142883,2.014566606,15.48626135,4.903890872,T-motor,3550,5.1,5.2,Gemfan,T-motor,35-40,
36.9612524,1425,8233,0.086034113,7.680899801,2.232492308,17.14754972,5.017283165,T-motor,3550,5.1,5.2,Gemfan,T-motor,35-40,
40.813303,1450,8498,0.09308695,7.675077466,2.43993686,18.72670441,4.970813243,T-motor,3550,5.1,5.2,Gemfan,T-motor,35-40,
44.6716398,1475,8808,0.100174713,7.667455231,2.645203102,20.28197636,4.939100187,T-motor,3550,5.1,5.2,Gemfan,T-motor,35-40,
48.5040366,1500,9103,0.106207394,7.658776178,2.903743217,22.23911938,4.775701417,T-motor,3550,5.1,5.2,Gemfan,T-motor,35-40,
52.6162938,1550,9787,0.122448164,7.64334698,3.512557995,26.84769954,4.560843791,T-motor,3550,5.1,5.2,Gemfan,T-motor,35-40,
56.725509,1600,10536,0.141967845,7.625093286,4.283849171,32.66474956,4.346209502,T-motor,3550,5.1,5.2,Gemfan,T-motor,35-40,
60.854954,1650,11389,0.167728357,7.60002766,5.356263146,40.70774806,4.120305469,T-motor,3550,5.1,5.2,Gemfan,T-motor,35-40,
64.9766174,1700,12164,0.192595118,7.572564755,6.490501501,49.14974291,3.918537641,T-motor,3550,5.1,5.2,Gemfan,T-motor,35-40,
69.0912918,1750,12987,0.226633511,7.534784845,7.952416692,59.91974878,3.782284072,T-motor,3550,5.1,5.2,Gemfan,T-motor,35-40,
73.207583,1800,13994,0.258561285,7.494277611,9.583397435,71.82064084,3.600097156,T-motor,3550,5.1,5.2,Gemfan,T-motor,35-40,
77.3568704,1850,14918,0.288206304,7.448789299,11.29565446,84.13895007,3.425361302,T-motor,3550,5.1,5.2,Gemfan,T-motor,35-40,
0.3722,1000,0,0.000533556,25.14542829,0.007906365,0.198808943,,Antigravity,380,15,5.5,Tarot,Hobbywing,40,
4.1798374,1100,678,0.023235569,25.14440152,0.08889011,2.235088607,10.39581568,Antigravity,380,15,5.5,Tarot,Hobbywing,40,
7.4295864,1150,1135,0.070747873,25.14228769,0.19981557,5.023820558,14.08248398,Antigravity,380,15,5.5,Tarot,Hobbywing,40,
10.788677,1200,1585,0.151825719,25.139002,0.395295567,9.937336052,15.2783118,Antigravity,380,15,5.5,Tarot,Hobbywing,40,
14.2969276,1250,2050,0.235558219,25.13251916,0.713904481,17.94221805,13.12871229,Antigravity,380,15,5.5,Tarot,Hobbywing,40,
17.9523462,1300,2439,0.338459021,25.1251373,1.124938892,28.26424413,11.97481239,Antigravity,380,15,5.5,Tarot,Hobbywing,40,
21.7400976,1350,2779,0.444651334,25.11435145,1.591959325,39.98102597,11.12155887,Antigravity,380,15,5.5,Tarot,Hobbywing,40,
25.360282,1400,3175,0.578664431,25.10126062,2.244156228,56.33115035,10.27254773,Antigravity,380,15,5.5,Tarot,Hobbywing,40,
28.9659068,1450,3562,0.741723941,25.08199527,3.102256428,77.81078104,9.532405805,Antigravity,380,15,5.5,Tarot,Hobbywing,40,
32.349708,1500,3918,0.911555656,25.05988315,4.097408939,102.6805892,8.877584972,Antigravity,380,15,5.5,Tarot,Hobbywing,40,
35.75651,1550,4249,1.065809897,25.03661897,5.243971866,131.2913255,8.117900352,Antigravity,380,15,5.5,Tarot,Hobbywing,40,
39.2501668,1600,4546,1.221977042,25.01029371,6.46553134,161.7048378,7.556836631,Antigravity,380,15,5.5,Tarot,Hobbywing,40,
42.8726876,1650,4845,1.378471812,24.9792664,7.788383477,194.5481057,7.085506216,Antigravity,380,15,5.5,Tarot,Hobbywing,40,
46.5388382,1700,5099,1.559265523,24.94205758,9.390871509,234.2276579,6.65705125,Antigravity,380,15,5.5,Tarot,Hobbywing,40,
50.1325248,1750,5350,1.689376468,24.90585757,10.88030643,270.9833623,6.23424425,Antigravity,380,15,5.5,Tarot,Hobbywing,40,
53.4957844,1800,5727,1.866933891,24.86145439,12.77379127,317.575029,5.878717533,Antigravity,380,15,5.5,Tarot,Hobbywing,40,
57.1412456,1850,5803,2.011336279,24.81242054,14.76531012,366.3630841,5.490008044,Antigravity,380,15,5.5,Tarot,Hobbywing,40,
60.63359,1900,5973,2.098696122,24.77193984,16.02446936,396.9571909,5.286958317,Antigravity,380,15,5.5,Tarot,Hobbywing,40,
64.2999434,1950,5901,2.096908044,24.74881618,16.20902004,401.1540574,5.227188921,Antigravity,380,15,5.5,Tarot,Hobbywing,40,
0.5016812,1000,0,0.000331606,12.51713336,0.037794605,0.47308011,,T-motor,3550,5.5,3.6,Gemfan,T-motor,30,
10.5697448,1200,7017,0.047089435,12.47820444,1.288581609,16.07918475,2.928595921,T-motor,3550,5.5,3.6,Gemfan,T-motor,30,
15.6503374,1300,9249,0.082719656,12.42365099,2.641959959,32.82278845,2.520189768,T-motor,3550,5.5,3.6,Gemfan,T-motor,30,
20.243891,1350,10302,0.102736986,12.38014144,3.589259606,44.43554158,2.312045314,T-motor,3550,5.5,3.6,Gemfan,T-motor,30,
24.9830328,1400,11273,0.122658379,12.3290022,4.784088807,58.98304143,2.079553317,T-motor,3550,5.5,3.6,Gemfan,T-motor,30,
29.7138582,1450,12023,0.139988874,12.27568806,5.931849463,72.81753359,1.922461081,T-motor,3550,5.5,3.6,Gemfan,T-motor,30,
34.291856,1500,12694,0.157606644,12.21333281,7.269480441,88.78458399,1.775157768,T-motor,3550,5.5,3.6,Gemfan,T-motor,30,
38.8986618,1550,13344,0.172790212,12.14708229,8.655392922,105.13777,1.64346468,T-motor,3550,5.5,3.6,Gemfan,T-motor,30,
43.6102388,1600,13976,0.189865058,12.07140972,10.22113414,123.383498,1.538820511,T-motor,3550,5.5,3.6,Gemfan,T-motor,30,
48.3158946,1650,14662,0.207077552,11.98657098,12.0523782,144.4666868,1.433393102,T-motor,3550,5.5,3.6,Gemfan,T-motor,30,
53.0001016,1700,15242,0.234668144,11.88755625,14.15631393,168.2839781,1.394477044,T-motor,3550,5.5,3.6,Gemfan,T-motor,30,
0.543654,1000,0,-0.000486277,12.46099887,-0.019806589,0.246809886,,PrimoPal,1400,6,4,Gemfan,Hobbywing,25-30,
11.5763766,1200,3351,0.009463171,12.45626246,0.10806114,1.346037917,7.030389368,PrimoPal,1400,6,4,Gemfan,Hobbywing,25-30,
17.1239926,1300,4700,0.019673285,12.44876437,0.276904174,3.447114811,5.707174261,PrimoPal,1400,6,4,Gemfan,Hobbywing,25-30,
22.0371852,1350,5369,0.02626323,12.44270811,0.408993837,5.088990939,5.160793221,PrimoPal,1400,6,4,Gemfan,Hobbywing,25-30,
26.9733822,1400,6024,0.033052807,12.43509667,0.57043178,7.093374326,4.659673271,PrimoPal,1400,6,4,Gemfan,Hobbywing,25-30,
32.1090422,1450,6654,0.040498718,12.42248564,0.766920656,9.52706084,4.250914222,PrimoPal,1400,6,4,Gemfan,Hobbywing,25-30,
37.1084052,1500,7250,0.049407299,12.40974688,0.991460321,12.30377162,4.015622267,PrimoPal,1400,6,4,Gemfan,Hobbywing,25-30,
42.2669282,1550,7847,0.057869089,12.39537268,1.245182482,15.43450092,3.749333362,PrimoPal,1400,6,4,Gemfan,Hobbywing,25-30,
47.4119262,1600,8436,0.06712188,12.38051532,1.526151439,18.89454127,3.552448259,PrimoPal,1400,6,4,Gemfan,Hobbywing,25-30,
52.5308342,1650,9008,0.076605731,12.36137844,1.858098227,22.96865537,3.335229241,PrimoPal,1400,6,4,Gemfan,Hobbywing,25-30,
57.5496692,1700,9578,0.086764325,12.340159,2.22447653,27.45039406,3.160767937,PrimoPal,1400,6,4,Gemfan,Hobbywing,25-30,
62.7213822,1750,10104,0.096965344,12.31628203,2.617488893,32.23773142,3.007821557,PrimoPal,1400,6,4,Gemfan,Hobbywing,25-30,
67.8154002,1800,10612,0.107353945,12.28930442,3.067400454,37.69621795,2.84787045,PrimoPal,1400,6,4,Gemfan,Hobbywing,25-30,
0.302036,1000,0,-0.000974786,12.53513044,0.0448504,0.562205613,,T-motor,2850,6.7,3,Lumenier,T-motor,50,
9.5511868,1200,5497,0.078375597,12.49921093,0.875344582,10.94111656,7.163400216,T-motor,2850,6.7,3,Lumenier,T-motor,50,
13.6773986,1250,6380,0.105452425,12.47563319,1.296341384,16.17267959,6.520405269,T-motor,2850,6.7,3,Lumenier,T-motor,50,
17.801505,1300,7273,0.139437832,12.44260862,1.878918755,23.37865069,5.964323334,T-motor,2850,6.7,3,Lumenier,T-motor,50,
21.9535268,1350,8033,0.17318147,12.39599727,2.636397642,32.68077798,5.299184438,T-motor,2850,6.7,3,Lumenier,T-motor,50,
26.0770492,1400,8766,0.211761953,12.34881332,3.451511017,42.62206522,4.968364427,T-motor,2850,6.7,3,Lumenier,T-motor,50,
30.733699,1500,10163,0.287513865,12.23817046,5.526451041,67.6336499,4.251047594,T-motor,2850,6.7,3,Lumenier,T-motor,50,
35.3807188,1600,11311,0.373533086,12.09108028,8.214871238,99.32666765,3.760652548,T-motor,2850,6.7,3,Lumenier,T-motor,50,
40.029716,1700,12463,0.464950812,11.9073981,11.57206749,137.7932145,3.374264933,T-motor,2850,6.7,3,Lumenier,T-motor,50,
,1000,0,3.72E-05,8.315907498,0.021832657,0.181558358,,BrotherHobby,2800,5.13,3,Gemfan,BrotherHobby,30,
,1200,4236,0.019462356,8.308624858,0.417457753,3.46849986,5.611173949,BrotherHobby,2800,5.13,3,Gemfan,BrotherHobby,30,
,1250,5167,0.03033999,8.303034953,0.618310067,5.133850095,5.909792777,BrotherHobby,2800,5.13,3,Gemfan,BrotherHobby,30,
,1300,6020,0.042312378,8.297733833,0.890616404,7.390097865,5.725550428,BrotherHobby,2800,5.13,3,Gemfan,BrotherHobby,30,
,1325,6423,0.047690025,8.2929219,1.016367482,8.42865615,5.658081653,BrotherHobby,2800,5.13,3,Gemfan,BrotherHobby,30,
,1350,6829,0.052914671,8.289503537,1.164657292,9.654430744,5.480869119,BrotherHobby,2800,5.13,3,Gemfan,BrotherHobby,30,
,1375,7185,0.059094178,8.283972159,1.311033274,10.86056314,5.441170675,BrotherHobby,2800,5.13,3,Gemfan,BrotherHobby,30,
,1400,7509,0.068901716,8.278492028,1.503275775,12.44485652,5.536561672,BrotherHobby,2800,5.13,3,Gemfan,BrotherHobby,30,
,1425,7861,0.075225195,8.273520392,1.695007045,14.02367535,5.364156878,BrotherHobby,2800,5.13,3,Gemfan,BrotherHobby,30,
,1450,8208,0.08107569,8.267289854,1.867319433,15.43767101,5.251808414,BrotherHobby,2800,5.13,3,Gemfan,BrotherHobby,30,
,1475,8591,0.087287704,8.261343372,2.032830407,16.79391001,5.197580781,BrotherHobby,2800,5.13,3,Gemfan,BrotherHobby,30,
,1500,8811,0.097392139,8.254453836,2.251324973,18.58345806,5.240797433,BrotherHobby,2800,5.13,3,Gemfan,BrotherHobby,30,
,1550,9403,0.109747222,8.242569461,2.674630463,22.04582737,4.978140301,BrotherHobby,2800,5.13,3,Gemfan,BrotherHobby,30,
,1600,10131,0.1288804,8.226106086,3.258675828,26.80621306,4.807855547,BrotherHobby,2800,5.13,3,Gemfan,BrotherHobby,30,
,1650,10873,0.148855064,8.20878881,3.940645182,32.34792408,4.601688321,BrotherHobby,2800,5.13,3,Gemfan,BrotherHobby,30,
,1700,11706,0.177179148,8.182977262,4.916602609,40.23244736,4.403886914,BrotherHobby,2800,5.13,3,Gemfan,BrotherHobby,30,
,1750,12522,0.202659253,8.157678693,5.895411334,48.09287143,4.213914608,BrotherHobby,2800,5.13,3,Gemfan,BrotherHobby,30,
,1800,13381,0.230849555,8.127551945,7.031619567,57.14985329,4.03937266,BrotherHobby,2800,5.13,3,Gemfan,BrotherHobby,30,
,1850,14230,0.26219974,8.092957368,8.345347509,67.53854161,3.882223888,BrotherHobby,2800,5.13,3,Gemfan,BrotherHobby,30,
0.2959714,1000,0,0.000497729,12.55979893,-0.001110969,0.013953551,,Lumenier,1700,7,3.5,Gemfan,Lumenier,55,
9.5718266,1200,3790,0.043405331,12.54651497,0.427080091,5.358366752,8.100477907,Lumenier,1700,7,3.5,Gemfan,Lumenier,55,
13.6972976,1250,4644,0.067522137,12.53558178,0.684490506,8.580486711,7.869266572,Lumenier,1700,7,3.5,Gemfan,Lumenier,55,
17.8475964,1300,5483,0.094176325,12.52220669,0.997667624,12.49300019,7.538327373,Lumenier,1700,7,3.5,Gemfan,Lumenier,55,
21.9992532,1350,6253,0.126451565,12.50557001,1.363615197,17.05278532,7.415302684,Lumenier,1700,7,3.5,Gemfan,Lumenier,55,
26.1498578,1400,6961,0.160829044,12.48506806,1.793603906,22.39326684,7.182026871,Lumenier,1700,7,3.5,Gemfan,Lumenier,55,
30.7741194,1500,8194,0.228660701,12.44330278,2.77082279,34.47818693,6.632039603,Lumenier,1700,7,3.5,Gemfan,Lumenier,55,
35.4245498,1600,9554,0.314285543,12.37829369,4.23797772,52.45893288,5.99107771,Lumenier,1700,7,3.5,Gemfan,Lumenier,55,
40.0765958,1700,10935,0.434597694,12.28971771,6.420958634,78.91176906,5.50738754,Lumenier,1700,7,3.5,Gemfan,Lumenier,55,
0.4653884,1000,0,0.000320609,16.0043131,-0.003664691,0.058650865,,XILO,2600,5.1,5.2,Gemfan,XILO,35-40,
10.7404684,1200,8898,0.06883606,15.93623092,1.795537877,28.61410624,2.405668719,XILO,2600,5.1,5.2,Gemfan,XILO,35-40,
15.9093254,1300,12352,0.135752946,15.83923436,3.926843647,62.19819683,2.182586528,XILO,2600,5.1,5.2,Gemfan,XILO,35-40,
20.5698894,1350,13795,0.166369136,15.76955844,5.173763416,81.58796454,2.039138216,XILO,2600,5.1,5.2,Gemfan,XILO,35-40,
25.1988162,1400,14976,0.200768915,15.69443234,6.591594411,103.4513325,1.94070883,XILO,2600,5.1,5.2,Gemfan,XILO,35-40,
29.9093226,1450,16052,0.235352766,15.60878766,8.07688626,126.0704026,1.866835996,XILO,2600,5.1,5.2,Gemfan,XILO,35-40,
34.5503854,1500,16995,0.263785673,15.52179705,9.583935687,148.7599047,1.773230989,XILO,2600,5.1,5.2,Gemfan,XILO,35-40,
39.1763104,1550,18098,0.297847303,15.41674906,11.59964414,178.828803,1.665544355,XILO,2600,5.1,5.2,Gemfan,XILO,35-40,
43.865234,1600,19175,0.338751565,15.28649264,14.14068646,216.1614994,1.567122572,XILO,2600,5.1,5.2,Gemfan,XILO,35-40,
0.5825842,1000,0,2.01E-05,11.53472764,0.144834547,1.670627058,,FlashHobby,3150,4,3,iFlight,iFlight,30,
10.8855482,1200,7746,0.012663827,11.52817501,0.528606838,6.093872144,2.078124801,FlashHobby,3150,4,3,iFlight,iFlight,30,
15.8843938,1300,11048,0.026742028,11.51168241,1.047106806,12.05396101,2.218526142,FlashHobby,3150,4,3,iFlight,iFlight,30,
20.4387334,1350,12672,0.034463247,11.49785563,1.395121335,16.04090369,2.148460411,FlashHobby,3150,4,3,iFlight,iFlight,30,
25.113248,1400,13994,0.043261872,11.47990276,1.752340992,20.11670418,2.150544734,FlashHobby,3150,4,3,iFlight,iFlight,30,
29.802826,1450,15407,0.051692009,11.45873937,2.208714251,25.30908095,2.042429323,FlashHobby,3150,4,3,iFlight,iFlight,30,
34.6131354,1500,16719,0.061478923,11.434898,2.711440512,31.00504568,1.982868326,FlashHobby,3150,4,3,iFlight,iFlight,30,
39.4764808,1550,17858,0.072109439,11.40704418,3.271259009,37.31539603,1.932431282,FlashHobby,3150,4,3,iFlight,iFlight,30,
44.2944046,1600,19153,0.084548811,11.37204169,4.019196235,45.70646716,1.849821611,FlashHobby,3150,4,3,iFlight,iFlight,30,
48.905481,1650,20447,0.098243323,11.33047271,4.928307121,55.84004934,1.759370274,FlashHobby,3150,4,3,iFlight,iFlight,30,
53.8070242,1700,21818,0.111850913,11.28490144,5.9278695,66.89542304,1.672026388,FlashHobby,3150,4,3,iFlight,iFlight,30,
58.6865198,1750,18635,0.126215563,11.22153674,7.432259583,83.40137398,1.513351128,FlashHobby,3150,4,3,iFlight,iFlight,30,
63.6761694,1800,24105,0.146740137,11.1461858,9.164143599,102.1452472,1.436583106,FlashHobby,3150,4,3,iFlight,iFlight,30,
0,1000,0,-0.00053582,8.170995072,0.049142724,0.401544958,,MWD,900,6,3,MAS-SS,Hobbywing,30/40,
13.4009038,1250,7,0.022983274,8.16502592,0.328871106,2.685241101,8.559110063,MWD,900,6,3,MAS-SS,Hobbywing,30/40,
17.5254422,1300,5287,0.043204853,8.158510956,0.628703105,5.12928117,8.423178848,MWD,900,6,3,MAS-SS,Hobbywing,30/40,
21.4257006,1325,5951,0.055641181,8.153390088,0.839949824,6.848438573,8.124652119,MWD,900,6,3,MAS-SS,Hobbywing,30/40,
25.3260064,1350,6575,0.06838294,8.147177313,1.057810121,8.618166619,7.93474327,MWD,900,6,3,MAS-SS,Hobbywing,30/40,
29.2194712,1375,7129,0.080229827,8.140618602,1.296941281,10.55790432,7.599029571,MWD,900,6,3,MAS-SS,Hobbywing,30/40,
33.1011098,1400,7615,0.092039038,8.13315192,1.534624409,12.48133346,7.374134988,MWD,900,6,3,MAS-SS,Hobbywing,30/40,
36.9760044,1425,8105,0.104806696,8.125522178,1.81044014,14.71077151,7.124486668,MWD,900,6,3,MAS-SS,Hobbywing,30/40,
40.8264922,1450,8623,0.119353871,8.115267157,2.138812217,17.35703254,6.876398388,MWD,900,6,3,MAS-SS,Hobbywing,30/40,
44.7266146,1475,9164,0.135104252,8.105004169,2.533907995,20.53733486,6.578470519,MWD,900,6,3,MAS-SS,Hobbywing,30/40,
48.6018278,1500,9676,0.150862229,8.093126597,2.955116251,23.91612993,6.307969946,MWD,900,6,3,MAS-SS,Hobbywing,30/40,
52.7517818,1550,10733,0.186950579,8.067260326,4.013549525,32.37834885,5.773937992,MWD,900,6,3,MAS-SS,Hobbywing,30/40,
56.87989,1600,11729,0.225546787,8.035694041,5.249824006,42.18597948,5.346486909,MWD,900,6,3,MAS-SS,Hobbywing,30/40,
61.0266016,1650,12781,0.267778621,7.992516162,6.811481236,54.44087386,4.918705414,MWD,900,6,3,MAS-SS,Hobbywing,30/40,
65.1767192,1700,13829,0.315670903,7.946560903,8.558617319,68.01157377,4.641429181,MWD,900,6,3,MAS-SS,Hobbywing,30/40,
69.3273978,1750,14692,0.354607982,7.901448768,10.21112063,80.68264654,4.395096063,MWD,900,6,3,MAS-SS,Hobbywing,30/40,
73.4771254,1800,15424,0.389796917,7.853840034,11.89565017,93.42653355,4.172229256,MWD,900,6,3,MAS-SS,Hobbywing,30/40,
77.6271096,1850,15993,0.41697066,7.808117738,13.34739706,104.2180477,4.000944842,MWD,900,6,3,MAS-SS,Hobbywing,30/40,
81.7771672,1900,15967,0.41206193,7.797108,13.20121829,102.9313247,4.00327044,MWD,900,6,3,MAS-SS,Hobbywing,30/40,
85.9277422,1950,15885,0.411098803,7.786690376,13.16717558,102.5287194,4.009596585,MWD,900,6,3,MAS-SS,Hobbywing,30/40,
90.0775898,2000,15886,0.412008794,7.774353346,13.13979982,102.1534467,4.033234384,MWD,900,6,3,MAS-SS,Hobbywing,30/40,
0.298122,1000,0,0.000119226,22.20458612,0.027716039,0.615423166,,FL,400-450,15,4.5-5.5,,Hobbywing,60,
8.8175082,1475,3904,0.340245865,22.18246075,1.873482266,41.55844684,8.187165078,FL,400-450,15,4.5-5.5,,Hobbywing,60,
12.982004,1502,4165,0.384058397,22.17860195,2.15214868,47.73164891,8.046200084,FL,400-450,15,4.5-5.5,,Hobbywing,60,
17.0130848,1530,4392,0.436820627,22.17203268,2.520083715,55.8753785,7.817765865,FL,400-450,15,4.5-5.5,,Hobbywing,60,
21.0008086,1557,4618,0.49614766,22.16593774,2.935379416,65.06543736,7.625364249,FL,400-450,15,4.5-5.5,,Hobbywing,60,
24.9854512,1585,4870,0.538905799,22.16038728,3.303668414,73.21057151,7.361038007,FL,400-450,15,4.5-5.5,,Hobbywing,60,
29.1074896,1612,5070,0.598387671,22.15226147,3.732936443,82.69298414,7.236256824,FL,400-450,15,4.5-5.5,,Hobbywing,60,
33.1030468,1640,5274,0.644533145,22.14589641,4.25448579,94.21940158,6.840768822,FL,400-450,15,4.5-5.5,,Hobbywing,60,
37.1666042,1667,5531,0.715399898,22.1376997,4.970899834,110.0442878,6.501018018,FL,400-450,15,4.5-5.5,,Hobbywing,60,
41.2342374,1695,5744,0.785986386,22.12686855,5.693365749,125.9763555,6.239157997,FL,400-450,15,4.5-5.5,,Hobbywing,60,
45.4604798,1722,5921,0.792725445,22.12247873,5.957344607,131.7912294,6.015009111,FL,400-450,15,4.5-5.5,,Hobbywing,60,
49.5105536,1750,6043,0.83938444,22.11529686,6.352653711,140.4908227,5.974656735,FL,400-450,15,4.5-5.5,,Hobbywing,60,
0.2984764,1000,0,-0.000683198,7.882317573,0.113702447,0.8962388,,T-Motor,2850,6,4.5,Master Airscrew (MAS),Hobbywing,30,
9.5746986,1200,3761,0.028652916,7.875133658,0.505707233,3.982512054,7.194684004,T-Motor,2850,6,4.5,Master Airscrew (MAS),Hobbywing,30,
13.7239602,1250,4529,0.04203759,7.870328872,0.738981355,5.816026295,7.227888595,T-Motor,2850,6,4.5,Master Airscrew (MAS),Hobbywing,30,
17.8736946,1300,5227,0.057741863,7.863998383,1.013930334,7.973546508,7.241678893,T-Motor,2850,6,4.5,Master Airscrew (MAS),Hobbywing,30,
21.7741412,1325,5569,0.065654091,7.859753534,1.166222194,9.166219013,7.162614237,T-Motor,2850,6,4.5,Master Airscrew (MAS),Hobbywing,30,
25.6748582,1350,5852,0.074430892,7.855870992,1.316309726,10.34075939,7.197816829,T-Motor,2850,6,4.5,Master Airscrew (MAS),Hobbywing,30,
29.575368,1375,6119,0.079153026,7.850856822,1.458901754,11.45362879,6.910737886,T-Motor,2850,6,4.5,Master Airscrew (MAS),Hobbywing,30,
33.4506298,1400,6364,0.087130167,7.845906386,1.611312426,12.64220645,6.892006301,T-Motor,2850,6,4.5,Master Airscrew (MAS),Hobbywing,30,
37.3518784,1425,6633,0.094956069,7.83998307,1.793347908,14.05981724,6.753720032,T-Motor,2850,6,4.5,Master Airscrew (MAS),Hobbywing,30,
41.2278086,1450,6944,0.102974489,7.834007872,1.982455092,15.53056879,6.630439005,T-Motor,2850,6,4.5,Master Airscrew (MAS),Hobbywing,30,
45.1277138,1475,7215,0.112902227,7.827287848,2.208968634,17.29023335,6.529826683,T-Motor,2850,6,4.5,Master Airscrew (MAS),Hobbywing,30,
49.0260718,1500,7506,0.120728824,7.819768602,2.456352763,19.20811021,6.285304609,T-Motor,2850,6,4.5,Master Airscrew (MAS),Hobbywing,30,
53.1529034,1550,8092,0.141069066,7.806545873,3.027443633,23.6338776,5.968934435,T-Motor,2850,6,4.5,Master Airscrew (MAS),Hobbywing,30,
57.307031,1600,8723,0.16162422,7.789328434,3.65777087,28.49157864,5.672701485,T-Motor,2850,6,4.5,Master Airscrew (MAS),Hobbywing,30,
61.4281224,1650,9355,0.187050056,7.766380009,4.476400991,34.76543117,5.380346206,T-Motor,2850,6,4.5,Master Airscrew (MAS),Hobbywing,30,
65.5778514,1700,9898,0.210768937,7.741370554,5.510887288,42.66182058,4.940458099,T-Motor,2850,6,4.5,Master Airscrew (MAS),Hobbywing,30,
69.705663,1750,10676,0.248581145,7.713789632,6.598132385,50.89660519,4.884041748,T-Motor,2850,6,4.5,Master Airscrew (MAS),Hobbywing,30,
73.8557788,1800,11386,0.286180869,7.678578006,7.90514146,60.70024536,4.714657532,T-Motor,2850,6,4.5,Master Airscrew (MAS),Hobbywing,30,
78.006493,1850,12068,0.321808292,7.638754682,9.351703684,71.4353703,4.504887301,T-Motor,2850,6,4.5,Master Airscrew (MAS),Hobbywing,30,
0.2987242,1000,0,-0.000522695,12.44608385,0.049857579,0.620531609,,T-motor,2850,6,4.2,Gemfan,T-motor,55,
9.574627,1200,5398,0.069088546,12.40767247,0.873420492,10.83711539,6.375178572,T-motor,2850,6,4.2,Gemfan,T-motor,55,
13.7002358,1250,6285,0.09703536,12.38468075,1.304369424,16.15419889,6.006819701,T-motor,2850,6,4.2,Gemfan,T-motor,55,
17.85059,1300,7179,0.130958609,12.35245461,1.881189948,23.23731345,5.635703498,T-motor,2850,6,4.2,Gemfan,T-motor,55,
21.9756984,1350,8017,0.16744642,12.31262003,2.598824672,31.99834071,5.232971979,T-motor,2850,6,4.2,Gemfan,T-motor,55,
26.1263036,1400,8774,0.206337064,12.26681009,3.386673784,41.54368414,4.966749287,T-motor,2850,6,4.2,Gemfan,T-motor,55,
30.7767528,1500,10122,0.279857241,12.15914858,5.452400986,66.29655369,4.221293955,T-motor,2850,6,4.2,Gemfan,T-motor,55,
35.4016568,1600,11322,0.349106918,12.01797357,8.077353929,97.07342604,3.596318091,T-motor,2850,6,4.2,Gemfan,T-motor,55,
40.0287474,1700,12549,0.433181932,11.84422039,11.30053608,133.8460399,3.23641949,T-motor,2850,6,4.2,Gemfan,T-motor,55,
0.3011954,1000,0,-0.000413886,8.089039956,0.008939219,0.072309697,,iFlight,4600,5.1,2.6,Gemfan,Hobbywing,20-30,
9.553821,1200,5085,0.023807416,8.081739525,0.406767965,3.287392742,7.242035897,iFlight,4600,5.1,2.6,Gemfan,Hobbywing,20-30,
13.7056362,1250,6085,0.0356662,8.075872262,0.675015635,5.451340046,6.542648098,iFlight,4600,5.1,2.6,Gemfan,Hobbywing,20-30,
17.8293018,1300,6967,0.046889119,8.067991933,1.009103497,8.141438876,5.759315975,iFlight,4600,5.1,2.6,Gemfan,Hobbywing,20-30,
21.7300672,1325,7362,0.054694233,8.063087585,1.19804111,9.659910403,5.661981375,iFlight,4600,5.1,2.6,Gemfan,Hobbywing,20-30,
25.6051148,1350,7710,0.061034391,8.057183024,1.39429837,11.23411716,5.432949466,iFlight,4600,5.1,2.6,Gemfan,Hobbywing,20-30,
29.48047,1375,8060,0.067421867,8.05185718,1.598806541,12.87336193,5.237316199,iFlight,4600,5.1,2.6,Gemfan,Hobbywing,20-30,
33.38077,1400,8382,0.072862272,8.045074483,1.799282129,14.47535874,5.033538257,iFlight,4600,5.1,2.6,Gemfan,Hobbywing,20-30,
37.280704,1425,8668,0.078391851,8.039193512,2.036098154,16.36858707,4.789164168,iFlight,4600,5.1,2.6,Gemfan,Hobbywing,20-30,
41.1564118,1450,8983,0.085315524,8.032346294,2.268124053,18.21835783,4.682942577,iFlight,4600,5.1,2.6,Gemfan,Hobbywing,20-30,
45.0323696,1475,9273,0.091078105,8.024852034,2.512052806,20.15885207,4.518020415,iFlight,4600,5.1,2.6,Gemfan,Hobbywing,20-30,
48.907733,1500,9528,0.099149111,8.013749089,2.796075194,22.40704504,4.424907905,iFlight,4600,5.1,2.6,Gemfan,Hobbywing,20-30,
53.0340444,1550,10158,0.108587201,7.997503779,3.377571615,27.01214175,4.019940438,iFlight,4600,5.1,2.6,Gemfan,Hobbywing,20-30,
57.158428,1600,10729,0.122912003,7.980049136,4.068400775,32.46603809,3.785863943,iFlight,4600,5.1,2.6,Gemfan,Hobbywing,20-30,
61.284385,1650,11272,0.136550274,7.960435184,4.830485273,38.45276493,3.551117184,iFlight,4600,5.1,2.6,Gemfan,Hobbywing,20-30,
65.4102444,1700,11740,0.153234475,7.937989354,5.709414939,45.32127501,3.381071587,iFlight,4600,5.1,2.6,Gemfan,Hobbywing,20-30,
69.5360878,1750,12291,0.163012275,7.913509901,6.610071824,52.30886883,3.116341039,iFlight,4600,5.1,2.6,Gemfan,Hobbywing,20-30,
73.661429,1800,12722,0.175061418,7.888162483,7.547013258,59.53206684,2.940623894,iFlight,4600,5.1,2.6,Gemfan,Hobbywing,20-30,
77.7874198,1850,13063,0.185750196,7.861257152,8.511560009,66.91156199,2.776055301,iFlight,4600,5.1,2.6,Gemfan,Hobbywing,20-30,
0.4796164,1000,0,0.000365757,11.61894445,-0.004018915,0.046695553,,EMAX,2500,5,4.3,Gemfan,EMAX,35-40,
10.7663964,1200,5505,0.047741096,11.57126251,1.273767885,14.73910258,3.239077544,EMAX,2500,5,4.3,Gemfan,EMAX,35-40,
15.8100394,1300,7444,0.087246992,11.51035126,2.566669019,29.54326198,2.953194278,EMAX,2500,5,4.3,Gemfan,EMAX,35-40,
20.5406772,1350,8236,0.106276876,11.46744263,3.346080656,38.37098797,2.769719568,EMAX,2500,5,4.3,Gemfan,EMAX,35-40,
25.2329784,1400,8969,0.127321853,11.41923437,4.250634845,48.53899553,2.623083797,EMAX,2500,5,4.3,Gemfan,EMAX,35-40,
29.8024798,1450,9643,0.150302914,11.36255774,5.299393911,60.21466931,2.496117909,EMAX,2500,5,4.3,Gemfan,EMAX,35-40,
34.4769618,1500,10220,0.171508693,11.3059349,6.332910484,71.59947363,2.395390421,EMAX,2500,5,4.3,Gemfan,EMAX,35-40,
39.3120564,1550,10933,0.19460551,11.23716515,7.592471642,85.31785777,2.280946974,EMAX,2500,5,4.3,Gemfan,EMAX,35-40,
44.098548,1600,11836,0.220685408,11.15112665,9.274279842,103.4186691,2.133902993,EMAX,2500,5,4.3,Gemfan,EMAX,35-40,
48.8033778,1650,12764,0.254167388,11.05001884,11.3811023,125.7613949,2.021028694,EMAX,2500,5,4.3,Gemfan,EMAX,35-40,
53.6600324,1700,13776,0.294024856,10.9177868,14.10875131,154.0363388,1.908801898,EMAX,2500,5,4.3,Gemfan,EMAX,35-40,
58.9631144,1800,15832,0.392196384,10.61672373,21.18824433,224.9497363,1.743484522,EMAX,2500,5,4.3,Gemfan,EMAX,35-40,
0.5290574,1000,0,0.000197111,15.7236024,0.044373548,0.697712019,,PrimoPal,1430,6,4,Gemfan,Hobbywing,25â€“30,
10.7979914,1200,4055,0.015081015,15.71710883,0.233790826,3.674515849,4.104218269,PrimoPal,1430,6,4,Gemfan,Hobbywing,25â€“30,
15.8359278,1300,5763,0.031135018,15.70690266,0.498816991,7.834869927,3.973903622,PrimoPal,1430,6,4,Gemfan,Hobbywing,25â€“30,
20.4602482,1350,6583,0.041246525,15.69764974,0.691898834,10.86118555,3.797608011,PrimoPal,1430,6,4,Gemfan,Hobbywing,25â€“30,
24.98679,1400,7348,0.051787843,15.68673775,0.929286945,14.57748061,3.552592118,PrimoPal,1430,6,4,Gemfan,Hobbywing,25â€“30,
29.505189,1450,8130,0.060987584,15.67253911,1.187192429,18.60631977,3.277788682,PrimoPal,1430,6,4,Gemfan,Hobbywing,25â€“30,
33.982963,1500,8841,0.072601642,15.65535427,1.479624697,23.16404881,3.134237985,PrimoPal,1430,6,4,Gemfan,Hobbywing,25â€“30,
38.4770556,1550,9516,0.086100274,15.6363924,1.848824273,28.90894181,2.978326723,PrimoPal,1430,6,4,Gemfan,Hobbywing,25â€“30,
43.1200128,1600,10149,0.098653021,15.61394407,2.243909109,35.03627132,2.81573974,PrimoPal,1430,6,4,Gemfan,Hobbywing,25â€“30,
47.7277384,1650,10791,0.113868085,15.58510548,2.722163619,42.42520715,2.683972395,PrimoPal,1430,6,4,Gemfan,Hobbywing,25â€“30,
52.4310194,1700,11384,0.128522015,15.55347521,3.305709323,51.41526801,2.499685796,PrimoPal,1430,6,4,Gemfan,Hobbywing,25â€“30,
57.1331674,1750,11923,0.140410484,15.52119329,3.849535087,59.74937814,2.349990716,PrimoPal,1430,6,4,Gemfan,Hobbywing,25â€“30,
61.8722644,1800,12455,0.152146316,15.48671482,4.412661007,68.33762259,2.226391709,PrimoPal,1430,6,4,Gemfan,Hobbywing,25â€“30,
0.2949362,1000,0,0.000132073,7.915746968,0.072261905,0.572006958,,Tâ€‘Motor,2850,5,3,Gemfan,Hobbywing,30-35,
9.5692032,1200,4075,0.012395079,7.910978031,0.327501966,2.590860855,4.78415475,Tâ€‘Motor,2850,5,3,Gemfan,Hobbywing,30-35,
13.6982124,1250,5005,0.019434398,7.907859392,0.443279458,3.505391622,5.544144486,Tâ€‘Motor,2850,5,3,Gemfan,Hobbywing,30-35,
17.8444376,1300,5894,0.029317331,7.904167672,0.593985894,4.694964103,6.244420787,Tâ€‘Motor,2850,5,3,Gemfan,Hobbywing,30-35,
21.751191,1325,6323,0.033718992,7.901804736,0.680728153,5.378980944,6.268657977,Tâ€‘Motor,2850,5,3,Gemfan,Hobbywing,30-35,
25.6431194,1350,6731,0.038325932,7.899410893,0.775219258,6.123775455,6.258546253,Tâ€‘Motor,2850,5,3,Gemfan,Hobbywing,30-35,
29.5001276,1375,7133,0.04352636,7.896763076,0.873203923,6.895484494,6.312299001,Tâ€‘Motor,2850,5,3,Gemfan,Hobbywing,30-35,
33.3738338,1400,7539,0.048844743,7.893297125,0.972763669,7.678312671,6.361390243,Tâ€‘Motor,2850,5,3,Gemfan,Hobbywing,30-35,
37.2752506,1425,7938,0.054588851,7.890662458,1.083825642,8.552102304,6.383091429,Tâ€‘Motor,2850,5,3,Gemfan,Hobbywing,30-35,
41.1755934,1450,8333,0.059928485,7.887085124,1.199338103,9.459281708,6.335416061,Tâ€‘Motor,2850,5,3,Gemfan,Hobbywing,30-35,
45.0734896,1475,8739,0.066234814,7.883254826,1.326480264,10.45698194,6.33402775,Tâ€‘Motor,2850,5,3,Gemfan,Hobbywing,30-35,
48.9511766,1500,9126,0.073426786,7.878903765,1.460967816,11.51082483,6.378933478,Tâ€‘Motor,2850,5,3,Gemfan,Hobbywing,30-35,
53.0754574,1550,9907,0.085887741,7.871132652,1.766719501,13.90608355,6.176271007,Tâ€‘Motor,2850,5,3,Gemfan,Hobbywing,30-35,
57.1999196,1600,10730,0.100277308,7.861800284,2.090240637,16.43305444,6.102170972,Tâ€‘Motor,2850,5,3,Gemfan,Hobbywing,30-35,
61.3258928,1650,11529,0.114898458,7.852315923,2.46765208,19.37678372,5.929697113,Tâ€‘Motor,2850,5,3,Gemfan,Hobbywing,30-35,
65.470435,1700,12276,0.132690385,7.838993635,2.881043877,22.58448461,5.875289496,Tâ€‘Motor,2850,5,3,Gemfan,Hobbywing,30-35,
69.6022726,1750,13158,0.15175309,7.824013605,3.388866597,26.51453836,5.723391729,Tâ€‘Motor,2850,5,3,Gemfan,Hobbywing,30-35,
73.726059,1800,14103,0.177015495,7.806998901,4.056344816,31.66787952,5.589748918,Tâ€‘Motor,2850,5,3,Gemfan,Hobbywing,30-35,
77.8780614,1850,14979,0.202101679,7.786750649,4.810859027,37.46095965,5.394994705,Tâ€‘Motor,2850,5,3,Gemfan,Hobbywing,30-35,
0.3071922,1000,0,0.000377998,15.72464076,0.046010695,0.723501654,,FL,350-420,23,5,,Hobbywing,80-100,
9.123408,1150,3908,0.020563855,15.71581355,0.272189443,4.277678531,4.807246556,FL,350-420,23,5,,Hobbywing,80-100,
13.311055,1200,7567,0.084189437,15.68038704,1.063198753,16.67136795,5.049941735,FL,350-420,23,5,,Hobbywing,80-100,
17.4709826,1250,9783,0.143876819,15.6290328,2.081586941,32.53319058,4.422462611,FL,350-420,23,5,,Hobbywing,80-100,
21.6259406,1300,11567,0.205426407,15.55700834,3.342583701,52.00060251,3.950462047,FL,350-420,23,5,,Hobbywing,80-100,
25.807387,1350,13062,0.264298853,15.47776381,4.711823471,72.92849078,3.6240823,FL,350-420,23,5,,Hobbywing,80-100,
29.959065,1400,14438,0.323739942,15.38942125,6.260217288,96.34112098,3.360350586,FL,350-420,23,5,,Hobbywing,80-100,
0.2861928,1000,0,0.000554863,7.94351747,0.026253493,0.208545079,,T-Motor,3000,5.1,3,Gemfan,T-Motor,25,
9.472238,1200,4256,0.018809363,7.936115546,0.44831432,3.557874246,5.286685599,T-Motor,3000,5.1,3,Gemfan,T-Motor,25,
13.5357332,1250,5198,0.029130955,7.931946022,0.647432449,5.135399242,5.672578416,T-Motor,3000,5.1,3,Gemfan,T-Motor,25,
17.6312966,1300,6054,0.04049133,7.925903294,0.927127119,7.348319888,5.51028403,T-Motor,3000,5.1,3,Gemfan,T-Motor,25,
21.484463,1325,6447,0.045919201,7.921991857,1.064455211,8.432605511,5.445434499,T-Motor,3000,5.1,3,Gemfan,T-Motor,25,
25.3299594,1350,6812,0.051009404,7.917308654,1.211470705,9.5915875,5.318139832,T-Motor,3000,5.1,3,Gemfan,T-Motor,25,
29.2033376,1375,7187,0.057689303,7.913777102,1.35719213,10.740516,5.371185403,T-Motor,3000,5.1,3,Gemfan,T-Motor,25,
33.0522056,1400,7528,0.064290648,7.909168921,1.529673057,12.0984426,5.313960677,T-Motor,3000,5.1,3,Gemfan,T-Motor,25,
36.89433,1425,7853,0.070372624,7.904293596,1.695474098,13.40152506,5.251090718,T-Motor,3000,5.1,3,Gemfan,T-Motor,25,
40.7577504,1450,8131,0.076417049,7.899593375,1.848152807,14.59965567,5.234167894,T-Motor,3000,5.1,3,Gemfan,T-Motor,25,
44.6440416,1475,8415,0.081712934,7.893445091,2.03678865,16.07727937,5.082510075,T-Motor,3000,5.1,3,Gemfan,T-Motor,25,
48.5041088,1500,8729,0.090123625,7.887998521,2.25015511,17.74922018,5.077610409,T-Motor,3000,5.1,3,Gemfan,T-Motor,25,
52.6335062,1550,9392,0.105657294,7.874933125,2.748115532,21.64122604,4.882223136,T-Motor,3000,5.1,3,Gemfan,T-Motor,25,
56.7384032,1600,10096,0.126468975,7.860339721,3.393444822,26.67362913,4.741348614,T-Motor,3000,5.1,3,Gemfan,T-Motor,25,
60.8533524,1650,10869,0.147539757,7.840472221,4.136374763,32.43113143,4.549324996,T-Motor,3000,5.1,3,Gemfan,T-Motor,25,
65.0052302,1700,11718,0.170341602,7.816893471,5.118552301,40.01117807,4.257350326,T-Motor,3000,5.1,3,Gemfan,T-Motor,25,
69.1309022,1750,12499,0.196713856,7.791329904,6.159343403,47.98947645,4.099104029,T-Motor,3000,5.1,3,Gemfan,T-Motor,25,
73.2566544,1800,13347,0.22484601,7.758175728,7.411979739,57.50344131,3.910131377,T-Motor,3000,5.1,3,Gemfan,T-Motor,25,
77.407264,1850,14141,0.257651059,7.723094512,8.721298967,67.35541619,3.825246342,T-Motor,3000,5.1,3,Gemfan,T-Motor,25,
0.2759096,1000,0,0.000365266,7.697504354,0.036009279,0.277181585,,T-motor,3550,5,4,Gemfan,T-motor,35-40,
9.4447536,1200,4753,0.023579103,7.689004972,0.524092486,4.029749734,5.851257406,T-motor,3550,5,4,Gemfan,T-motor,35-40,
13.5390414,1250,5774,0.034524331,7.683706995,0.775307527,5.957235866,5.795360751,T-motor,3550,5,4,Gemfan,T-motor,35-40,
17.6262296,1300,6693,0.046074005,7.678009779,1.05074866,8.067658483,5.710951341,T-motor,3550,5,4,Gemfan,T-motor,35-40,
21.4666304,1325,7114,0.052435614,7.673257067,1.208718796,9.274810046,5.653551288,T-motor,3550,5,4,Gemfan,T-motor,35-40,
25.3031402,1350,7547,0.056940786,7.66847487,1.355451842,10.39424839,5.478105217,T-motor,3550,5,4,Gemfan,T-motor,35-40,
29.1411776,1375,7966,0.064999956,7.662339076,1.539735629,11.79797648,5.509415612,T-motor,3550,5,4,Gemfan,T-motor,35-40,
32.9719802,1400,8318,0.072358047,7.657033795,1.740796799,13.32933992,5.428479391,T-motor,3550,5,4,Gemfan,T-motor,35-40,
36.8161808,1425,8687,0.081556861,7.650659222,1.942002457,14.85759901,5.48923555,T-motor,3550,5,4,Gemfan,T-motor,35-40,
40.6776836,1450,9092,0.085901286,7.644873919,2.13521926,16.32348203,5.262436397,T-motor,3550,5,4,Gemfan,T-motor,35-40,
44.5465946,1475,9454,0.094284195,7.638071065,2.387384713,18.2350141,5.170503018,T-motor,3550,5,4,Gemfan,T-motor,35-40,
48.378379,1500,9853,0.09817252,7.632038778,2.560768316,19.54388309,5.023183952,T-motor,3550,5,4,Gemfan,T-motor,35-40,
52.486425,1550,10532,0.112773558,7.620206192,3.031172881,23.09816236,4.882360609,T-motor,3550,5,4,Gemfan,T-motor,35-40,
56.5993298,1600,11349,0.130855174,7.605368144,3.641344812,27.69376784,4.725076577,T-motor,3550,5,4,Gemfan,T-motor,35-40,
60.725195,1650,12195,0.152689417,7.586957491,4.421122062,33.54286515,4.552068429,T-motor,3550,5,4,Gemfan,T-motor,35-40,
64.8377182,1700,13130,0.176905828,7.563808821,5.360768547,40.54782842,4.362892793,T-motor,3550,5,4,Gemfan,T-motor,35-40,
68.9662706,1750,14175,0.203850826,7.535527361,6.445769494,48.57227238,4.196855866,T-motor,3550,5,4,Gemfan,T-motor,35-40,
73.0890648,1800,15233,0.237354448,7.502544727,7.752692547,58.16492259,4.080714592,T-motor,3550,5,4,Gemfan,T-motor,35-40,
77.1924888,1850,16199,0.275068999,7.462087297,9.300317203,69.39977886,3.963542872,T-motor,3550,5,4,Gemfan,T-motor,35-40,
0.2688572,1000,0,0.000642254,7.67434401,0.033862588,0.259873146,,T-motor,3550,5,4.3,Gemfan,T-motor,35-40,
9.422365,1200,4577,0.029787582,7.661148459,0.633984154,4.857046725,6.132858804,T-motor,3550,5,4.3,Gemfan,T-motor,35-40,
13.4830044,1250,5478,0.042845209,7.652922052,0.957108388,7.324675886,5.849434096,T-motor,3550,5,4.3,Gemfan,T-motor,35-40,
17.560044,1300,6294,0.057465757,7.644720699,1.298443431,9.926237373,5.78927897,T-motor,3550,5,4.3,Gemfan,T-motor,35-40,
21.3893712,1325,6649,0.065032545,7.638904613,1.504963392,11.4962718,5.65683777,T-motor,3550,5,4.3,Gemfan,T-motor,35-40,
25.2244508,1350,6974,0.07258862,7.633125464,1.704634674,13.01169033,5.5787233,T-motor,3550,5,4.3,Gemfan,T-motor,35-40,
29.0563512,1375,7226,0.081349848,7.626618348,1.927173164,14.69781421,5.534826259,T-motor,3550,5,4.3,Gemfan,T-motor,35-40,
32.8871724,1400,7501,0.088223803,7.620250963,2.118420656,16.14289704,5.465177837,T-motor,3550,5,4.3,Gemfan,T-motor,35-40,
36.7339882,1425,7747,0.095645617,7.614548652,2.348244985,17.88082568,5.349060396,T-motor,3550,5,4.3,Gemfan,T-motor,35-40,
40.5667694,1450,8069,0.100290506,7.60750092,2.548254302,19.38584695,5.173387904,T-motor,3550,5,4.3,Gemfan,T-motor,35-40,
44.427813,1475,8359,0.107883034,7.60016422,2.825256492,21.4724133,5.024262194,T-motor,3550,5,4.3,Gemfan,T-motor,35-40,
48.2762408,1500,8680,0.116374224,7.591071831,3.122832403,23.70564508,4.909135521,T-motor,3550,5,4.3,Gemfan,T-motor,35-40,
52.3638188,1550,9299,0.13363104,7.574374302,3.820028464,28.93432543,4.61842598,T-motor,3550,5,4.3,Gemfan,T-motor,35-40,
56.4916338,1600,9992,0.155891483,7.553724207,4.677412014,35.33188036,4.41220453,T-motor,3550,5,4.3,Gemfan,T-motor,35-40,
60.60661,1650,10722,0.181720201,7.526741317,5.713431964,43.00352442,4.225704829,T-motor,3550,5,4.3,Gemfan,T-motor,35-40,
64.698539,1700,11550,0.210156395,7.49454645,7.063242189,52.93579668,3.970024212,T-motor,3550,5,4.3,Gemfan,T-motor,35-40,
68.8003446,1750,12406,0.238395591,7.457719197,8.419901228,62.79325903,3.796515653,T-motor,3550,5,4.3,Gemfan,T-motor,35-40,
72.933974,1800,13228,0.280395589,7.40981308,10.29414122,76.27766226,3.67598561,T-motor,3550,5,4.3,Gemfan,T-motor,35-40,
77.0126646,1850,14067,0.324659256,7.356003989,12.43275323,91.45538233,3.549919614,T-motor,3550,5,4.3,Gemfan,T-motor,35-40,
0.551538,1000,0,-0.000152472,15.94100217,-0.002962351,0.047222843,,EMAX,2500,5,4,Gemfan,EMAX,30-35,
10.7414882,1200,8143,0.048773475,15.88734237,1.403188608,22.29293784,2.187844225,EMAX,2500,5,4,Gemfan,EMAX,30-35,
15.9244062,1300,11555,0.098924788,15.8260806,2.824773212,44.70508853,2.212830597,EMAX,2500,5,4,Gemfan,EMAX,30-35,
20.8395262,1350,12973,0.12471929,15.78172283,3.556019442,56.1201132,2.222363484,EMAX,2500,5,4,Gemfan,EMAX,30-35,
25.5474094,1400,14239,0.150704734,15.736826,4.412467852,69.43823883,2.170342109,EMAX,2500,5,4,Gemfan,EMAX,30-35,
30.215196,1450,15561,0.179982171,15.68682826,5.358838049,84.06317218,2.141034732,EMAX,2500,5,4,Gemfan,EMAX,30-35,
34.9053056,1500,16829,0.20929801,15.62941208,6.375354736,99.6430463,2.100477837,EMAX,2500,5,4,Gemfan,EMAX,30-35,
39.6338588,1550,18166,0.246324889,15.56028055,7.681455199,119.5255979,2.060854688,EMAX,2500,5,4,Gemfan,EMAX,30-35,
44.5526482,1600,19653,0.280586234,15.4822134,9.148867592,141.6447204,1.980915582,EMAX,2500,5,4,Gemfan,EMAX,30-35,
49.2730578,1650,21130,0.3253593,15.38562137,10.98361348,168.9897183,1.925320094,EMAX,2500,5,4,Gemfan,EMAX,30-35,
54.013275,1700,22667,0.372443231,15.26987379,13.36864597,204.1375368,1.824472056,EMAX,2500,5,4,Gemfan,EMAX,30-35,
59.2463812,1800,25821,0.483933624,14.98966568,19.99882832,299.7757505,1.61431878,EMAX,2500,5,4,Gemfan,EMAX,30-35,
0.4269746,1000,0,0.000577185,12.13471386,-0.027182609,0.329853178,,PrimoPal,2280,7,3.8,DalProp,Hobbywing,40,
10.5833458,1200,2935,0.013749874,12.12843257,0.127676513,1.548515974,8.879387758,PrimoPal,2280,7,3.8,DalProp,Hobbywing,40,
15.9117654,1300,4201,0.028902603,12.11906174,0.373678719,4.528635471,6.382188037,PrimoPal,2280,7,3.8,DalProp,Hobbywing,40,
20.57354,1350,4826,0.036730493,12.11129918,0.545186473,6.602916488,5.562768108,PrimoPal,2280,7,3.8,DalProp,Hobbywing,40,
25.1976296,1400,5371,0.045614482,12.10118869,0.766833421,9.279595924,4.915567708,PrimoPal,2280,7,3.8,DalProp,Hobbywing,40,
29.8981346,1450,5884,0.057082014,12.08922269,1.028180479,12.42990277,4.592313792,PrimoPal,2280,7,3.8,DalProp,Hobbywing,40,
34.6824984,1500,6373,0.067952962,12.0733365,1.324481831,15.99091483,4.249473063,PrimoPal,2280,7,3.8,DalProp,Hobbywing,40,
39.4712636,1550,6846,0.07768026,12.05641259,1.650879726,19.90368711,3.902807523,PrimoPal,2280,7,3.8,DalProp,Hobbywing,40,
44.178037,1600,7282,0.088926369,12.03604635,2.00784612,24.16652897,3.679732785,PrimoPal,2280,7,3.8,DalProp,Hobbywing,40,
48.8619714,1650,7700,0.101106186,12.01396136,2.441318966,29.32991173,3.447203908,PrimoPal,2280,7,3.8,DalProp,Hobbywing,40,
53.3748936,1700,8132,0.111754989,11.98872747,2.885218449,34.59009769,3.230837615,PrimoPal,2280,7,3.8,DalProp,Hobbywing,40,
58.2342032,1750,8520,0.124941245,11.95898377,3.41001831,40.78035362,3.063760714,PrimoPal,2280,7,3.8,DalProp,Hobbywing,40,
63.1316274,1800,8878,0.135447532,11.92672999,3.975622317,47.41617394,2.856568135,PrimoPal,2280,7,3.8,DalProp,Hobbywing,40,
0.5015778,1000,0,-0.000335216,11.47768433,0.139877511,1.60546992,,Flashhobby,3150,5,3,iFlight,iFlight,35,
10.8136702,1200,6954,0.032772012,11.45839561,0.876984138,10.04883119,3.261276045,Flashhobby,3150,5,3,iFlight,iFlight,35,
16.2052886,1300,9212,0.059742783,11.42526057,1.769050774,20.21186606,2.955827195,Flashhobby,3150,5,3,iFlight,iFlight,35,
20.9322614,1350,10279,0.076701556,11.39583677,2.425719675,27.64310545,2.77470836,Flashhobby,3150,5,3,iFlight,iFlight,35,
25.7008306,1400,11436,0.093506403,11.35821937,3.229304591,36.67914997,2.54930671,Flashhobby,3150,5,33,iFlight,iFlight,35,
30.4807116,1450,12330,0.10772815,11.31861298,4.064616841,46.00582494,2.341619782,Flashhobby,3150,5,3,iFlight,iFlight,35,
35.2056132,1500,13114,0.126555882,11.27023204,5.142929789,57.96201207,2.183428031,Flashhobby,3150,5,3,iFlight,iFlight,35,
40.1974238,1550,13979,0.141591719,11.21757453,6.243133415,70.03281438,2.021791074,Flashhobby,3150,5,3,iFlight,iFlight,35,
45.168295,1600,14825,0.15858304,11.15565324,7.557868772,84.31296324,1.880885615,Flashhobby,3150,5,3,iFlight,iFlight,35,
50.1917872,1650,15331,0.183978133,11.08387211,9.266053876,102.7037561,1.791347661,Flashhobby,3150,5,3,iFlight,iFlight,35,
55.0623822,1700,15916,0.195551427,10.99998658,11.13718998,122.5089402,1.596221681,Flashhobby,3150,5,3,iFlight,iFlight,35,
60.1188866,1750,16284,0.210998947,10.90496641,13.43496594,146.5078522,1.440188657,Flashhobby,3150,5,3,iFlight,iFlight,35,
65.0361312,1800,16622,0.225873528,10.80004065,15.97458077,172.5261218,1.309213499,Flashhobby,3150,5,3,iFlight,iFlight,35,
0.2992966,1000,0,0.000129267,24.19642693,-0.003155087,0.076341821,,T-motor,1300,6,4.2,Gemfan,T-motor,35-40,
9.6346794,1200,5894,0.05678691,24.17153862,0.784928876,18.97293865,2.993047666,T-motor,1300,6,4.2,Gemfan,T-motor,35-40,
14.3024914,1300,8533,0.119090308,24.12314574,1.826679927,44.06526611,2.702589095,T-motor,1300,6,4.2,Gemfan,T-motor,35-40,
18.4714536,1350,9824,0.156867532,24.07953527,2.566247021,61.79403564,2.538554569,T-motor,1300,6,4.2,Gemfan,T-motor,35-40,
22.5958084,1400,10994,0.198929925,24.02525311,3.447358706,82.82366546,2.401848844,T-motor,1300,6,4.2,Gemfan,T-motor,35-40,
26.7907338,1450,12091,0.240543873,23.96583804,4.430789584,106.1875855,2.26527302,T-motor,1300,6,4.2,Gemfan,T-motor,35-40,
30.980724,1500,13046,0.282774292,23.90007273,5.516751982,131.8507736,2.144654023,T-motor,1300,6,4.2,Gemfan,T-motor,35-40,
35.1472728,1550,13929,0.328323828,23.82029445,6.804050144,162.0744779,2.025758971,T-motor,1300,6,4.2,Gemfan,T-motor,35-40,
39.2980116,1600,14830,0.379336602,23.72735838,8.291519387,196.735852,1.928151876,T-motor,1300,6,4.2,Gemfan,T-motor,35-40,
43.4592436,1650,15723,0.422485607,23.62754816,9.931003436,234.645262,1.800529035,T-motor,1300,6,4.2,Gemfan,T-motor,35-40,
47.6547866,1700,16618,0.475942796,23.50951492,11.89406289,279.6236491,1.702083489,T-motor,1300,6,4.2,Gemfan,T-motor,35-40,
0.301021,1000,0,-0.000302792,7.62899979,0.012383965,0.094477269,,T-Motor,2850,3.6,3,Master Airscrew (MAS),Hobbywing,30,
9.5514844,1200,3734,0.023808026,7.622935096,0.363621484,2.771862971,8.589178595,T-Motor,2850,3.6,3,Master Airscrew (MAS),Hobbywing,30,
13.6772772,1250,4536,0.034875995,7.618808511,0.548958673,4.182411006,8.338729791,T-Motor,2850,3.6,3,Master Airscrew (MAS),Hobbywing,30,
17.826906,1300,5292,0.049103506,7.61399945,0.781473168,5.950136273,8.252501083,T-Motor,2850,3.6,3,Master Airscrew (MAS),Hobbywing,30,
21.7265994,1325,5654,0.056707054,7.610078018,0.911159142,6.933992158,8.178124962,T-Motor,2850,3.6,3,Master Airscrew (MAS),Hobbywing,30,
25.601837,1350,6002,0.063527487,7.606457581,1.045486257,7.952446864,7.988420148,T-Motor,2850,3.6,3,Master Airscrew (MAS),Hobbywing,30,
29.4784808,1375,6328,0.069766936,7.602138732,1.190257413,9.04850198,7.710329963,T-Motor,2850,3.6,3,Master Airscrew (MAS),Hobbywing,30,
33.3795946,1400,6611,0.078282906,7.596781533,1.327665293,10.08598318,7.76155427,T-Motor,2850,3.6,3,Master Airscrew (MAS),Hobbywing,30,
37.25292,1425,6890,0.085356183,7.592714461,1.474863273,11.1982157,7.622302058,T-Motor,2850,3.6,3,Master Airscrew (MAS),Hobbywing,30,
41.1295796,1450,7115,0.092059354,7.587701248,1.612241976,12.23321045,7.525363385,T-Motor,2850,3.6,3,Master Airscrew (MAS),Hobbywing,30,
45.0037176,1475,7401,0.099477923,7.583017459,1.774358907,13.45499457,7.393382651,T-Motor,2850,3.6,3,Master Airscrew (MAS),Hobbywing,30,
48.881332,1500,7704,0.106958687,7.577471517,1.945658091,14.74316876,7.254796339,T-Motor,2850,3.6,3,Master Airscrew (MAS),Hobbywing,30,
53.0068654,1550,8313,0.127225297,7.565277331,2.403024031,18.17954322,6.998266985,T-Motor,2850,3.6,3,Master Airscrew (MAS),Hobbywing,30,
57.1283064,1600,8997,0.147616052,7.552054697,2.923313166,22.07702093,6.686411758,T-Motor,2850,3.6,3,Master Airscrew (MAS),Hobbywing,30,
61.2791794,1650,9677,0.172863651,7.533399597,3.563785294,26.8474187,6.438743805,T-Motor,2850,3.6,3,Master Airscrew (MAS),Hobbywing,30,
65.4032018,1700,10432,0.196482491,7.514640091,4.287705496,32.22056362,6.098046383,T-Motor,2850,3.6,3,Master Airscrew (MAS),Hobbywing,30,
69.5566856,1750,11207,0.230176375,7.489011451,5.226239755,39.13936938,5.880942363,T-Motor,2850,3.6,3,Master Airscrew (MAS),Hobbywing,30,
73.6797216,1800,11946,0.261839854,7.46123976,6.267081502,46.76019768,5.599631033,T-Motor,2850,3.6,3,Master Airscrew (MAS),Hobbywing,30,
77.8103662,1850,12801,0.293803561,7.432363444,7.273958067,54.06270003,5.434496629,T-Motor,2850,3.6,3,Master Airscrew (MAS),Hobbywing,30,
0.3022282,1000,0,-0.00026123,7.769806231,-0.014831105,0.115234811,,T-Motor,2850,6,2.6,Gemfan,Hobbywing,30,
9.5524188,1200,3828,0.020825285,7.764076965,0.298551211,2.317974581,8.984259559,T-Motor,2850,6,2.6,Gemfan,Hobbywing,30,
13.7032836,1250,4645,0.031785279,7.761077892,0.468220114,3.633892777,8.746895256,T-Motor,2850,6,2.6,Gemfan,Hobbywing,30,
17.8526764,1300,5423,0.043272219,7.756331116,0.693762028,5.381048003,8.041596892,T-Motor,2850,6,2.6,Gemfan,Hobbywing,30,
21.7530668,1325,5768,0.048811584,7.75282284,0.815750597,6.324369859,7.718015374,T-Motor,2850,6,2.6,Gemfan,Hobbywing,30,
25.6527262,1350,6122,0.056735226,7.749332355,0.95114129,7.370709971,7.697389627,T-Motor,2850,6,2.6,Gemfan,Hobbywing,30,
29.5531738,1375,6453,0.063003981,7.74616459,1.090932567,8.45054322,7.455613134,T-Motor,2850,6,2.6,Gemfan,Hobbywing,30,
33.4543392,1400,6776,0.069974076,7.741902227,1.235664043,9.566390205,7.314574678,T-Motor,2850,6,2.6,Gemfan,Hobbywing,30,
37.352808,1425,7071,0.077024424,7.736662086,1.393489322,10.78095601,7.144489202,T-Motor,2850,6,2.6,Gemfan,Hobbywing,30,
41.2299514,1450,7341,0.083536603,7.733261218,1.542815449,11.93099488,7.001646042,T-Motor,2850,6,2.6,Gemfan,Hobbywing,30,
45.1291636,1475,7579,0.091171516,7.728462194,1.69194005,13.07609471,6.972381138,T-Motor,2850,6,2.6,Gemfan,Hobbywing,30,
49.0047986,1500,7847,0.098232784,7.723207267,1.854961764,14.32625418,6.856836607,T-Motor,2850,6,2.6,Gemfan,Hobbywing,30,
53.1323708,1550,8433,0.113817734,7.712254576,2.286629814,17.63507124,6.454055785,T-Motor,2850,6,2.6,Gemfan,Hobbywing,30,
57.254634,1600,9076,0.133857149,7.698750965,2.825175319,21.75032121,6.154260803,T-Motor,2850,6,2.6,Gemfan,Hobbywing,30,
61.4080108,1650,9741,0.156742755,7.683487735,3.443680664,26.45947814,5.923879313,T-Motor,2850,6,2.6,Gemfan,Hobbywing,30,
65.5343948,1700,10505,0.180571931,7.662564582,4.223464935,32.36257282,5.579653153,T-Motor,2850,6,2.6,Gemfan,Hobbywing,30,
69.6810364,1750,11285,0.213613101,7.63600556,5.249063759,40.08188005,5.32941821,T-Motor,2850,6,2.6,Gemfan,Hobbywing,30,
73.8105918,1800,12025,0.245604338,7.609103967,6.336260229,48.21326284,5.094123973,T-Motor,2850,6,2.6,Gemfan,Hobbywing,30,
77.9321778,1850,12797,0.281065957,7.576645858,7.572943922,57.3775142,4.898538406,T-Motor,2850,6,2.6,Gemfan,Hobbywing,30,
0.3022936,1000,0,0.000395701,12.1676093,-0.005156413,0.062741214,,T-motor,1950,6,4.5,Master Airscrew,Hobbywing,60,
9.6606266,1200,4251,0.054642763,12.14899764,0.625689517,7.601500462,7.188418009,T-motor,1950,6,4.5,Master Airscrew,Hobbywing,60,
13.805423,1250,5232,0.082172644,12.1344356,0.98772607,11.98549839,6.856005591,T-motor,1950,6,4.5,Master Airscrew,Hobbywing,60,
18.004725,1300,6112,0.110665092,12.11714992,1.386115873,16.79577385,6.588865338,T-motor,1950,6,4.5,Master Airscrew,Hobbywing,60,
21.949758,1325,6518,0.128540576,12.10270039,1.63565344,19.79582351,6.493317944,T-motor,1950,6,4.5,Master Airscrew,Hobbywing,60,
25.827204,1350,6893,0.14737403,12.08951955,1.898246538,22.94888864,6.421837341,T-motor,1950,6,4.5,Master Airscrew,Hobbywing,60,
29.7027038,1375,7253,0.166170062,12.07290289,2.177601864,26.28997584,6.320662416,T-motor,1950,6,4.5,Master Airscrew,Hobbywing,60,
33.6033302,1400,7607,0.184912882,12.05640392,2.478926737,29.88694202,6.187079341,T-motor,1950,6,4.5,Master Airscrew,Hobbywing,60,
37.4878102,1425,7967,0.202257518,12.03865682,2.782535941,33.49799529,6.03789918,T-motor,1950,6,4.5,Master Airscrew,Hobbywing,60,
41.4045816,1450,8263,0.216951167,12.02211091,3.060280276,36.7910289,5.896849672,T-motor,1950,6,4.5,Master Airscrew,Hobbywing,60,
45.298103,1475,8559,0.232351179,12.00385584,3.356408508,40.28984386,5.766991306,T-motor,1950,6,4.5,Master Airscrew,Hobbywing,60,
49.1800688,1500,8881,0.255884111,11.98207563,3.764574519,45.10741662,5.672772463,T-motor,1950,6,4.5,Master Airscrew,Hobbywing,60,
53.8651502,1600,10307,0.348160085,11.90209322,5.768731589,68.65998113,5.070786201,T-motor,1950,6,4.5,Master Airscrew,Hobbywing,60,
58.5350382,1700,11852,0.464728571,11.78446417,8.699189466,102.5152866,4.533261201,T-motor,1950,6,4.5,Master Airscrew,Hobbywing,60,
0.2990274,1000,0,6.25E-05,8.142947851,0.004906461,0.039953056,,FlashHobby,3650,5,4,Gemfan,Hobbywing,25-30,
9.5490396,1200,5103,0.028430366,8.134394362,0.481688409,3.918243477,7.255895606,FlashHobby,3650,5,4,Gemfan,Hobbywing,25-30,
13.6981584,1250,6161,0.040975254,8.128416122,0.745590804,6.060472315,6.761066149,FlashHobby,3650,5,4,Gemfan,Hobbywing,25-30,
17.8247864,1300,7064,0.055422533,8.12167843,1.07909491,8.764061851,6.323840935,FlashHobby,3650,5,4,Gemfan,Hobbywing,25-30,
21.7245932,1325,7484,0.062409911,8.117143714,1.247147007,10.12327149,6.164994282,FlashHobby,3650,5,4,Gemfan,Hobbywing,25-30,
25.5992712,1350,7884,0.06826011,8.111575286,1.426163004,11.56842858,5.900551651,FlashHobby,3650,5,4,Gemfan,Hobbywing,25-30,
29.5003014,1375,8214,0.075236938,8.106391362,1.600979691,12.97816794,5.797192519,FlashHobby,3650,5,4,Gemfan,Hobbywing,25-30,
33.4000692,1400,8547,0.081060413,8.101860518,1.75993897,14.25878006,5.684947292,FlashHobby,3650,5,4,Gemfan,Hobbywing,25-30,
37.3005302,1425,8858,0.086441369,8.096830917,1.924624785,15.58336146,5.547029685,FlashHobby,3650,5,4,Gemfan,Hobbywing,25-30,
41.1787224,1450,9231,0.09095622,8.091870017,2.111725256,17.08780628,5.322872851,FlashHobby,3650,5,4,Gemfan,Hobbywing,25-30,
45.1034964,1475,9553,0.098816894,8.084654995,2.355678806,19.04485042,5.188641131,FlashHobby,3650,5,4,Gemfan,Hobbywing,25-30,
48.9767862,1500,9901,0.107241947,8.077393102,2.602634884,21.02250506,5.101292475,FlashHobby,3650,5,4,Gemfan,Hobbywing,25-30,
53.1019342,1550,10651,0.121068611,8.06470912,3.139321469,25.31771448,4.781972365,FlashHobby,3650,5,4,Gemfan,Hobbywing,25-30,
57.2518852,1600,11344,0.14013444,8.048714901,3.808067971,30.65005342,4.57207818,FlashHobby,3650,5,4,Gemfan,Hobbywing,25-30,
61.3786496,1650,12147,0.159760584,8.0307072,4.57186507,36.71530973,4.351334233,FlashHobby,3650,5,4,Gemfan,Hobbywing,25-30,
65.5283648,1700,12968,0.181468405,8.00503338,5.506647622,44.08089803,4.116712969,FlashHobby,3650,5,4,Gemfan,Hobbywing,25-30,
69.6542788,1750,13825,0.202517134,7.979121655,6.543825924,52.21398314,3.878599605,FlashHobby,3650,5,4,Gemfan,Hobbywing,25-30,
73.804976,1800,14648,0.226363485,7.95107047,7.66442928,60.94041732,3.714505002,FlashHobby,3650,5,4,Gemfan,Hobbywing,25-30,
77.9577322,1850,15314,0.254661454,7.91823406,8.989863618,71.18384429,3.577517569,FlashHobby,3650,5,4,Gemfan,Hobbywing,25-30,
0.2993642,1000,0,0.000658814,12.09645659,0.047194898,0.570891032,,T-motor,1500,7,3.5,Gemfan,T-motor,45,
9.5738922,1200,3335,0.033542233,12.08630402,0.30601961,3.698646044,9.068787029,T-motor,1500,7,3.5,Gemfan,T-motor,45,
13.7258004,1250,4007,0.051970307,12.07925789,0.454787755,5.493498581,9.460329475,T-motor,1500,7,3.5,Gemfan,T-motor,45,
17.8518002,1300,4630,0.069725958,12.06810853,0.643546123,7.766384462,8.977917362,T-motor,1500,7,3.5,Gemfan,T-motor,45,
22.0008068,1350,5285,0.091721697,12.0557372,0.905418976,10.91549324,8.402890755,T-motor,1500,7,3.5,Gemfan,T-motor,45,
26.1517964,1400,5902,0.114142965,12.03967136,1.199850243,14.4458026,7.901462336,T-motor,1500,7,3.5,Gemfan,T-motor,45,
30.776661,1500,7028,0.166539391,12.00164996,1.925489924,23.10905608,7.20667217,T-motor,1500,7,3.5,Gemfan,T-motor,45,
35.4277056,1600,8069,0.229395621,11.94603341,2.916270224,34.83786153,6.58466423,T-motor,1500,7,3.5,Gemfan,T-motor,45,
40.0780558,1700,9110,0.293064112,11.87434646,4.2322438,50.25512918,5.831526394,T-motor,1500,7,3.5,Gemfan,T-motor,45,
0.2952076,1000,0,0.000313205,8.261775758,0.679214032,5.611514021,,FlashHobby,3150,5.1,3,Gemfan,EMAX,25-30,
9.483666,1200,4799,0.024626803,8.265539559,0.417259313,3.448873361,7.140535526,FlashHobby,3150,5.1,3,Gemfan,EMAX,25-30,
13.5800456,1250,5787,0.036324774,8.259951782,0.654715859,5.40792143,6.716956627,FlashHobby,3150,5.1,3,Gemfan,EMAX,25-30,
17.678665,1300,6661,0.049597517,8.253007137,0.95432377,7.876040881,6.297265043,FlashHobby,3150,5.1,3,Gemfan,EMAX,25-30,
21.5162006,1325,7041,0.055794935,8.248097659,1.107090834,9.131393315,6.11023235,FlashHobby,3150,5.1,3,Gemfan,EMAX,25-30,
25.3907858,1350,7361,0.061312446,8.24318025,1.242583097,10.24283645,5.98588544,FlashHobby,3150,5.1,3,Gemfan,EMAX,25-30,
29.254206,1375,7689,0.066818283,8.2377373,1.400284333,11.53517448,5.792568071,FlashHobby,3150,5.1,3,Gemfan,EMAX,25-30,
33.0854258,1400,8037,0.074277851,8.231786149,1.58610128,13.05644655,5.68897904,FlashHobby,3150,5.1,3,Gemfan,EMAX,25-30,
36.9566568,1425,8381,0.081160929,8.226279485,1.792843537,14.74843201,5.50302084,FlashHobby,3150,5.1,3,Gemfan,EMAX,25-30,
40.8273614,1450,8757,0.089323668,8.218701079,2.018629264,16.59051051,5.384021643,FlashHobby,3150,5.1,3,Gemfan,EMAX,25-30,
44.6805632,1475,9066,0.099115748,8.211293648,2.271458972,18.65161663,5.314056674,FlashHobby,3150,5.1,3,Gemfan,EMAX,25-30,
48.5361472,1500,9364,0.108595394,8.202487569,2.556222025,20.96737938,5.1792545,FlashHobby,3150,5.1,3,Gemfan,EMAX,25-30,
52.6583156,1550,10078,0.126447862,8.185329804,3.144665472,25.74012401,4.912480665,FlashHobby,3150,5.1,3,Gemfan,EMAX,25-30,
56.755021,1600,10802,0.146939239,8.167690797,3.862909179,31.55104775,4.657190463,FlashHobby,3150,5.1,3,Gemfan,EMAX,25-30,
60.8771282,1650,11585,0.173550781,8.143177989,4.855185058,39.5366361,4.389619293,FlashHobby,3150,5.1,3,Gemfan,EMAX,25-30,
64.9850872,1700,12273,0.196961067,8.11830245,5.829777491,47.32789689,4.16162729,FlashHobby,3150,5.1,3,Gemfan,EMAX,25-30,
69.1039946,1750,13058,0.223500124,8.087832322,7.021047273,56.78505307,3.935897063,FlashHobby,3150,5.1,3,Gemfan,EMAX,25-30,
73.237649,1800,13855,0.254414028,8.052723149,8.376565683,67.45416438,3.771657846,FlashHobby,3150,5.1,3,Gemfan,EMAX,25-30,
77.3500218,1850,14544,0.284375594,8.011611084,9.822923399,78.69744199,3.61353034,FlashHobby,3150,5.1,3,Gemfan,EMAX,25-30,
0.2997742,1000,0,5.99E-06,12.17489384,0.044842235,0.545949449,,T-motor,1500,6.7,3,,T-motor,40,
9.5525388,1200,3417,0.029412964,12.16531923,0.29577923,3.598248758,8.174244211,T-motor,1500,6.7,3,,T-motor,40,
13.7025968,1250,4167,0.046196622,12.15764859,0.4268877,5.189950642,8.901167984,T-motor,1500,6.7,3,,T-motor,40,
17.8325324,1300,4840,0.060233363,12.14905169,0.597888764,7.263781504,8.292287349,T-motor,1500,6.7,3,,T-motor,40,
21.9785786,1350,5474,0.078859217,12.13828231,0.823309389,9.993561788,7.891002069,T-motor,1500,6.7,3,,T-motor,40,
26.1297558,1400,6121,0.100794891,12.12343115,1.090826901,13.22456483,7.621792626,T-motor,1500,6.7,3,,T-motor,40,
30.7793418,1500,7333,0.139915199,12.089412,1.739413744,21.02848938,6.653602018,T-motor,1500,6.7,3,,T-motor,40,
35.4048406,1600,8426,0.195356667,12.03921473,2.645823755,31.85364033,6.132946334,T-motor,1500,6.7,3,,T-motor,40,
40.0558628,1700,9542,0.254536647,11.97337771,3.848628145,46.08107844,5.523669495,T-motor,1500,6.7,3,,T-motor,40,
0.5325666,1000,0,-0.000143239,12.57471255,-0.005086712,0.063963944,,XILO,2600,5,4.3,Gemfan,XILO,35-40,
10.922996,1200,6885,0.034859427,12.52615498,1.223260788,15.32275421,2.275010503,XILO,2600,5,4.3,Gemfan,XILO,v,
16.0112418,1300,9348,0.066045726,12.47319047,2.368736695,29.54570396,2.235374947,XILO,2600,5,4.3,Gemfan,XILO,35-40,
20.827428,1350,10374,0.082294537,12.43684263,3.038351649,37.78750131,2.177824268,XILO,2600,5,4.3,Gemfan,XILO,35-40,
25.551114,1400,11423,0.099383695,12.38987354,3.843475783,47.62017888,2.087008015,XILO,2600,5,4.3,Gemfan,XILO,35-40,
30.2328538,1450,12328,0.115607489,12.34413623,4.722703723,58.29769814,1.983054101,XILO,2600,5,4.3,Gemfan,XILO,35-40,
35.0594068,1500,13289,0.13354873,12.28905659,5.763062471,70.82260081,1.885679548,XILO,2600,5,4.3,Gemfan,XILO,35-40,
39.7549418,1550,14314,0.152106092,12.22288592,6.927469766,84.67367269,1.796380003,XILO,2600,5,4.3,Gemfan,XILO,35-40,
44.6142386,1600,15162,0.178257406,12.14585758,8.301159358,100.8246993,1.767993431,XILO,2600,5,4.3,Gemfan,XILO,35-40,
49.5286604,1650,16399,0.208574675,12.04426002,10.23921846,123.3238095,1.691276612,XILO,2600,5,4.3,Gemfan,XILO,35-40,
54.2690548,1700,17898,0.238685724,11.92224354,12.57134017,149.8785791,1.592527265,XILO,2600,5,4.3,Gemfan,XILO,35-40,
59.0540606,1750,19404,0.286454503,11.75695877,15.94794145,187.4992901,1.527763132,XILO,2600,5,4.3,Gemfan,XILO,35-40,
63.8702252,1800,20663,0.33617972,11.53937679,20.28640672,234.0924908,1.436097838,XILO,2600,5,4.3,Gemfan,XILO,35-40,
0.2983718,1000,0,0.00032202,8.13807324,-0.006445672,0.052455349,,RCINPower,2450,5.1,2.5,Gemfan,Hobbywing,30,
9.5741022,1200,3672,0.010418775,8.134538891,0.17098331,1.390870382,7.490830851,RCINPower,2450,5.1,2.5,Gemfan,Hobbywing,30,
13.72408,1250,4515,0.017368828,8.132828214,0.269390495,2.190906621,7.927689663,RCINPower,2450,5.1,2.5,Gemfan,Hobbywing,30,
17.8739032,1300,5305,0.024159975,8.129462279,0.396391304,3.22244815,7.497397576,RCINPower,2450,5.1,2.5,Gemfan,Hobbywing,30,
21.774159,1325,5690,0.028148108,8.128323792,0.460001677,3.739042576,7.528159207,RCINPower,2450,5.1,2.5,Gemfan,Hobbywing,30,
25.6742534,1350,6064,0.03218087,8.125597609,0.545087337,4.429160363,7.26568179,RCINPower,2450,5.1,2.5,Gemfan,Hobbywing,30,
29.5462932,1375,6430,0.036671256,8.12358107,0.630738765,5.123857493,7.156962568,RCINPower,2450,5.1,2.5,Gemfan,Hobbywing,30,
33.4240754,1400,6777,0.040711165,8.121017856,0.718933303,5.838470189,6.97291653,RCINPower,2450,5.1,2.5,Gemfan,Hobbywing,30,
37.3246818,1425,7097,0.044317705,8.118382806,0.826633645,6.710928371,6.603811304,RCINPower,2450,5.1,2.5,Gemfan,Hobbywing,30,
41.199577,1450,7429,0.049948034,8.115933483,0.928531466,7.535899617,6.628012059,RCINPower,2450,5.1,2.5,Gemfan,Hobbywing,30,
45.0994816,1475,7738,0.054218517,8.112494016,1.028169389,8.341018013,6.500227836,RCINPower,2450,5.1,2.5,Gemfan,Hobbywing,30,
48.9995872,1500,8001,0.058706957,8.109715555,1.129884208,9.163039535,6.406930451,RCINPower,2450,5.1,2.5,Gemfan,Hobbywing,30,
53.1505302,1550,8615,0.068050255,8.103327105,1.365583223,11.06576754,6.149619089,RCINPower,2450,5.1,2.5,Gemfan,Hobbywing,30,
57.2770292,1600,9266,0.079445643,8.096206443,1.666453957,13.49195526,5.888371338,RCINPower,2450,5.1,2.5,Gemfan,Hobbywing,30,
61.4267,1650,9953,0.09372375,8.086896284,2.028523722,16.40446095,5.713308737,RCINPower,2450,5.1,2.5,Gemfan,Hobbywing,30,
65.549843,1700,10627,0.107175165,8.075550658,2.459850374,19.86464631,5.395271746,RCINPower,2450,5.1,2.5,Gemfan,Hobbywing,30,
69.677032,1750,11367,0.125336312,8.062178134,2.989774714,24.10409633,5.199793009,RCINPower,2450,5.1,2.5,Gemfan,Hobbywing,30,
73.8063162,1800,12047,0.142488698,8.047680395,3.550272775,28.57146061,4.987098849,RCINPower,2450,5.1,2.5,Gemfan,Hobbywing,30,
77.9289728,1850,12716,0.159744364,8.03115066,4.178508548,33.55823168,4.760214001,RCINPower,2450,5.1,2.5,Gemfan,Hobbywing,30,
0,1000,0,-0.001060351,27.50990354,0.011574125,0.318403063,,GEPRC,910,10,4.5-5,HQProp,Hobbywing,60,
4.664614,1100,1942,0.041748331,27.46489775,0.277902445,7.632562232,5.469766155,GEPRC,910,10,4.5-5,HQProp,Hobbywing,60,
8.805001,1150,3131,0.114846745,27.42075113,0.635995614,17.43947744,6.58544648,GEPRC,910,10,4.5-5,HQProp,Hobbywing,60,
12.954394,1200,4277,0.232587563,27.35810242,1.232879378,33.72924028,6.895724924,GEPRC,910,10,4.5-5,HQProp,Hobbywing,60,
17.1182536,1250,5378,0.377697832,27.31664167,2.076998574,56.73662579,6.657037262,GEPRC,910,10,4.5-5,HQProp,Hobbywing,60,
21.2632786,1300,6320,0.532515363,27.29441653,3.154592182,86.10275301,6.184649673,GEPRC,910,10,4.5-5,HQProp,Hobbywing,60,
25.4366754,1350,7155,0.703722236,27.23147003,4.47128877,121.7597661,5.779595826,GEPRC,910,10,4.5-5,HQProp,Hobbywing,60,
29.5810824,1400,8066,0.915720059,27.16844469,6.383441497,173.4281772,5.280111186,GEPRC,910,10,4.5-5,HQProp,Hobbywing,60,
0.3394702,1000,0,3.80E-05,11.89600036,-0.004367909,0.051960643,,Lumenier,1700,5.5,3.6,Gemfan,Lumenier,35-40,
9.6213064,1200,3693,0.012609793,11.88769279,0.326268143,3.878575445,3.251140417,Lumenier,1700,5.5,3.6,Gemfan,Lumenier,35-40,
14.2515216,1300,5395,0.027146893,11.87673533,0.693275825,8.233853481,3.296985192,Lumenier,1700,5.5,3.6,Gemfan,Lumenier,35-40,
18.4251022,1350,6197,0.036956793,11.86778761,0.936706439,11.11663307,3.32445918,Lumenier,1700,5.5,3.6,Gemfan,Lumenier,35-40,
22.5739748,1400,6959,0.047059906,11.85619976,1.203040865,14.26349282,3.299325517,Lumenier,1700,5.5,3.6,Gemfan,Lumenier,35-40,
26.7111082,1450,7700,0.05733194,11.8435202,1.519811347,17.99991638,3.185122587,Lumenier,1700,5.5,3.6,Gemfan,Lumenier,35-40,
30.8747218,1500,8443,0.069819608,11.82805502,1.878326856,22.2169534,3.142627485,Lumenier,1700,5.5,3.6,Gemfan,Lumenier,35-40,
35.018274,1550,9183,0.081454955,11.80997354,2.298303549,27.1429041,3.000966833,Lumenier,1700,5.5,3.6,Gemfan,Lumenier,35-40,
39.1738716,1600,9883,0.095309139,11.78914381,2.765205624,32.59940676,2.923646416,Lumenier,1700,5.5,3.6,Gemfan,Lumenier,35-40,
43.427805,1650,10569,0.107325903,11.76658627,3.22278554,37.9211841,2.830236069,Lumenier,1700,5.5,3.6,Gemfan,Lumenier,35-40,
47.6010014,1700,11377,0.12571239,11.73590351,4.008423304,47.04246915,2.672317,Lumenier,1700,5.5,3.6,Gemfan,Lumenier,35-40,
0.2997472,1000,0,4.77E-05,8.149121944,0.02489889,0.202904091,,Diatone,2900,5.1,2.6,Gemfan,Diatone,31,
9.5750632,1200,4510,0.017843218,8.142268662,0.407323451,3.316536968,5.380075238,Diatone,2900,5.1,2.6,Gemfan,Diatone,31,
13.7256084,1250,5500,0.028732749,8.137603445,0.603667964,4.912410506,5.849012204,Diatone,2900,5.1,2.6,Gemfan,Diatone,31,
17.8756994,1300,6419,0.039998165,8.132792793,0.851486766,6.92496543,5.775937096,Diatone,2900,5.1,2.6,Gemfan,Diatone,31,
21.7509012,1325,6851,0.045744214,8.129715589,0.981261759,7.977379015,5.734241014,Diatone,2900,5.1,2.6,Gemfan,Diatone,31,
25.651814,1350,7285,0.050299155,8.12506501,1.11295762,9.042853017,5.562310409,Diatone,2900,5.1,2.6,Gemfan,Diatone,31,
29.526812,1375,7671,0.058206733,8.121178214,1.265944446,10.28096045,5.661604617,Diatone,2900,5.1,2.6,Gemfan,Diatone,31,
33.4022216,1400,8095,0.063311851,8.117174928,1.395694801,11.32909884,5.588427801,Diatone,2900,5.1,2.6,Gemfan,Diatone,31,
37.278506,1425,8458,0.071309377,8.111188599,1.59618542,12.94696098,5.507808136,Diatone,2900,5.1,2.6,Gemfan,Diatone,31,
41.1785736,1450,8851,0.076695215,8.107545107,1.7507919,14.1946243,5.403116944,Diatone,2900,5.1,2.6,Gemfan,Diatone,31,
45.07876,1475,9215,0.086532087,8.100707373,1.967253012,15.93614098,5.429927278,Diatone,2900,5.1,2.6,Gemfan,Diatone,31,
48.9796098,1500,9592,0.094035021,8.095218096,2.171667839,17.58012479,5.348939332,Diatone,2900,5.1,2.6,Gemfan,Diatone,31,
53.1299802,1550,10366,0.107758419,8.084632471,2.579096009,20.85104334,5.168010898,Diatone,2900,5.1,2.6,Gemfan,Diatone,31,
57.2551434,1600,11004,0.124802755,8.07262194,3.0683581,24.76969492,5.03852612,Diatone,2900,5.1,2.6,Gemfan,Diatone,31,
61.4059044,1650,11784,0.148591566,8.056530837,3.738361456,30.11822435,4.933609769,Diatone,2900,5.1,2.6,Gemfan,Diatone,31,
65.5815436,1700,12574,0.177229133,8.036292376,4.612465308,37.06711979,4.781303057,Diatone,2900,5.1,2.6,Gemfan,Diatone,31,
69.7312354,1750,13504,0.201712986,8.011175854,5.535282961,44.3441252,4.548809682,Diatone,2900,5.1,2.6,Gemfan,Diatone,31,
73.8569802,1800,14452,0.229452998,7.983498352,6.608816497,52.76147562,4.348873781,Diatone,2900,5.1,2.6,Gemfan,Diatone,31,
77.9820314,1850,15385,0.25653229,7.954623615,7.732763223,61.51122094,4.170495822,Diatone,2900,5.1,2.6,Gemfan,Diatone,31,
0.3040872,1000,0,0.000205961,12.03793149,0.006834445,0.082272578,,T-Motor,1500,6,3.5,HQProp,T -Motor,20,
9.5544986,1200,3517,0.0276743,12.02830043,0.24723489,2.973815538,9.305990678,T-Motor,1500,6,3.5,HQProp,T -Motor,20,
13.68011,1250,4059,0.042401385,12.02108532,0.400204148,4.810888213,8.813629251,T-Motor,1500,6,3.5,HQProp,T -Motor,20,
17.8048826,1300,4685,0.057347147,12.01234146,0.566501968,6.80501508,8.427188808,T-Motor,1500,6,3.5,HQProp,T -Motor,20,
21.681025,1325,4995,0.066348981,12.00562316,0.67718723,8.130054694,8.160951424,T-Motor,1500,6,3.5,HQProp,T -Motor,20,
25.5548958,1350,5309,0.076295807,11.99772587,0.81768815,9.81039828,7.777034644,T-Motor,1500,6,3.5,HQProp,T -Motor,20,
29.4551792,1375,5618,0.087221629,11.98855834,0.959178867,11.49917181,7.585035729,T-Motor,1500,6,3.5,HQProp,T -Motor,20,
33.3566472,1400,5925,0.097718508,11.97984375,1.102006654,13.20186753,7.401870088,T-Motor,1500,6,3.5,HQProp,T -Motor,20,
37.256562,1425,6251,0.107555677,11.96952574,1.256308225,15.03741365,7.152538322,T-Motor,1500,6,3.5,HQProp,T -Motor,20,
41.1563104,1450,6523,0.117350392,11.95824297,1.421105637,16.99392649,6.905431333,T-Motor,1500,6,3.5,HQProp,T -Motor,20,
45.0566756,1475,6794,0.130812826,11.943517,1.622166088,19.37436824,6.751849879,T-Motor,1500,6,3.5,HQProp,T -Motor,20,
48.956387,1500,7064,0.140167217,11.93120951,1.785693558,21.30548396,6.578926674,T-Motor,1500,6,3.5,HQProp,T -Motor,20,
53.608364,1600,8133,0.192323971,11.88093087,2.72434923,32.36780486,5.941829303,T-Motor,1500,6,3.5,HQProp,T -Motor,20,
58.2736406,1700,9182,0.248329661,11.81561305,3.993996171,47.19151329,5.26216779,T-Motor,1500,6,3.5,HQProp,T -Motor,20,
0.5394684,1000,0,-0.000254339,11.22400668,-0.0025874,0.029040998,,Sunnysky,2300,6,4,Gemfan,Hobbywing,20-25,
10.8813266,1200,5047,0.023089943,11.21181546,0.460317751,5.160997678,4.47393017,Sunnysky,2300,6,4,Gemfan,Hobbywing,20-25,
16.0567508,1300,6891,0.044931569,11.19208665,1.042045381,11.6626622,3.852599674,Sunnysky,2300,6,4,Gemfan,Hobbywing,20-25,
20.7862834,1350,7802,0.057615726,11.1750954,1.456867567,16.28063405,3.538911708,Sunnysky,2300,6,4,Gemfan,Hobbywing,20-25,
25.4597368,1400,8698,0.071232818,11.15636825,1.939886841,21.64209196,3.291401696,Sunnysky,2300,6,4,Gemfan,Hobbywing,20-25,
30.270349,1450,9583,0.085263576,11.13291324,2.544775407,28.33076382,3.009575602,Sunnysky,2300,6,4,Gemfan,Hobbywing,20-25,
34.9023172,1500,10390,0.099177822,11.10698143,3.199680913,35.53879648,2.790691646,Sunnysky,2300,6,4,Gemfan,Hobbywing,20-25,
39.635215,1550,11253,0.119295362,11.0713031,4.162993273,46.08976033,2.588326794,Sunnysky,2300,6,4,Gemfan,Hobbywing,20-25,
44.339053,1600,11971,0.135475513,11.03405611,5.128447436,56.58757676,2.39408578,Sunnysky,2300,6,4,Gemfan,Hobbywing,20-25,
49.2017304,1650,12695,0.152544472,10.9878415,6.251454361,68.68998965,2.22076714,Sunnysky,2300,6,4,Gemfan,Hobbywing,20-25,
54.0185612,1700,13170,0.173966845,10.93160285,7.780324981,85.05142276,2.045431335,Sunnysky,2300,6,4,Gemfan,Hobbywing,20-25,
58.8677502,1750,13710,0.191041539,10.87507436,9.317405484,101.3274775,1.885387293,Sunnysky,2300,6,4,Gemfan,Hobbywing,20-25,
63.7950384,1800,14559,0.209498736,10.82641623,10.40285563,112.6256451,1.860133504,Sunnysky,2300,6,4,Gemfan,Hobbywing,20-25,
0.3023412,1000,0,0.000306118,12.45184751,0.049156788,0.612092827,,Lumenier,1750,6,4,Lumenier,SpeedyBee,60,
9.5783158,1200,8088,0.037802885,12.43645891,0.456620661,5.678744086,6.656909405,Lumenier,1750,6,4,Lumenier,SpeedyBee,60,
13.7026534,1250,9924,0.056134622,12.42485628,0.661194856,8.215251059,6.832977037,Lumenier,1750,6,4,Lumenier,SpeedyBee,60,
17.8537726,1300,11662,0.079855844,12.40859371,0.949748146,11.78503887,6.776035715,Lumenier,1750,6,4,Lumenier,SpeedyBee,60,
22.0039618,1350,13297,0.10616922,12.39220054,1.265563901,15.68312166,6.769648413,Lumenier,1750,6,4,Lumenier,SpeedyBee,60,
26.1542948,1400,14805,0.136239604,12.37151082,1.628032504,20.14122174,6.764217495,Lumenier,1750,6,4,Lumenier,SpeedyBee,60,
30.8052828,1500,17608,0.193641788,12.32710605,2.519068024,31.05281868,6.235884406,Lumenier,1750,6,4,Lumenier,SpeedyBee,60,
35.455673,1600,20380,0.265663464,12.26546242,3.684845954,45.19633956,5.877986283,Lumenier,1750,6,4,Lumenier,SpeedyBee,60,
40.080623,1700,23514,0.355278553,12.17213589,5.504559543,67.00224678,5.302487156,Lumenier,1750,6,4,Lumenier,SpeedyBee,60,
0.3002216,1000,0,-0.000181419,12.34080157,0.009450315,0.116624465,,T-motor,3550,4.8,3.4,HQProp,T-motor,30-35,
9.5750518,1200,7132,0.03950635,12.29729317,1.091750878,13.42558062,2.942617589,T-motor,3550,4.8,3.4,HQProp,T-motor,30-35,
14.2005626,1300,9659,0.071628577,12.23578797,2.288542066,28.00211547,2.557970199,T-motor,3550,4.8,3.4,HQProp,T-motor,30-35,
18.3514804,1350,10659,0.084374006,12.19607178,2.915615948,35.55906139,2.372784946,T-motor,3550,4.8,3.4,HQProp,T-motor,30-35,
22.4770312,1400,11558,0.10268527,12.14491081,3.798895957,46.13725259,2.225647691,T-motor,3550,4.8,3.4,HQProp,T-motor,30-35,
26.6033248,1450,12294,0.118011952,12.09449081,4.678115829,56.57942889,2.085774888,T-motor,3550,4.8,3.4,HQProp,T-motor,30-35,
30.7288206,1500,13003,0.135192985,12.03086943,5.782654882,69.57036587,1.943255338,T-motor,3550,4.8,3.4,HQProp,T-motor,30-35,
34.8541904,1550,13814,0.151204565,11.9641815,6.915700524,82.74069628,1.827450965,T-motor,3550,4.8,3.4,HQProp,T-motor,30-35,
38.9777152,1600,14696,0.161835028,11.88929887,8.094146531,96.23372724,1.681687207,T-motor,3550,4.8,3.4,HQProp,T-motor,30-35,
43.102893,1650,15451,0.186388907,11.79629089,9.796859676,115.5666066,1.612826686,T-motor,3550,4.8,3.4,HQProp,T-motor,30-35,
47.2289658,1700,16152,0.206900283,11.69021677,11.57984818,135.3709355,1.528395166,T-motor,3550,4.8,3.4,HQProp,T-motor,30-35,
0.3009776,1000,0,-0.000443295,12.00697117,0.036796044,0.441809036,,T-motor,1950,6,4,Lumenier,T-motor,45-50,
9.5779506,1200,4278,0.043757514,11.98495357,0.580889608,6.961934987,6.285251702,T-motor,1950,6,4,Lumenier,T-motor,45-50,
13.728006,1250,5268,0.067094197,11.96952107,0.885596956,10.60017143,6.329538846,T-motor,1950,6,4,Lumenier,T-motor,45-50,
17.8782756,1300,6160,0.093289012,11.94761002,1.225361909,14.64014622,6.372136613,T-motor,1950,6,4,Lumenier,T-motor,45-50,
21.7540078,1325,6577,0.106896108,11.93387913,1.430653261,17.07324309,6.261031223,T-motor,1950,6,4,Lumenier,T-motor,45-50,
25.6290224,1350,6983,0.121693612,11.91939174,1.637527924,19.51833681,6.234835145,T-motor,1950,6,4,Lumenier,T-motor,45-50,
29.5046486,1375,7396,0.133725648,11.90311065,1.83484364,21.84034687,6.122872005,T-motor,1950,6,4,Lumenier,T-motor,45-50,
33.4047008,1400,7784,0.151171882,11.88506932,2.08310442,24.75784044,6.106020535,T-motor,1950,6,4,Lumenier,T-motor,45-50,
37.304792,1425,8170,0.163307486,11.86720923,2.335087161,27.7109679,5.893243646,T-motor,1950,6,4,Lumenier,T-motor,45-50,
41.1804454,1450,8528,0.182171221,11.8466761,2.627044911,31.12175016,5.853501819,T-motor,1950,6,4,Lumenier,T-motor,45-50,
45.0806266,1475,8895,0.200323225,11.82457335,2.909262038,34.40078236,5.823217139,T-motor,1950,6,4,Lumenier,T-motor,45-50,
48.956188,1500,9236,0.214974978,11.80349173,3.205553535,37.83672465,5.681648714,T-motor,1950,6,4,Lumenier,T-motor,45-50,
53.1082596,1550,9870,0.248312342,11.76558839,3.822549775,44.97454725,5.521174906,T-motor,1950,6,4,Lumenier,T-motor,45-50,
57.2336576,1600,10626,0.290676701,11.7116728,4.666230194,54.64936123,5.318940499,T-motor,1950,6,4,Lumenier,T-motor,45-50,
61.3572606,1650,11490,0.337943084,11.6465646,5.805473307,67.61381989,4.998136254,T-motor,1950,6,4,Lumenier,T-motor,45-50,
65.483931,1700,12237,0.390473961,11.57577254,6.970849838,80.69297215,4.839008293,T-motor,1950,6,4,Lumenier,T-motor,45-50,
69.609249,1750,13080,0.439155759,11.49487143,8.30194579,95.42979949,4.601872389,T-motor,1950,6,4,Lumenier,T-motor,45-50,
73.7352296,1800,13897,0.503159288,11.39731953,9.984206271,113.7931891,4.421699501,T-motor,1950,6,4,Lumenier,T-motor,45-50,
0.5148448,1000,0,-0.000215294,12.15709898,-0.000171955,0.002090474,,XILO,2600,4,4.5,,XILO,25-30,
10.6263502,1200,6859,0.022210941,12.11993645,1.030596225,12.49076076,1.778189576,XILO,2600,4,4.5,,XILO,25-30,
15.670527,1300,9490,0.041361398,12.08159905,1.891657236,22.85424426,1.809790674,XILO,2600,4,4.5,,XILO,25-30,
20.356921,1350,10616,0.052092745,12.05268238,2.386856627,28.7680248,1.810786299,XILO,2600,4,4.5,,XILO,25-30,
25.040763,1400,11726,0.063936138,12.02172551,2.97646028,35.78218847,1.786814638,XILO,2600,4,4.5,,XILO,25-30,
29.7156452,1450,12803,0.076102425,11.98623659,3.622449932,43.41954192,1.752722881,XILO,2600,4,4.5,,XILO,25-30,
34.423469,1500,13939,0.089267932,11.94412429,4.427917155,52.88759285,1.687880404,XILO,2600,4,4.5,,XILO,25-30,
39.1614964,1550,15152,0.106252331,11.8921471,5.374966997,63.9198982,1.662273159,XILO,2600,4,4.5,,XILO,25-30,
43.987777,1600,16507,0.126499031,11.82985763,6.597990937,78.0532934,1.62067513,XILO,2600,4,4.5,,XILO,25-30,
48.6696798,1650,17873,0.147752494,11.75995461,7.940172763,93.37607129,1.582337877,XILO,2600,4,4.5,,XILO,25-30,
53.4206382,1700,19259,0.172319809,11.67084266,9.570008781,111.6900667,1.542839162,XILO,2600,4,4.5,,XILO,25-30,
58.2471998,1750,20995,0.203111947,11.56077411,11.80916311,136.5230672,1.487748195,XILO,2600,4,4.5,,XILO,25-30,
63.273054,1800,22787,0.242618938,11.41788998,14.63311289,167.079273,1.452118706,XILO,2600,4,4.5,,XILO,25-30,
0.3021456,1000,0,1.62E-05,12.30194312,0.046842485,0.576253587,,Lumenier,1750,,3.5,Gemfan,Lumenier,40â€“60,
9.5785718,1200,7872,0.048308105,12.28408081,0.499726711,6.138683306,7.869457069,Lumenier,1750,,3.5,Gemfan,Lumenier,40â€“60,
13.7020268,1250,9639,0.073158139,12.27134202,0.772066113,9.474287333,7.721756376,Lumenier,1750,,3.5,Gemfan,Lumenier,40â€“60,
17.8545262,1300,11273,0.101730237,12.25338792,1.108889804,13.58765692,7.486959477,Lumenier,1750,,3.5,Gemfan,Lumenier,40â€“60,
22.0042594,1350,12740,0.138438538,12.23164994,1.507106571,18.4344,7.509793553,Lumenier,1750,,3.5,Gemfan,Lumenier,40â€“60,
26.1539008,1400,14084,0.168179871,12.20726373,1.921270316,23.45345345,7.170793496,Lumenier,1750,,3.5,Gemfan,Lumenier,40â€“60,
30.7794816,1500,16508,0.239064089,12.15256693,2.957994759,35.94722928,6.650417666,Lumenier,1750,,3.5,Gemfan,Lumenier,40â€“60,
35.4051074,1600,19069,0.332351532,12.07292958,4.557388611,55.02103179,6.040445276,Lumenier,1750,,3.5,Gemfan,Lumenier,40â€“60,
40.056072,1700,21792,0.438886498,11.9629129,6.723516515,80.43284243,5.456558346,Lumenier,1750,,3.5,Gemfan,Lumenier,40â€“60,
0.3006892,1000,0,-0.000485958,12.1756836,-0.00655168,0.07977118,,Lumenier,2550,7,4.2,Gemfan,Lumenier,60,
9.5797808,1200,4913,0.108678505,12.11814,1.398102845,16.94240601,6.414585104,Lumenier,2550,7,4.2,Gemfan,Lumenier,60,
13.728976,1250,5801,0.152402827,12.07762602,2.158372894,26.06802063,5.846352101,Lumenier,2550,7,4.2,Gemfan,Lumenier,60,
17.8533834,1300,6572,0.200647691,12.02658011,3.098621798,37.26582328,5.384228058,Lumenier,2550,7,4.2,Gemfan,Lumenier,60,
21.9807508,1350,7226,0.245647701,11.96946179,4.153944214,49.72047653,4.940574157,Lumenier,2550,7,4.2,Gemfan,Lumenier,60,
26.105783,1400,7853,0.304801394,11.90512702,5.249968041,62.50153637,4.876702432,Lumenier,2550,7,4.2,Gemfan,Lumenier,60,
30.7555608,1500,8843,0.403380065,11.76614263,8.04995228,94.71688671,4.258797765,Lumenier,2550,7,4.2,Gemfan,Lumenier,60,
35.4057358,1600,9778,0.502880129,11.57910321,11.64284434,134.8136963,3.730185752,Lumenier,2550,7,4.2,Gemfan,Lumenier,60,
40.056411,1700,11031,0.623082957,11.32415609,16.594989,187.9242458,3.315607063,Lumenier,2550,7,4.2,Gemfan,Lumenier,60,
0.3014652,1000,0,5.76E-05,11.94249999,0.012490283,0.149165204,,T-motor,2850,,2.6,Gemfan,T-motor,55,
9.5542688,1200,5812,0.043412485,11.92555339,0.575854477,6.867383312,6.321546812,T-motor,2850,,2.6,Gemfan,T-motor,55,
13.7062442,1250,7027,0.064420305,11.91153054,0.920605549,10.96582111,5.874644859,T-motor,2850,,2.6,Gemfan,T-motor,55,
17.8537148,1300,8136,0.089732379,11.89101085,1.332282983,15.8421914,5.664139282,T-motor,2850,,2.6,Gemfan,T-motor,55,
22.004758,1350,9116,0.113075586,11.87051544,1.80465743,21.42221388,5.278426691,T-motor,2850,,2.6,Gemfan,T-motor,55,
26.1568018,1400,9982,0.138422325,11.84558807,2.300038068,27.24530349,5.080593994,T-motor,2850,,2.6,Gemfan,T-motor,55,
30.8057442,1500,11825,0.206189411,11.78201419,3.852892342,45.39483223,4.542133998,T-motor,2850,,2.6,Gemfan,T-motor,55,
35.456971,1600,13430,0.268844934,11.69403411,5.794508951,67.7611853,3.967535882,T-motor,2850,,2.6,Gemfan,T-motor,55,
40.0790538,1700,15127,0.347568604,11.58085804,8.394404876,97.21441121,3.575278602,T-motor,2850,,2.6,Gemfan,T-motor,55,
0.2999732,1000,0,-0.000142239,8.07168808,0.005811137,0.046905686,,FlashHobby,3650,5.1,3,Gemfan,Hobbywing,20-30,
9.575685,1200,4956,0.026738673,8.063049299,0.505807149,4.078347975,6.55625104,FlashHobby,3650,5.1,3,Gemfan,Hobbywing,20-30,
13.726097,1250,5887,0.039961964,8.057350583,0.80628985,6.496559996,6.151249954,FlashHobby,3650,5.1,3,Gemfan,Hobbywing,20-30,
17.8509732,1300,6706,0.054068196,8.049198196,1.150786337,9.262907311,5.837065473,FlashHobby,3650,5.1,3,Gemfan,Hobbywing,20-30,
21.751918,1325,7066,0.06038948,8.044834513,1.314645531,10.57610574,5.709992037,FlashHobby,3650,5.1,3,Gemfan,Hobbywing,20-30,
25.627346,1350,7352,0.066261481,8.040593039,1.483601745,11.92903786,5.554637468,FlashHobby,3650,5.1,3,Gemfan,Hobbywing,20-30,
29.5278988,1375,7672,0.071293126,8.035695282,1.648241421,13.24476581,5.382739656,FlashHobby,3650,5.1,3,Gemfan,Hobbywing,20-30,
33.4039276,1400,7960,0.077030677,8.029975785,1.8306198,14.69983266,5.240241745,FlashHobby,3650,5.1,3,Gemfan,Hobbywing,20-30,
37.2780616,1425,8277,0.085232882,8.023693014,2.05727207,16.50691954,5.163463855,FlashHobby,3650,5.1,3,Gemfan,Hobbywing,20-30,
41.15352,1450,8591,0.092048862,8.015794137,2.299769684,18.43448035,4.993298449,FlashHobby,3650,5.1,3,Gemfan,Hobbywing,20-30,
45.0543188,1475,8994,0.096420347,8.008337976,2.515592746,20.14571692,4.786146228,FlashHobby,3650,5.1,3,Gemfan,Hobbywing,20-30,
48.928824,1500,9200,0.106638089,7.998679489,2.832679048,22.6576918,4.706485118,FlashHobby,3650,5.1,3,Gemfan,Hobbywing,20-30,
53.0556238,1550,9822,0.122497401,7.984544611,3.444671731,27.50413511,4.453781244,FlashHobby,3650,5.1,3,Gemfan,Hobbywing,20-30,
57.2058232,1600,10507,0.139370576,7.967106417,4.181936799,33.3179355,4.183049585,FlashHobby,3650,5.1,3,Gemfan,Hobbywing,20-30,
61.3321016,1650,11113,0.161612513,7.946433355,5.082780989,40.38998039,4.001302082,FlashHobby,3650,5.1,3,Gemfan,Hobbywing,20-30,
65.4823322,1700,11851,0.180430727,7.923173787,6.066887799,48.06900638,3.753577205,FlashHobby,3650,5.1,3,Gemfan,Hobbywing,20-30,
69.6071344,1750,12556,0.204594615,7.893917727,7.239838775,57.15069165,3.579914945,FlashHobby,3650,5.1,3,Gemfan,Hobbywing,20-30,
73.7328786,1800,13163,0.230825774,7.86224135,8.58472824,67.49520535,3.419884014,FlashHobby,3650,5.1,3,Gemfan,Hobbywing,20-30,
77.8580804,1850,13792,0.250721572,7.82761832,9.874673085,77.29517195,3.243689948,FlashHobby,3650,5.1,3,Gemfan,Hobbywing,20-30,
,,0,-8.36E-05,12.24999595,0.049065957,0.601057771,,,1700,6,3.5,HQProp,EMAX,45-50,
,,7787,0.040733227,12.23628096,0.504330209,6.171126137,6.600614949,,1700,6,3.5,HQProp,EMAX,45-50,
,,9575,0.062485366,12.22659122,0.762387687,9.321402603,6.703429545,,1700,6,3.5,HQProp,EMAX,45-50,
,,11249,0.087951014,12.21331721,1.082929694,13.22616387,6.64977501,,1700,6,3.5,HQProp,EMAX,45-50,
,,12797,0.116826664,12.19664764,1.478352622,18.03094602,6.479230982,,1700,6,3.5,HQProp,EMAX,45-50,
,,14226,0.145728892,12.17634277,1.885196393,22.95479748,6.348515681,,1700,6,3.5,HQProp,EMAX,45-50,
,,16765,0.205073322,12.13494098,2.884286862,35.00065083,5.859128808,,1700,6,3.5,HQProp,EMAX,45-50,
,,19481,0.282163319,12.0743654,4.368897088,52.75165984,5.348899352,,1700,6,3.5,HQProp,EMAX,45-50,
,,22329,0.380236141,11.98542236,6.56679583,78.70582156,4.831105675,,1700,6,3.5,HQProp,EMAX,45-50,
0.2988776,1000,0,-4.56E-05,12.32104934,0.027721849,0.341562265,,T-motor,1750,6,4,Lumenier,T-motor,35-40,
9.5784602,1200,4003,0.038980135,12.30337334,0.465989371,5.733241202,6.798969975,T-motor,1750,6,4,Lumenier,T-motor,35-40,
13.7281842,1250,4933,0.058710244,12.29130874,0.702198744,8.630941568,6.802298852,T-motor,1750,6,4,Lumenier,T-motor,35-40,
17.878535,1300,5845,0.082028765,12.27522652,0.998785121,12.2603136,6.690592749,T-motor,1750,6,4,Lumenier,T-motor,35-40,
21.779828,1325,6256,0.095462432,12.2641646,1.147734329,14.07600273,6.78192762,T-motor,1750,6,4,Lumenier,T-motor,35-40,
25.6806788,1350,6666,0.110054331,12.25079451,1.342444051,16.44600621,6.691857539,T-motor,1750,6,4,Lumenier,T-motor,35-40,
29.5806388,1375,7057,0.122679799,12.23731118,1.525539355,18.66849981,6.571486718,T-motor,1750,6,4,Lumenier,T-motor,35-40,
33.4549998,1400,7448,0.136158059,12.2238928,1.715243923,20.96695784,6.493934891,T-motor,1750,6,4,Lumenier,T-motor,35-40,
37.331352,1425,7851,0.153631035,12.20798341,1.949593754,23.8006082,6.454920537,T-motor,1750,6,4,Lumenier,T-motor,35-40,
41.2311478,1450,8222,0.168199098,12.19207936,2.168847544,26.44276139,6.36087494,T-motor,1750,6,4,Lumenier,T-motor,35-40,
45.1319388,1475,8607,0.184951497,12.17366194,2.423151543,29.49862771,6.269833917,T-motor,1750,6,4,Lumenier,T-motor,35-40,
49.0322236,1500,8953,0.206120601,12.15415286,2.69763439,32.78746074,6.286567995,T-motor,1750,6,4,Lumenier,T-motor,35-40,
53.1573644,1550,9641,0.237077949,12.12170428,3.256664745,39.47632699,6.005572645,T-motor,1750,6,4,Lumenier,T-motor,35-40,
57.2829832,1600,10272,0.280125522,12.07944506,3.960057013,47.83529112,5.856043008,T-motor,1750,6,4,Lumenier,T-motor,35-40,
61.4085654,1650,11065,0.312435356,12.03493463,4.669488373,56.19698732,5.559646007,T-motor,1750,6,4,Lumenier,T-motor,35-40,
65.5591442,1700,11897,0.368148365,11.97044232,5.821778401,69.68926253,5.282712883,T-motor,1750,6,4,Lumenier,T-motor,35-40,
69.7086476,1750,12640,0.420381157,11.89874807,7.024609574,83.58405961,5.029441725,T-motor,1750,6,4,Lumenier,T-motor,35-40,
73.8360362,1800,13420,0.477614456,11.82014822,8.377331661,99.02130193,4.8233506,T-motor,1750,6,4,Lumenier,T-motor,35-40,
0.3022022,1000,0,2.88E-05,12.35747737,0.049734848,0.614597255,,,1750,7,3.7,Lumenier,Lumenier,45-60,
9.5546408,1200,7678,0.060612669,12.33555349,0.604524731,7.457147157,8.128130972,,1750,7,3.7,Lumenier,Lumenier,45-60,
13.6792266,1250,9259,0.093576624,12.31897374,0.958393877,11.806429,7.925904123,,1750,7,3.7,Lumenier,Lumenier,45-60,
17.8297468,1300,10704,0.12714403,12.29736292,1.368572667,16.82983477,7.554680797,,1750,7,3.7,Lumenier,Lumenier,45-60,
21.979723,1350,11877,0.160422,12.27458999,1.789687405,21.96767912,7.302637636,,1750,7,3.7,Lumenier,Lumenier,45-60,
26.1052794,1400,13177,0.192760304,12.24202103,2.32794918,28.49880282,6.763803548,,1750,7,3.7,Lumenier,Lumenier,45-60,
30.7314536,1500,15481,0.27979783,12.17021352,3.757061146,45.72423637,6.119245552,,1750,7,3.7,Lumenier,Lumenier,45-60,
35.3806374,1600,17734,0.375195526,12.06882779,5.787506216,69.84841589,5.371568142,,1750,7,3.7,Lumenier,Lumenier,45-60,
40.0330746,1700,20108,0.497666423,11.92589915,8.57671323,102.285017,4.86548703,,1750,7,3.7,Lumenier,Lumenier,45-60,
0.2804406,1000,0,-4.03E-05,7.763818418,0.008024976,0.062304456,,T-Motor,2800,5.1,2.5,Gemfan,Hobbywing,25-30,
9.506152,1200,3999,0.013772139,7.758211021,0.278110971,2.157643602,6.382953804,T-Motor,2800,5.1,2.5,Gemfan,Hobbywing,25-30,
13.6529098,1250,4889,0.020494231,7.755299411,0.413011856,3.203030607,6.398387361,T-Motor,2800,5.1,2.5,Gemfan,Hobbywing,25-30,
17.8035754,1300,5734,0.028836171,7.750810367,0.5841322,4.527497909,6.369118644,T-Motor,2800,5.1,2.5,Gemfan,Hobbywing,25-30,
21.6921622,1325,6125,0.0331991,7.748649975,0.678607273,5.258290231,6.313668297,T-Motor,2800,5.1,2.5,Gemfan,Hobbywing,25-30,
25.5781514,1350,6524,0.037776955,7.745202812,0.796342274,6.167832421,6.124834855,T-Motor,2800,5.1,2.5,Gemfan,Hobbywing,25-30,
29.4527898,1375,6891,0.042368401,7.742183621,0.909227336,7.039404988,6.018747414,T-Motor,2800,5.1,2.5,Gemfan,Hobbywing,25-30,
33.3531232,1400,7256,0.048303845,7.738737724,1.030456125,7.974429691,6.057341653,T-Motor,2800,5.1,2.5,Gemfan,Hobbywing,25-30,
37.2279204,1425,7607,0.053532,7.734424867,1.159565182,8.96856978,5.968844717,T-Motor,2800,5.1,2.5,Gemfan,Hobbywing,25-30,
41.083143,1450,7980,0.056877614,7.731001827,1.277288617,9.874720628,5.759921373,T-Motor,2800,5.1,2.5,Gemfan,Hobbywing,25-30,
44.9546272,1475,8301,0.063786283,7.725667606,1.43580841,11.09257852,5.750356637,T-Motor,2800,5.1,2.5,Gemfan,Hobbywing,25-30,
48.8534328,1500,8656,0.069938119,7.721309634,1.580012012,12.19976197,5.732744561,T-Motor,2800,5.1,2.5,Gemfan,Hobbywing,25-30,
53.0047914,1550,9256,0.079678416,7.713496528,1.854636301,14.30573067,5.569685191,T-Motor,2800,5.1,2.5,Gemfan,Hobbywing,25-30,
57.1542592,1600,9870,0.092293195,7.702853833,2.22593722,17.14606905,5.382761212,T-Motor,2800,5.1,2.5,Gemfan,Hobbywing,25-30,
61.3041456,1650,10579,0.10677126,7.691113801,2.678125678,20.59776936,5.183632175,T-Motor,2800,5.1,2.5,Gemfan,Hobbywing,25-30,
65.4342976,1700,11294,0.122761154,7.675098719,3.210809484,24.64327976,4.98152661,T-Motor,2800,5.1,2.5,Gemfan,Hobbywing,25-30,
69.5841256,1750,12012,0.14359284,7.65451917,3.900126172,29.85359054,4.809901837,T-Motor,2800,5.1,2.5,Gemfan,Hobbywing,25-30,
73.731023,1800,12758,0.164270679,7.634149168,4.647839193,35.48229771,4.62965166,T-Motor,2800,5.1,2.5,Gemfan,Hobbywing,25-30,
77.882754,1850,13514,0.187438747,7.609753888,5.541886147,42.17238965,4.44458444,T-Motor,2800,5.1,2.5,Gemfan,Hobbywing,25-30,
0,1000,0,-0.001060351,27.50990354,0.011574125,0.318403063,,T-Motor,430,,,Vector Technics,Hobbywing,80,
4.664614,1100,1942,0.041748331,27.46489775,0.277902445,7.632562232,5.469766155,T-Motor,430,,,Vector Technics,Hobbywing,80,
8.805001,1150,3131,0.114846745,27.42075113,0.635995614,17.43947744,6.58544648,T-Motor,430,,,Vector Technics,Hobbywing,80,
12.954394,1200,4277,0.232587563,27.35810242,1.232879378,33.72924028,6.895724924,T-Motor,430,,,Vector Technics,Hobbywing,80,
17.1182536,1250,5378,0.377697832,27.31664167,2.076998574,56.73662579,6.657037262,T-Motor,430,,,Vector Technics,Hobbywing,80,
21.2632786,1300,6320,0.532515363,27.29441653,3.154592182,86.10275301,6.184649673,T-Motor,430,,,Vector Technics,Hobbywing,80,
25.4366754,1350,7155,0.703722236,27.23147003,4.47128877,121.7597661,5.779595826,T-Motor,430,,,Vector Technics,Hobbywing,80,
29.5810824,1400,8066,0.915720059,27.16844469,6.383441497,173.4281772,5.280111186,T-Motor,430,,,Vector Technics,Hobbywing,80,
0.3060192,1000,0,-0.000308197,12.41070449,-0.003491706,0.043334528,,T-motor,3550,6,5,Lumenier,T-motor,40,
9.5802922,1200,6006,0.100582962,12.35556831,1.343329009,16.59759333,6.060093158,T-motor,3550,6,5,Lumenier,T-motor,40,
13.7311182,1250,7030,0.13688353,12.31658178,2.085609786,25.68758348,5.328781921,T-motor,3550,6,5,Lumenier,T-motor,40,
17.8568384,1300,7885,0.173679397,12.26784692,2.994208124,36.73248691,4.728223211,T-motor,3550,6,5,Lumenier,T-motor,40,
21.9788262,1350,8634,0.208410951,12.21012064,4.02017643,49.08683919,4.245760263,T-motor,3550,6,5,Lumenier,T-motor,40,
26.1301288,1400,9261,0.238762793,12.14445691,5.1916275,63.04949647,3.786910379,T-motor,3550,6,5,Lumenier,T-motor,40,
30.7812584,1500,10341,0.293094543,12.00796926,7.877550084,94.5933793,3.098467837,T-motor,3550,6,5,Lumenier,T-motor,40,
35.432881,1600,11326,0.356742642,11.84443435,10.95970024,129.81145,2.74816006,T-motor,3550,6,5,Lumenier,T-motor,40,
40.08249,1700,12464,0.44988845,11.62341222,15.20219583,176.7013888,2.546037995,T-motor,3550,6,5,Lumenier,T-motor,40,
0,1000,0,0.000171525,7.72061717,-0.006912341,0.05336754,,T-Motor,2850,6,4,APC,Hobbywing,30,
17.5505958,1300,4347,0.032964353,7.710673429,0.507233413,3.911111202,8.428385502,T-Motor,2850,6,4,APC,Hobbywing,30,
21.4254144,1325,4880,0.04234941,7.70590374,0.677444942,5.220325512,8.112407853,T-Motor,2850,6,4,APC,Hobbywing,30,
25.325878,1350,5404,0.051831862,7.700927777,0.885409873,6.818477488,7.601676841,T-Motor,2850,6,4,APC,Hobbywing,30,
29.2261122,1375,5873,0.062419419,7.69545332,1.096266625,8.436268641,7.398936843,T-Motor,2850,6,4,APC,Hobbywing,30,
33.126304,1400,6301,0.072581948,7.689623044,1.316033619,10.11980244,7.172269291,T-Motor,2850,6,4,APC,Hobbywing,30,
37.026278,1425,6667,0.080606531,7.682712152,1.533213188,11.77923559,6.843103738,T-Motor,2850,6,4,APC,Hobbywing,30,
40.9262588,1450,7012,0.090797159,7.676216671,1.795859032,13.78540304,6.586471125,T-Motor,2850,6,4,APC,Hobbywing,30,
44.8015622,1475,7396,0.102521284,7.666673047,2.101466208,16.11125433,6.3633335,T-Motor,2850,6,4,APC,Hobbywing,30,
48.6763446,1500,7882,0.115992263,7.655529883,2.480671859,18.99085754,6.107794927,T-Motor,2850,6,4,APC,Hobbywing,30,
52.8265984,1550,8789,0.148454839,7.633976913,3.359013821,25.64263396,5.789375585,T-Motor,2850,6,4,APC,Hobbywing,30,
56.9766846,1600,9739,0.185548255,7.605257648,4.547460843,34.58461135,5.36505249,T-Motor,2850,6,4,APC,Hobbywing,30,
61.1267838,1650,10812,0.231417816,7.568674542,6.068267587,45.9287424,5.038627312,T-Motor,2850,6,4,APC,Hobbywing,30,
65.2767514,1700,11923,0.285747763,7.519481369,8.080664843,60.76240874,4.702706312,T-Motor,2850,6,4,APC,Hobbywing,30,
69.4018942,1750,12974,0.340911212,7.460556876,10.31982697,76.99165609,4.42789816,T-Motor,2850,6,4,APC,Hobbywing,30,
73.526957,1800,13792,0.391591418,7.398431899,12.66192286,93.67837401,4.180168822,T-Motor,2850,6,4,APC,Hobbywing,30,
77.6523658,1850,14379,0.431489904,7.341798135,14.69568212,107.8927316,3.999249052,T-Motor,2850,6,4,APC,Hobbywing,30,
0.3216778,1000,0,-9.91E-05,11.86047293,-0.003113614,0.036928929,,Lumenier,1700,6,4,Gemfan,Lumenier,40-45,
9.5981522,1200,3696,0.013490672,11.8523328,0.324597736,3.847240396,3.50658422,Lumenier,1700,6,4,Gemfan,Lumenier,40-45,
14.2506712,1300,5405,0.02834508,11.84074275,0.683302151,8.090804998,3.503369525,Lumenier,1700,6,4,Gemfan,Lumenier,40-45,
18.3972756,1350,6211,0.036965671,11.83223059,0.91689985,10.84897045,3.407297592,Lumenier,1700,6,4,Gemfan,Lumenier,40-45,
22.5976196,1400,6986,0.04777899,11.82108467,1.18945622,14.06066269,3.398061055,Lumenier,1700,6,4,Gemfan,Lumenier,40-45,
26.7565096,1450,7751,0.058158954,11.80834326,1.492612546,17.62528129,3.299746173,Lumenier,1700,6,4,Gemfan,Lumenier,40-45,
30.9290804,1500,8505,0.06988078,11.79329374,1.835041282,21.64118087,3.229065024,Lumenier,1700,6,4,Gemfan,Lumenier,40-45,
35.0736232,1550,9234,0.083010173,11.77592227,2.250621231,26.50314068,3.132088174,Lumenier,1700,6,4,Gemfan,Lumenier,40-45,
39.2596616,1600,9931,0.099126484,11.75407379,2.728502841,32.07102373,3.090842536,Lumenier,1700,6,4,Gemfan,Lumenier,40-45,
43.4600628,1650,10658,0.106870061,11.73162849,3.148926969,36.94204133,2.892911628,Lumenier,1700,6,4,Gemfan,Lumenier,40-45,
47.6558726,1700,11500,0.124836014,11.69849781,3.832233043,44.83136985,2.784568355,Lumenier,1700,6,4,Gemfan,Lumenier,40-45,
0.2992624,1000,0,-0.000334803,8.28326688,0.073163495,0.606032756,,Xâ€‘Nova,3100,5,3,HQProp,Hobbywing,25-30,
9.5499812,1200,4622,0.015905913,8.276927088,0.37845273,3.132425651,5.077826247,Xâ€‘Nova,3100,5,3,HQProp,Hobbywing,25-30,
13.6996096,1250,5811,0.025398246,8.273781267,0.545682535,4.514857938,5.625480745,Xâ€‘Nova,3100,5,3,HQProp,Hobbywing,25-30,
17.8558628,1300,6586,0.035720224,8.26852648,0.764270531,6.319391124,5.652478763,Xâ€‘Nova,3100,5,3,HQProp,Hobbywing,25-30,
21.7244756,1325,7042,0.041789739,8.265492504,0.896160076,7.407204391,5.641769441,Xâ€‘Nova,3100,5,3,HQProp,Hobbywing,25-30,
25.6252588,1350,7456,0.047221331,8.261432744,1.022300553,8.44566726,5.591190065,Xâ€‘Nova,3100,5,3,HQProp,Hobbywing,25-30,
29.5254098,1375,7898,0.052473038,8.258201594,1.159032062,9.571520422,5.482205096,Xâ€‘Nova,3100,5,3,HQProp,Hobbywing,25-30,
33.4254268,1400,8323,0.058879919,8.253836861,1.307078921,10.78841618,5.457698136,Xâ€‘Nova,3100,5,3,HQProp,Hobbywing,25-30,
37.3246002,1425,8751,0.065928883,8.247977939,1.473939201,12.15701802,5.423113075,Xâ€‘Nova,3100,5,3,HQProp,Hobbywing,25-30,
41.2253332,1450,9176,0.07070982,8.242869238,1.610844831,13.27798331,5.325343319,Xâ€‘Nova,3100,5,3,HQProp,Hobbywing,25-30,
45.126157,1475,9516,0.077480042,8.236875862,1.781210509,14.67160985,5.280950296,Xâ€‘Nova,3100,5,3,HQProp,Hobbywing,25-30,
49.0079188,1500,9799,0.084183927,8.232454803,1.923995972,15.83920988,5.314906991,Xâ€‘Nova,3100,5,3,HQProp,Hobbywing,25-30,
53.1506492,1550,10555,0.098701067,8.22157953,2.346077808,19.28846528,5.117103166,Xâ€‘Nova,3100,5,3,HQProp,Hobbywing,25-30,
57.3004074,1600,11439,0.117425373,8.207986244,2.871798923,23.57168606,4.981628084,Xâ€‘Nova,3100,5,3,HQProp,Hobbywing,25-30,
61.4274158,1650,12157,0.133852654,8.189650436,3.479567244,28.4964394,4.697171175,Xâ€‘Nova,3100,5,3,HQProp,Hobbywing,25-30,
65.5776716,1700,13021,0.152957857,8.171126204,4.192437125,34.25693285,4.465019028,Xâ€‘Nova,3100,5,3,HQProp,Hobbywing,25-30,
69.7293056,1750,13885,0.175750636,8.15089172,4.998366695,40.74114571,4.313836358,Xâ€‘Nova,3100,5,3,HQProp,Hobbywing,25-30,
73.8566024,1800,14705,0.204448856,8.123564423,6.049559714,49.14398807,4.160200743,Xâ€‘Nova,3100,5,3,HQProp,Hobbywing,25-30,
78.0049028,1850,15586,0.227634627,8.098160158,7.020492544,56.85307301,4.003910686,Xâ€‘Nova,3100,5,3,HQProp,Hobbywing,25-30,
0.3016332,1000,0,-0.000427006,12.37241121,-0.003103295,0.038395239,,T-motor,3550,6,3.5,HQprop,T-motor,30,
9.5519672,1200,6007,0.107483234,12.32789283,1.411284146,17.3981597,6.177850758,T-motor,3550,6,3.5,HQprop,T-motor,30,
14.2008622,1300,7996,0.191647785,12.25452366,3.28884752,40.30325976,4.755143538,T-motor,3550,6,3.5,HQprop,T-motor,30,
18.3537048,1350,8731,0.232407484,12.19880607,4.537004029,55.34603227,4.19917154,T-motor,3550,6,3.5,HQprop,T-motor,30,
22.5029104,1400,9254,0.268255368,12.13206526,6.039801957,73.27527153,3.660926288,T-motor,3550,6,3.5,HQprop,T-motor,30,
26.6285348,1450,9815,0.294766626,12.06016008,7.498383028,90.43169968,3.259549766,T-motor,3550,6,3.5,HQprop,T-motor,30,
30.7536804,1500,10283,0.310262954,11.98941732,8.993542694,107.8273365,2.877405337,T-motor,3550,6,3.5,HQprop,T-motor,30,
34.8795622,1550,11031,0.363744308,11.9237174,10.21113047,121.7546341,2.987519205,T-motor,3550,6,3.5,HQprop,T-motor,30,
39.029904,1600,11275,0.373197613,11.82604986,12.37793038,146.3820219,2.5494771,T-motor,3550,6,3.5,HQprop,T-motor,30,
43.1805888,1650,11258,0.374374383,11.7223653,14.65332737,171.7716562,2.179488698,T-motor,3550,6,3.5,HQprop,T-motor,30,
47.3319886,1700,12256,0.467338761,11.6366233,16.30199741,189.7002028,2.463564898,T-motor,3550,6,3.5,HQprop,T-motor,30,
0.304514,1000,0,-0.000207173,12.12366635,0.047638068,0.577548048,,T-motor,1500,6,4.2,Gemfan,T-motor,45,
9.5806166,1200,3283,0.031105987,12.11357961,0.316471918,3.833607775,8.114024353,T-motor,1500,6,4.2,Gemfan,T-motor,45,
13.7318108,1250,3925,0.046202882,12.10513677,0.467010942,5.653231325,8.172827101,T-motor,1500,6,4.2,Gemfan,T-motor,45,
17.8822168,1300,4554,0.065019344,12.09514567,0.685804108,8.294900586,7.838471802,T-motor,1500,6,4.2,Gemfan,T-motor,45,
22.0326468,1350,5196,0.084178137,12.08064532,0.959743261,11.59431794,7.260292236,T-motor,1500,6,4.2,Gemfan,T-motor,45,
26.1844444,1400,5850,0.104901306,12.06301542,1.252692782,15.11125236,6.941933321,T-motor,1500,6,4.2,Gemfan,T-motor,45,
30.8339774,1500,6903,0.153030131,12.02233721,2.038533679,24.50793931,6.244104356,T-motor,1500,6,4.2,Gemfan,T-motor,45,
35.4845054,1600,7936,0.206412704,11.96621293,3.058040932,36.59316895,5.640744153,T-motor,1500,6,4.2,Gemfan,T-motor,45,
40.1344654,1700,8981,0.262907823,11.89125208,4.393594517,52.24533995,5.032177469,T-motor,1500,6,4.2,Gemfan,T-motor,45,
0.47556,1000,0,0.000291896,15.83429921,0.049577615,0.785026794,,PrimoPal,2280,6,4.2,Gemfan,Hobbywing,35,
10.7696042,1200,5357,0.047931347,15.80936488,0.766621665,12.11980163,3.954796333,PrimoPal,2280,6,4.2,Gemfan,Hobbywing,35,
15.8606088,1300,7267,0.086394191,15.7620195,1.84147077,29.02529819,2.976513479,PrimoPal,2280,6,4.2,Gemfan,Hobbywing,35,
20.5330666,1350,8070,0.106628553,15.72719272,2.546547009,40.05003557,2.662383486,PrimoPal,2280,6,4.2,Gemfan,Hobbywing,35,
25.3838954,1400,8635,0.121858603,15.67868018,3.49984533,54.87295559,2.220740646,PrimoPal,2280,6,4.2,Gemfan,Hobbywing,35,
29.98401,1450,9038,0.132865001,15.62211999,4.611340355,72.03891237,1.844350459,PrimoPal,2280,6,4.2,Gemfan,Hobbywing,35,
34.604877,1500,9465,0.143941917,15.56520699,5.592332374,87.04581095,1.653634056,PrimoPal,2280,6,4.2,Gemfan,Hobbywing,35,
39.4700668,1550,9953,0.162184024,15.51028055,6.524230703,101.1926486,1.60272536,PrimoPal,2280,6,4.2,Gemfan,Hobbywing,35,
44.1173782,1600,10537,0.179160984,15.45379128,7.444446091,115.0449161,1.557313351,PrimoPal,2280,6,4.2,Gemfan,Hobbywing,35,
48.6207392,1650,10862,0.190619154,15.38486571,8.575790483,131.937385,1.444769837,PrimoPal,2280,6,4.2,Gemfan,Hobbywing,35,
0.28612,1000,0,-0.000226693,7.764200442,0.007426684,0.057662265,,T-Motor,3800,4,2.4,Gemfan G series,Hobbywing,20-25,
9.5241862,1200,5312,0.010089247,7.760565051,0.22284251,1.729383796,5.834012682,T-Motor,3800,4,2.4,Gemfan G series,Hobbywing,20-25,
13.6604942,1250,6541,0.015295483,7.758477077,0.339771151,2.636106689,5.802300252,T-Motor,3800,4,2.4,Gemfan G series,Hobbywing,20-25,
17.7739308,1300,7660,0.021339935,7.754846518,0.475922926,3.690709243,5.782068832,T-Motor,3800,4,2.4,Gemfan G series,Hobbywing,20-25,
21.6746236,1325,8208,0.02400411,7.753094703,0.553490911,4.291267448,5.593711,T-Motor,3800,4,2.4,Gemfan G series,Hobbywing,20-25,
25.574713,1350,8702,0.028162912,7.750777412,0.646632702,5.011906137,5.619201703,T-Motor,3800,4,2.4,Gemfan G series,Hobbywing,20-25,
29.4748192,1375,9221,0.03222789,7.747971426,0.744836565,5.770972423,5.584481684,T-Motor,3800,4,2.4,Gemfan G series,Hobbywing,20-25,
33.3501172,1400,9702,0.036709991,7.745477108,0.853935675,6.614139222,5.550229614,T-Motor,3800,4,2.4,Gemfan G series,Hobbywing,20-25,
37.2496466,1425,10206,0.040074063,7.742048558,0.960150789,7.433534029,5.390983965,T-Motor,3800,4,2.4,Gemfan G series,Hobbywing,20-25,
41.1256012,1450,10677,0.043446519,7.73848038,1.072174426,8.297000763,5.236412517,T-Motor,3800,4,2.4,Gemfan G series,Hobbywing,20-25,
45.0096968,1475,11108,0.048146735,7.735623376,1.182673483,9.148716644,5.262676363,T-Motor,3800,4,2.4,Gemfan G series,Hobbywing,20-25,
48.8993086,1500,11495,0.051171407,7.73163018,1.283177961,9.92105745,5.157858118,T-Motor,3800,4,2.4,Gemfan G series,Hobbywing,20-25,
53.0501852,1550,12332,0.059138409,7.725734137,1.530683606,11.82565459,5.000857119,T-Motor,3800,4,2.4,Gemfan G series,Hobbywing,20-25,
57.1816376,1600,13267,0.070662006,7.716890753,1.85478012,14.31313556,4.936864184,T-Motor,3800,4,2.4,Gemfan G series,Hobbywing,20-25,
61.3018592,1650,14221,0.080753775,7.707582403,2.216191338,17.08147736,4.727563855,T-Motor,3800,4,2.4,Gemfan G series,Hobbywing,20-25,
65.430931,1700,15161,0.091942964,7.696797022,2.627759726,20.22533323,4.545930741,T-Motor,3800,4,2.4,Gemfan G series,Hobbywing,20-25,
69.5812882,1750,16126,0.105987064,7.683056594,3.132945702,24.07059913,4.403175165,T-Motor,3800,4,2.4,Gemfan G series,Hobbywing,20-25,
73.7067242,1800,17044,0.119072918,7.66683276,3.701144881,28.37605882,4.196245801,T-Motor,3800,4,2.4,Gemfan G series,Hobbywing,20-25,
77.8290956,1850,17971,0.133568529,7.648665743,4.339182347,33.18895537,4.024487288,T-Motor,3800,4,2.4,Gemfan G series,Hobbywing,20-25,
0.3008056,1000,0,-0.000829202,8.09045134,-0.00326184,0.026389754,,BrotherHobby,3100,5,4.3,Gemfan,,30-40,
9.5758036,1200,4058,0.023437793,8.082756091,0.428610525,3.464354328,6.765414628,BrotherHobby,3100,5,4.3,Gemfan,,30-40,
13.7242066,1250,4938,0.035272619,8.078199017,0.686828983,5.548341215,6.357326912,BrotherHobby,3100,5,4.3,Gemfan,,30-40,
17.8757448,1300,5664,0.048442943,8.071556428,0.984172003,7.943799854,6.098207888,BrotherHobby,3100,5,4.3,Gemfan,,30-40,
21.7796768,1325,5997,0.05850229,8.067264398,1.143846767,9.227714299,6.339846269,BrotherHobby,3100,5,4.3,Gemfan,,30-40,
25.7016724,1350,6310,0.061598762,8.063041006,1.310943007,10.57018723,5.827594176,BrotherHobby,3100,5,4.3,Gemfan,,30-40,
29.5787744,1375,6614,0.066585541,8.058133921,1.488468611,11.9942794,5.551441522,BrotherHobby,3100,5,4.3,Gemfan,,30-40,
33.4537908,1400,6899,0.075256975,8.053598451,1.661639866,13.38218025,5.623670719,BrotherHobby,3100,5,4.3,Gemfan,,30-40,
37.3540354,1425,7148,0.080400619,8.048655456,1.818955258,14.64014416,5.491791501,BrotherHobby,3100,5,4.3,Gemfan,,30-40,
41.2550224,1450,7393,0.08684382,8.044140367,1.999011114,16.080326,5.400625581,BrotherHobby,3100,5,4.3,Gemfan,,30-40,
45.1284048,1475,7677,0.092949986,8.038028381,2.201861521,17.6986254,5.251819505,BrotherHobby,3100,5,4.3,Gemfan,,30-40,
49.0042442,1500,7951,0.10213952,8.03112501,2.454672654,19.71378294,5.181122269,BrotherHobby,3100,5,4.3,Gemfan,,30-40,
53.1298238,1550,8570,0.118468264,8.01731161,2.988458933,23.9594065,4.944540827,BrotherHobby,3100,5,4.3,Gemfan,,30-40,
57.2814178,1600,9209,0.136564286,7.998665159,3.668215825,29.34083011,4.654411136,BrotherHobby,3100,5,4.3,Gemfan,,30-40,
61.4317046,1650,9862,0.156076071,7.980765488,4.434077019,35.38732885,4.410507261,BrotherHobby,3100,5,4.3,Gemfan,,30-40,
65.5572908,1700,10571,0.180386744,7.958318922,5.382242502,42.83360235,4.21133723,BrotherHobby,3100,5,4.3,Gemfan,,30-40,
69.6821832,1750,11259,0.208287554,7.931376269,6.527792636,51.7743796,4.022985038,BrotherHobby,3100,5,4.3,Gemfan,,30-40,
73.8075494,1800,12009,0.23340896,7.901217943,7.728152681,61.06181863,3.822502591,BrotherHobby,3100,5,4.3,Gemfan,,30-40,
77.9595868,1850,12657,0.260182727,7.868419021,9.085407777,71.48779537,3.639540511,BrotherHobby,3100,5,4.3,Gemfan,,30-40,
0,1000,0,0.000284917,7.970116102,0.052637403,0.419526215,,T-Motor,2850,03-05-2026 00:00,2.5-4.8,Gemfan,Hobbywing,30,
17.575301,1300,4438,0.041073753,7.95707084,0.688687603,5.479936041,7.495297841,T-Motor,2850,03-05-2026 00:00,2.5-4.8,Gemfan,Hobbywing,30,
21.4754446,1325,5017,0.051648166,7.951514559,0.913029822,7.259969921,7.114101888,T-Motor,2850,03-05-2026 00:00,2.5-4.8,Gemfan,Hobbywing,30,
25.3755178,1350,5552,0.062732949,7.945194303,1.138777126,9.047805535,6.933498788,T-Motor,2850,03-05-2026 00:00,2.5-4.8,Gemfan,Hobbywing,30,
29.2756974,1375,6001,0.075183295,7.939107933,1.375453925,10.91987717,6.884994583,T-Motor,2850,03-05-2026 00:00,2.5-4.8,Gemfan,Hobbywing,30,
33.1756444,1400,6402,0.084915694,7.932095801,1.604280125,12.72530364,6.67297981,T-Motor,2850,03-05-2026 00:00,2.5-4.8,Gemfan,Hobbywing,30,
37.0582076,1425,6710,0.0947779,7.925700416,1.83042522,14.50740193,6.533071889,T-Motor,2850,03-05-2026 00:00,2.5-4.8,Gemfan,Hobbywing,30,
40.9257534,1450,7155,0.107543524,7.916441796,2.148934772,17.01191704,6.321658128,T-Motor,2850,03-05-2026 00:00,2.5-4.8,Gemfan,Hobbywing,30,
44.8260634,1475,7527,0.119549324,7.907047571,2.474276357,19.56422086,6.110610007,T-Motor,2850,03-05-2026 00:00,2.5-4.8,Gemfan,Hobbywing,30,
48.7258756,1500,7961,0.132799163,7.895570076,2.869272374,22.65454109,5.86192246,T-Motor,2850,03-05-2026 00:00,2.5-4.8,Gemfan,Hobbywing,30,
52.8757236,1550,8944,0.169144639,7.871513845,3.910542646,30.78189058,5.494939923,T-Motor,2850,03-05-2026 00:00,2.5-4.8,Gemfan,Hobbywing,30,
57.001309,1600,9825,0.203822188,7.839905029,5.136257119,40.26776802,5.061670849,T-Motor,2850,03-05-2026 00:00,2.5-4.8,Gemfan,Hobbywing,30,
61.1513832,1650,10684,0.240216903,7.801523825,6.679682558,52.11170262,4.609653705,T-Motor,2850,03-05-2026 00:00,2.5-4.8,Gemfan,Hobbywing,30,
65.30142,1700,11629,0.28549982,7.754357117,8.442813421,65.46859034,4.360867076,T-Motor,2850,03-05-2026 00:00,2.5-4.8,Gemfan,Hobbywing,30,
0,1000,0,1.74E-06,24.99287092,0.066460757,1.661045124,,Generic,900,10,4.5,APC,Hobbywing,40,
0.03942595,1100,649,0.020985239,24.98886395,0.166305173,4.15577735,5.049654345,Generic,900,10,4.5,APC,Hobbywing,40,
9.59124,1200,1581,0.135354172,24.97142668,0.590302539,14.74069658,9.182345685,Generic,900,10,4.5,APC,Hobbywing,40,
19.11667795,1300,2441,0.331846045,24.93345985,1.393823342,34.75283835,9.548746535,Generic,900,10,4.5,APC,Hobbywing,40,
28.66797445,1400,3258,0.615961154,24.86988914,2.771633849,68.93022658,8.936009426,Generic,900,10,4.5,APC,Hobbywing,40,
38.1810965,1500,3983,0.946296329,24.77146147,4.946632447,122.5353151,7.722641664,Generic,900,10,4.5,APC,Hobbywing,40,
47.7183564,1600,4689,1.340232247,24.63519726,7.935532436,195.4934069,6.855639112,Generic,900,10,4.5,APC,Hobbywing,40,
57.2692117,1700,5356,1.748909112,24.45731081,11.83963236,289.5655685,6.039768889,Generic,900,10,4.5,APC,Hobbywing,40,
66.79472195,1800,5944,2.197552004,24.2376413,16.65590752,403.6999119,5.44352857,Generic,900,10,4.5,APC,Hobbywing,40,
76.34560685,1900,6503,2.621242697,23.97265211,22.40208883,537.0374822,4.880930631,Generic,900,10,4.5,APC,Hobbywing,40,
0.4586346,1000,0,0.000345668,12.35779284,0.033605703,0.415292315,,T-motor,3550,5.1,3.6,Gemfan,T-motor,30,
10.6632058,1200,7396,0.057986924,12.32973539,1.064399123,13.12375955,4.418468945,T-motor,3550,5.1,3.6,Gemfan,T-motor,30,
15.6251554,1300,10258,0.112753613,12.28898628,2.259587184,27.7680359,4.060554119,T-motor,3550,5.1,3.6,Gemfan,T-motor,30,
20.2308628,1350,11553,0.141495488,12.25667331,3.025537625,37.08302625,3.815640257,T-motor,3550,5.1,3.6,Gemfan,T-motor,30,
24.7549542,1400,12471,0.164797333,12.2252228,3.707510766,45.32514515,3.635891999,T-motor,3550,5.1,3.6,Gemfan,T-motor,30,
29.4365202,1450,13460,0.193439635,12.18560128,4.63987577,56.53967614,3.4213078,T-motor,3550,5.1,3.6,Gemfan,T-motor,30,
34.0573822,1500,14409,0.221812913,12.14148899,5.673480383,68.8844996,3.220070037,T-motor,3550,5.1,3.6,Gemfan,T-motor,30,
38.5355656,1550,15354,0.25094417,12.09237719,6.849367309,82.82513298,3.029807027,T-motor,3550,5.1,3.6,Gemfan,T-motor,30,
43.0232682,1600,16260,0.285163996,12.03377378,8.192136183,98.58231359,2.892648649,T-motor,3550,5.1,3.6,Gemfan,T-motor,30,
47.5479002,1650,17174,0.318098354,11.96978281,9.747586042,116.6764879,2.726327813,T-motor,3550,5.1,3.6,Gemfan,T-motor,30,
52.1870826,1700,18202,0.357503048,11.88238869,11.83356429,140.6110104,2.542496832,T-motor,3550,5.1,3.6,Gemfan,T-motor,30,
0.300264,1000,0,-0.000634016,12.42095892,0.005478328,0.068046089,,Lumenier,1750,6,4.5,Master Airscrew,Lumenier,30,
9.5521138,1200,3973,0.044846387,12.4019879,0.46057062,5.71199126,7.851270262,Lumenier,1750,6,4.5,Master Airscrew,Lumenier,30,
13.68088,1250,4856,0.068567819,12.38829987,0.724647825,8.977154554,7.638034846,Lumenier,1750,6,4.5,Master Airscrew,Lumenier,30,
17.8277718,1300,5668,0.097960552,12.37092974,1.07001137,13.23703548,7.400490284,Lumenier,1750,6,4.5,Master Airscrew,Lumenier,30,
21.703783,1325,6074,0.109476563,12.35951926,1.247135198,15.4139915,7.10241492,Lumenier,1750,6,4.5,Master Airscrew,Lumenier,30,
25.5770572,1350,6441,0.12387236,12.3463731,1.44236926,17.80802903,6.955983701,Lumenier,1750,6,4.5,Master Airscrew,Lumenier,30,
29.4511988,1375,6811,0.138559312,12.33322581,1.635751834,20.17409674,6.868179219,Lumenier,1750,6,4.5,Master Airscrew,Lumenier,30,
33.373187,1400,7131,0.152292752,12.31855971,1.851090727,22.80277164,6.67869477,Lumenier,1750,6,4.5,Master Airscrew,Lumenier,30,
37.2522322,1425,7422,0.166537298,12.30342464,2.070350061,25.47239595,6.537951836,Lumenier,1750,6,4.5,Master Airscrew,Lumenier,30,
41.1285932,1450,7717,0.180867874,12.28800122,2.304143802,28.31332186,6.388083845,Lumenier,1750,6,4.5,Master Airscrew,Lumenier,30,
45.003262,1475,8032,0.194210433,12.27083554,2.533717851,31.09083507,6.246549281,Lumenier,1750,6,4.5,Master Airscrew,Lumenier,30,
48.8796854,1500,8366,0.212434563,12.24880348,2.833826961,34.71098954,6.120095278,Lumenier,1750,6,4.5,Master Airscrew,Lumenier,30,
53.5046936,1600,9718,0.28344097,12.17440068,4.289487192,52.22193579,5.427622817,Lumenier,1750,6,4.5,Master Airscrew,Lumenier,30,
58.1551502,1700,11134,0.37959645,12.06652478,6.396475997,77.18323612,4.918120431,Lumenier,1750,6,4.5,Master Airscrew,Lumenier,30,
0.2817886,1000,0,0.000342358,7.836786677,0.033350824,0.261363291,,T-motor,3550,5.2,2.6,Gemfan,T-motor,35,
9.4216272,1200,4713,0.027547908,7.826625848,0.59457726,4.653533754,5.919782463,T-motor,3550,5.2,2.6,Gemfan,T-motor,35,
13.5021374,1250,5633,0.04197774,7.820023459,0.918472322,7.182475102,5.84446721,T-motor,3550,5.2,2.6,Gemfan,T-motor,35,
17.6057314,1300,6508,0.056844623,7.812488203,1.262441869,9.862812209,5.763530863,T-motor,3550,5.2,2.6,Gemfan,T-motor,35,
21.4930076,1325,6886,0.063696776,7.807044807,1.432444195,11.18315602,5.695778172,T-motor,3550,5.2,2.6,Gemfan,T-motor,35,
25.3684806,1350,7282,0.068770535,7.802822893,1.607470846,12.54281032,5.482864968,T-motor,3550,5.2,2.6,Gemfan,T-motor,35,
29.245958,1375,7586,0.075240566,7.795911025,1.838315268,14.33134227,5.250071091,T-motor,3550,5.2,2.6,Gemfan,T-motor,35,
33.1240542,1400,7888,0.084013128,7.78925172,2.076885557,16.1773844,5.193245479,T-motor,3550,5.2,2.6,Gemfan,T-motor,35,
36.9964018,1425,8252,0.088505225,7.784181436,2.263598469,17.62026118,5.022923585,T-motor,3550,5.2,2.6,Gemfan,T-motor,35,
40.8689502,1450,8486,0.096946696,7.77640402,2.488474415,19.35138245,5.009807222,T-motor,3550,5.2,2.6,Gemfan,T-motor,35,
44.7234128,1475,8722,0.106925116,7.768588079,2.72988949,21.20738695,5.04188073,T-motor,3550,5.2,2.6,Gemfan,T-motor,35,
48.5898618,1500,9059,0.110843216,7.761226516,2.99517366,23.24622123,4.7682251,T-motor,3550,5.2,2.6,Gemfan,T-motor,35,
52.7030338,1550,9713,0.131408566,7.745772539,3.66396316,28.38022523,4.630286218,T-motor,3550,5.2,2.6,Gemfan,T-motor,35,
56.8232636,1600,10416,0.153547963,7.725830314,4.52258948,34.9407589,4.394522832,T-motor,3550,5.2,2.6,Gemfan,T-motor,35,
60.9728074,1650,11164,0.184599696,7.700497192,5.623313769,43.30231189,4.26304481,T-motor,3550,5.2,2.6,Gemfan,T-motor,35,
65.0975996,1700,11921,0.213647561,7.669759868,6.865574057,52.65730437,4.057320518,T-motor,3550,5.2,2.6,Gemfan,T-motor,35,
69.2163836,1750,12852,0.245991214,7.63280611,8.295495658,63.31790995,3.8850179,T-motor,3550,5.2,2.6,Gemfan,T-motor,35,
73.3068064,1800,13811,0.280259049,7.590890467,10.0673572,76.42020583,3.667342244,T-motor,3550,5.2,2.6,Gemfan,T-motor,35,
77.4246814,1850,14644,0.322327034,7.541946529,12.02163257,90.66651001,3.555083719,T-motor,3550,5.2,2.6,Gemfan,T-motor,35,
0.2792554,1000,0,-0.000578566,7.909196529,0.034255522,0.270933656,,T-motor,3550,5.1,2.6,Gemfan,T-motor,30-35,
9.4293808,1200,4902,0.021009819,7.900279606,0.538710201,4.255961212,4.936562667,T-motor,3550,5.1,2.6,Gemfan,T-motor,30-35,
13.5183122,1250,5927,0.033282364,7.89491145,0.79980805,6.314413728,5.270855741,T-motor,3550,5.1,2.6,Gemfan,T-motor,30-35,
17.585727,1300,6877,0.044206234,7.888778794,1.066192932,8.410960195,5.255789285,T-motor,3550,5.1,2.6,Gemfan,T-motor,30-35,
21.3972092,1325,7295,0.05181638,7.884599755,1.22909691,9.690937195,5.346890537,T-motor,3550,5.1,2.6,Gemfan,T-motor,30-35,
25.2374628,1350,7727,0.058579556,7.880050379,1.393275298,10.97907954,5.335561702,T-motor,3550,5.1,2.6,Gemfan,T-motor,30-35,
29.0733446,1375,8114,0.065289121,7.875246976,1.571099279,12.37279484,5.276828863,T-motor,3550,5.1,2.6,Gemfan,T-motor,30-35,
32.9105778,1400,8521,0.070300223,7.870406389,1.759713592,13.84966109,5.075952566,T-motor,3550,5.1,2.6,Gemfan,T-motor,30-35,
36.7435966,1425,8898,0.077480269,7.864626419,1.939817401,15.25593918,5.078695472,T-motor,3550,5.1,2.6,Gemfan,T-motor,30-35,
40.5899616,1450,9283,0.084828898,7.858722926,2.166062274,17.02248325,4.983344471,T-motor,3550,5.1,2.6,Gemfan,T-motor,30-35,
44.4565902,1475,9642,0.092487937,7.851901351,2.414361869,18.95733122,4.878742495,T-motor,3550,5.1,2.6,Gemfan,T-motor,30-35,
48.3187888,1500,10021,0.100946398,7.844847433,2.642135087,20.72714666,4.870250596,T-motor,3550,5.1,2.6,Gemfan,T-motor,30-35,
52.4449176,1550,10723,0.115065129,7.832005959,3.124284131,24.46941193,4.702406786,T-motor,3550,5.1,2.6,Gemfan,T-motor,30-35,
56.550526,1600,11528,0.134164884,7.816587044,3.765172576,29.43079918,4.558655809,T-motor,3550,5.1,2.6,Gemfan,T-motor,30-35,
60.6578862,1650,12370,0.157595356,7.797497177,4.578088234,35.69763008,4.414728804,T-motor,3550,5.1,2.6,Gemfan,T-motor,30-35,
64.7825516,1700,13334,0.180615275,7.774015234,5.512208715,42.85199452,4.214862747,T-motor,3550,5.1,2.6,Gemfan,T-motor,30-35,
68.9271028,1750,14342,0.214234196,7.744120877,6.745961215,52.24153908,4.100840048,T-motor,3550,5.1,2.6,Gemfan,T-motor,30-35,
73.053786,1800,15435,0.24715031,7.711372335,8.100568782,62.46650201,3.956525523,T-motor,3550,5.1,2.6,Gemfan,T-motor,30-35,
77.1582604,1850,16464,0.282878644,7.673104819,9.6875655,74.33370552,3.805523248,T-motor,3550,5.1,2.6,Gemfan,T-motor,30-35,
0,1000,0,-0.000350484,12.25623124,-0.014530678,0.178091345,,T-Motor,1500,6,2,Master Airscrew,Hobbywing,30,
13.3994724,1250,2936,0.017966847,12.24501697,0.132341671,1.620526007,11.08704611,T-Motor,1500,6,2,Master Airscrew,Hobbywing,30,
17.5501732,1300,4108,0.03492061,12.23486438,0.289031135,3.536256731,9.875021061,T-Motor,1500,6,2,Master Airscrew,Hobbywing,30,
21.4513134,1325,4654,0.045257655,12.22747005,0.391130935,4.782541796,9.463096589,T-Motor,1500,6,2,Master Airscrew,Hobbywing,30,
25.349957,1350,5178,0.055476961,12.21809025,0.508663433,6.214895728,8.926450782,T-Motor,1500,6,2,Master Airscrew,Hobbywing,30,
29.2507726,1375,5652,0.066880778,12.20845928,0.644590228,7.869453549,8.498782961,T-Motor,1500,6,2,Master Airscrew,Hobbywing,30,
33.1507944,1400,6084,0.079851531,12.19746672,0.794275679,9.688151159,8.242184674,T-Motor,1500,6,2,Master Airscrew,Hobbywing,30,
37.0510202,1425,6553,0.091940721,12.18224264,0.968986829,11.80443267,7.788660708,T-Motor,1500,6,2,Master Airscrew,Hobbywing,30,
40.9509922,1450,7003,0.105812841,12.16697414,1.155596761,14.06011591,7.525744591,T-Motor,1500,6,2,Master Airscrew,Hobbywing,30,
44.8512732,1475,7460,0.118944592,12.1505899,1.351662713,16.42349931,7.242341613,T-Motor,1500,6,2,Master Airscrew,Hobbywing,30,
48.7510176,1500,7911,0.131921779,12.13100423,1.586911528,19.25083045,6.852783771,T-Motor,1500,6,2,Master Airscrew,Hobbywing,30,
52.9016896,1550,8796,0.16634888,12.0918231,2.116163379,25.58827323,6.500981068,T-Motor,1500,6,2,Master Airscrew,Hobbywing,30,
57.0241796,1600,9678,0.201670079,12.04237619,2.752224781,33.14332618,6.084786962,T-Motor,1500,6,2,Master Airscrew,Hobbywing,30,
61.1637414,1650,10546,0.241385245,11.98184293,3.528365874,42.27632571,5.709702559,T-Motor,1500,6,2,Master Airscrew,Hobbywing,30,
65.2882262,1700,11433,0.286116763,11.90795998,4.527550302,53.91388782,5.306921354,T-Motor,1500,6,2,Master Airscrew,Hobbywing,30,
0.3141142,1000,0,0.000315176,15.8171824,-0.004446383,0.070329256,,Lumenier,2550,5.1,3.6,Gemfan,Lumenier,35-40,
9.6387902,1200,7830,0.065541601,15.78360562,1.097777464,17.32688655,3.782653095,Lumenier,2550,5.1,3.6,Gemfan,Lumenier,35-40,
14.2855342,1300,11312,0.137124423,15.7299775,2.378530674,37.41423398,3.665033558,Lumenier,2550,5.1,3.6,Gemfan,Lumenier,35-40,
18.4245354,1350,12706,0.173655958,15.69403724,3.162420425,49.63114391,3.498931203,Lumenier,2550,5.1,3.6,Gemfan,Lumenier,35-40,
22.62507,1400,14083,0.213145324,15.64811716,4.072343748,63.72451208,3.344793346,Lumenier,2550,5.1,3.6,Gemfan,Lumenier,35-40,
26.7842614,1450,15338,0.252616507,15.59590439,5.063283922,78.96649197,3.199034176,Lumenier,2550,5.1,3.6,Gemfan,Lumenier,35-40,
30.924425,1500,16458,0.291389669,15.54265612,6.103329577,94.8619528,3.071723283,Lumenier,2550,5.1,3.6,Gemfan,Lumenier,35-40,
35.0749488,1550,17533,0.331255218,15.48216931,7.273848266,112.6149504,2.941485271,Lumenier,2550,5.1,3.6,Gemfan,Lumenier,35-40,
39.2499192,1600,18671,0.380577345,15.40564819,8.767944554,135.0758691,2.817508024,Lumenier,2550,5.1,3.6,Gemfan,Lumenier,35-40,
43.4015374,1650,19944,0.434241901,15.31953744,10.51407245,161.0707265,2.695970338,Lumenier,2550,5.1,3.6,Gemfan,Lumenier,35-40,
47.6007588,1700,21212,0.497511984,15.21369383,12.63723219,192.2589814,2.587717775,Lumenier,2550,5.1,3.6,Gemfan,Lumenier,35-40,
0.2991514,1000,9562,0.001012856,7.680879682,1.426670516,10.95808458,0.092430007,T-Motor,2850,6,3,Gemfan,Hobbywing,30,
5.9082572,1200,3709,0.019334302,7.698165669,0.405319754,3.120218617,6.196457485,T-Motor,2850,6,3,Gemfan,Hobbywing,30,
10.0415268,1250,4537,0.031189635,7.694831785,0.587090883,4.517565584,6.904080126,T-Motor,2850,6,3,Gemfan,Hobbywing,30,
14.1743426,1300,5298,0.042152564,7.689091214,0.83322986,6.406780399,6.579367734,T-Motor,2850,6,3,Gemfan,Hobbywing,30,
18.0496108,1325,5643,0.048836605,7.68577098,0.961724265,7.391592449,6.607047798,T-Motor,2850,6,3,Gemfan,Hobbywing,30,
21.949537,1350,6011,0.05488003,7.681745896,1.092983563,8.396022,6.536432404,T-Motor,2850,6,3,Gemfan,Hobbywing,30,
25.824538,1375,6346,0.061948415,7.676829798,1.237985467,9.50380372,6.518275948,T-Motor,2850,6,3,Gemfan,Hobbywing,30,
29.6992674,1400,6655,0.068216869,7.672123268,1.386599669,10.63816358,6.412466611,T-Motor,2850,6,3,Gemfan,Hobbywing,30,
33.5993186,1425,6923,0.073542901,7.666312918,1.519310754,11.64751166,6.314043962,T-Motor,2850,6,3,Gemfan,Hobbywing,30,
37.4745766,1450,7164,0.080377008,7.661119034,1.666522856,12.76742997,6.295472767,T-Motor,2850,6,3,Gemfan,Hobbywing,30,
41.3496082,1475,7402,0.086598762,7.655050767,1.860940593,14.24559472,6.078985345,T-Motor,2850,6,3,Gemfan,Hobbywing,30,
45.2252706,1500,7698,0.094326863,7.64932918,2.032917863,15.55045793,6.065857599,T-Motor,2850,6,3,Gemfan,Hobbywing,30,
49.3495944,1550,8392,0.11189459,7.637616195,2.466948565,18.84160631,5.938696956,T-Motor,2850,6,3,Gemfan,Hobbywing,30,
53.4754254,1600,9022,0.128467197,7.622662396,3.05087711,23.25580622,5.5240913,T-Motor,2850,6,3,Gemfan,Hobbywing,30,
57.6023532,1650,9648,0.146275887,7.603476936,3.790175091,28.81850888,5.075761816,T-Motor,2850,6,3,Gemfan,Hobbywing,30,
61.7271094,1700,10418,0.179700914,7.58453913,4.486432514,34.02752295,5.281045996,T-Motor,2850,6,3,Gemfan,Hobbywing,30,
65.8763548,1750,11184,0.206725579,7.560056398,5.418358681,40.96309722,5.04662961,T-Motor,2850,6,3,Gemfan,Hobbywing,30,
70.0013216,1800,11906,0.238942835,7.52838052,6.548685552,49.30099675,4.846612662,T-Motor,2850,6,3,Gemfan,Hobbywing,30,
74.1300568,1850,12701,0.270258735,7.495770709,7.723159603,57.89103353,4.668404039,T-Motor,2850,6,3,Gemfan,Hobbywing,30,
0.2978044,1000,0,3.61E-05,22.56570577,0.032094984,0.724245963,,FL,650-700,15,,,Hobbywing,45-60,
8.6940772,1475,2575,0.184067872,22.53928128,2.333119112,52.58682793,3.500265744,FL,650-700,15,,,Hobbywing,45-60,
12.6209142,1502,2762,0.203627929,22.53260427,2.75347485,62.04295917,3.282047336,FL,650-700,15,,,Hobbywing,45-60,
16.5726024,1530,2928,0.24829165,22.52598138,3.417356103,76.97929993,3.225433984,FL,650-700,15,,,Hobbywing,45-60,
20.4978042,1557,3096,0.272959453,22.51861345,3.957590156,89.1194429,3.06284963,FL,650-700,15,,,Hobbywing,45-60,
24.459139,1585,3276,0.312450874,22.50799403,4.728421152,106.4272751,2.935815783,FL,650-700,15,,,Hobbywing,45-60,
28.4382708,1612,3435,0.335089336,22.50107687,5.327061173,119.8646129,2.795565159,FL,650-700,15,,,Hobbywing,45-60,
32.4646346,1640,3581,0.375532699,22.48980704,6.192588543,139.2701214,2.696434063,FL,650-700,15,,,Hobbywing,45-60,
36.4759206,1667,3782,0.421013338,22.47532747,7.25489209,163.0560755,2.582015647,FL,650-700,15,,,Hobbywing,45-60,
40.4741232,1695,3951,0.448085003,22.46339144,8.099470515,181.9415767,2.462796084,FL,650-700,15,,,Hobbywing,45-60,
44.4871046,1722,4050,0.474675884,22.4556304,8.748229458,196.4470074,2.416304988,FL,650-700,15,,,Hobbywing,45-60,
48.5024126,1750,4129,0.505191345,22.44476929,9.47084673,212.5709698,2.376577316,FL,650-700,15,,,Hobbywing,45-60,
0.286172,1000,0,-0.00019134,8.158869147,-0.004664392,0.038056166,,Xâ€‘Nova,3100,5,3,Gemfan,Hobbywing,20-25,
9.550411,1200,4475,0.016432755,8.153367669,0.315025465,2.568518445,6.397756464,Xâ€‘Nova,3100,5,3,Gemfan,Hobbywing,20-25,
13.6981162,1250,5520,0.025721889,8.149679796,0.468191905,3.815614108,6.74121876,Xâ€‘Nova,3100,5,3,Gemfan,Hobbywing,20-25,
17.8257468,1300,6482,0.03522404,8.145275413,0.658493671,5.363612306,6.567223344,Xâ€‘Nova,3100,5,3,Gemfan,Hobbywing,20-25,
21.7254768,1325,6947,0.04067497,8.142465812,0.773972406,6.302043856,6.454250571,Xâ€‘Nova,3100,5,3,Gemfan,Hobbywing,20-25,
25.6258664,1350,7406,0.047006379,8.138737232,0.897686943,7.306038146,6.433908201,Xâ€‘Nova,3100,5,3,Gemfan,Hobbywing,20-25,
29.5256008,1375,7836,0.052723392,8.135385985,1.010755932,8.222889644,6.411783919,Xâ€‘Nova,3100,5,3,Gemfan,Hobbywing,20-25,
33.425555,1400,8263,0.058272569,8.132091943,1.135527228,9.23421182,6.310508199,Xâ€‘Nova,3100,5,3,Gemfan,Hobbywing,20-25,
37.326675,1425,8723,0.065463571,8.127331704,1.284784593,10.44187055,6.269333718,Xâ€‘Nova,3100,5,3,Gemfan,Hobbywing,20-25,
41.2287668,1450,9136,0.072237501,8.123547065,1.429159001,11.60984041,6.222092469,Xâ€‘Nova,3100,5,3,Gemfan,Hobbywing,20-25,
45.101176,1475,9550,0.079116336,8.118478486,1.588811283,12.89873022,6.133653047,Xâ€‘Nova,3100,5,3,Gemfan,Hobbywing,20-25,
49.001496,1500,9941,0.085955338,8.114161223,1.748878173,14.19067946,6.057168567,Xâ€‘Nova,3100,5,3,Gemfan,Hobbywing,20-25,
53.1515868,1550,10627,0.098223822,8.105471772,2.051986455,16.63231829,5.905600193,Xâ€‘Nova,3100,5,3,Gemfan,Hobbywing,20-25,
57.2801738,1600,11514,0.11609381,8.094415332,2.505935003,20.28407871,5.723395745,Xâ€‘Nova,3100,5,3,Gemfan,Hobbywing,20-25,
61.4312328,1650,12333,0.133097534,8.081679554,2.997335984,24.22350894,5.494560444,Xâ€‘Nova,3100,5,3,Gemfan,Hobbywing,20-25,
65.5572364,1700,13254,0.153847768,8.06631169,3.601293158,29.0491531,5.29611887,Xâ€‘Nova,3100,5,3,Gemfan,Hobbywing,20-25,
69.7082426,1750,14168,0.176039781,8.048685163,4.30118692,34.61889935,5.08507736,Xâ€‘Nova,3100,5,3,Gemfan,Hobbywing,20-25,
73.8560584,1800,15130,0.200113593,8.028578189,5.092804327,40.88797774,4.894191488,Xâ€‘Nova,3100,5,3,Gemfan,Hobbywing,20-25,
77.9823078,1850,16089,0.225608001,8.001040152,5.996122596,47.97521764,4.702594626,Xâ€‘Nova,3100,5,3,Gemfan,Hobbywing,20-25,
0.2974658,1000,0,4.04E-05,12.38904383,0.000388913,0.004818256,,Lumenier,2550,4,4.5,Gemfan,Lumenier,25-30,
9.5889348,1200,6273,0.018327596,12.37092452,0.732412625,9.060621311,2.022774754,Lumenier,2550,4,4.5,Gemfan,Lumenier,25-30,
14.2886466,1300,8982,0.036303322,12.34641823,1.454127575,17.9532672,2.022101147,Lumenier,2550,4,4.5,Gemfan,Lumenier,25-30,
18.441607,1350,10214,0.046563135,12.32878204,1.891533671,23.32030635,1.996677653,Lumenier,2550,4,4.5,Gemfan,Lumenier,25-30,
22.6069068,1400,11466,0.058793055,12.30803245,2.440267749,30.03489464,1.95749162,Lumenier,2550,4,4.5,Gemfan,Lumenier,25-30,
26.7489334,1450,12509,0.070444226,12.28428167,2.959786656,36.35885295,1.937471071,Lumenier,2550,4,4.5,Gemfan,Lumenier,25-30,
30.897983,1500,13638,0.081207872,12.25857509,3.573333314,43.80397475,1.853892776,Lumenier,2550,4,4.5,Gemfan,Lumenier,25-30,
35.0423192,1550,14764,0.095106271,12.2247214,4.360493886,53.30582292,1.784162897,Lumenier,2550,4,4.5,Gemfan,Lumenier,25-30,
39.193864,1600,15887,0.109499682,12.18867012,5.250204743,63.9930137,1.711119315,Lumenier,2550,4,4.5,Gemfan,Lumenier,25-30,
43.379713,1650,16976,0.128736615,12.14571256,6.252562968,75.9418326,1.695200269,Lumenier,2550,4,4.5,Gemfan,Lumenier,25-30,
47.527895,1700,18158,0.147086605,12.09607185,7.480835588,90.48872475,1.625468871,Lumenier,2550,4,4.5,Gemfan,Lumenier,25-30,
0.302203,1000,0,-0.000702809,7.862480062,0.086074517,0.676759176,,T-Motor,2850,6,3,Gemfan,Hobbywing,30-35,
9.5773136,1200,3936,0.01678561,7.856290546,0.393540369,3.091767479,5.429130681,T-Motor,2850,6,3,Gemfan,Hobbywing,30-35,
13.7029252,1250,4798,0.026595614,7.852329387,0.552564366,4.338917406,6.129550735,T-Motor,2850,6,3,Gemfan,Hobbywing,30-35,
17.8525936,1300,5623,0.038311649,7.847430026,0.76715811,6.020219589,6.363829122,T-Motor,2850,6,3,Gemfan,Hobbywing,30-35,
21.753055,1325,5998,0.044245911,7.843398546,0.8868754,6.956117225,6.360719544,T-Motor,2850,6,3,Gemfan,Hobbywing,30-35,
25.6279916,1350,6549,0.0499197,7.839039407,1.007095415,7.894660643,6.323223002,T-Motor,2850,6,3,Gemfan,Hobbywing,30-35,
29.5283366,1375,6716,0.057056673,7.835247098,1.143186532,8.957148958,6.369959099,T-Motor,2850,6,3,Gemfan,Hobbywing,30-35,
33.403286,1400,7063,0.062654077,7.830862752,1.275967643,9.991927492,6.270469532,T-Motor,2850,6,3,Gemfan,Hobbywing,30-35,
37.2782422,1425,7548,0.069438218,7.826616623,1.428795754,11.1826366,6.209467434,T-Motor,2850,6,3,Gemfan,Hobbywing,30-35,
41.1784528,1450,7729,0.076475429,7.821950279,1.587107336,12.41427467,6.160281695,T-Motor,2850,6,3,Gemfan,Hobbywing,30-35,
45.0536268,1475,8054,0.08418682,7.817302129,1.751962144,13.6956174,6.14698976,T-Motor,2850,6,3,Gemfan,Hobbywing,30-35,
48.9286302,1500,8501,0.089828105,7.812167952,1.902154533,14.85995068,6.044979999,T-Motor,2850,6,3,Gemfan,Hobbywing,30-35,
53.0784206,1550,8882,0.105633122,7.802515475,2.269175048,17.70527343,5.966195491,T-Motor,2850,6,3,Gemfan,Hobbywing,30-35,
57.2061712,1600,9550,0.123859163,7.790057393,2.739698887,21.34241157,5.80342868,T-Motor,2850,6,3,Gemfan,Hobbywing,30-35,
61.3578184,1650,10278,0.145588454,7.771373503,3.340321376,25.95888504,5.608424774,T-Motor,2850,6,3,Gemfan,Hobbywing,30-35,
65.5041576,1700,11038,0.172037663,7.752602949,4.088171111,31.69396741,5.428088591,T-Motor,2850,6,3,Gemfan,Hobbywing,30-35,
69.6325604,1750,11820,0.203796041,7.727761165,5.061772267,39.11616715,5.210020699,T-Motor,2850,6,3,Gemfan,Hobbywing,30-35,
73.7849324,1800,12648,0.231023166,7.701911878,6.029004994,46.43486517,4.975209153,T-Motor,2850,6,3,Gemfan,Hobbywing,30-35,
77.9086946,1850,13464,0.259721739,7.671280216,7.131569789,54.70827023,4.747394463,T-Motor,2850,6,3,Gemfan,Hobbywing,30-35,
0.355059,1000,0,-0.000395278,25.13561899,0.009778903,0.245798773,,Antigravity,380,15,5.2,T-motor,Hobbywing,40,
4.2086722,1100,755,0.022491869,25.13538716,0.090701255,2.279811151,9.865672158,Antigravity,380,15,5.2,T-motor,Hobbywing,40,
7.6295778,1150,1244,0.062648591,25.1314472,0.182818963,4.59450511,13.63554709,Antigravity,380,15,5.2,T-motor,Hobbywing,40,
11.361544,1200,1841,0.117667371,25.1289046,0.337721279,8.486565802,13.86513389,Antigravity,380,15,5.2,T-motor,Hobbywing,40,
15.1504228,1250,2113,0.199233119,25.12388548,0.601458009,15.11096214,13.1846746,Antigravity,380,15,5.2,T-motor,Hobbywing,40,
18.8026492,1300,2526,0.294439259,25.11639823,0.94942048,23.84602288,12.34752059,Antigravity,380,15,5.2,T-motor,Hobbywing,40,
22.4951934,1350,2859,0.384781333,25.10782535,1.320769132,33.16164069,11.60320554,Antigravity,380,15,5.2,T-motor,Hobbywing,40,
26.207368,1400,3308,0.521687575,25.09622154,1.89895055,47.6564837,10.94683313,Antigravity,380,15,5.2,T-motor,Hobbywing,40,
29.5586652,1450,3728,0.669546718,25.08106657,2.573803999,64.55374944,10.37192609,Antigravity,380,15,5.2,T-motor,Hobbywing,40,
32.910293,1500,4136,0.826546281,25.06078989,3.435596817,86.09876998,9.599977804,Antigravity,380,15,5.2,T-motor,Hobbywing,40,
36.5427074,1550,4476,0.964989853,25.04255838,4.276929392,107.105254,9.009734042,Antigravity,380,15,5.2,T-motor,Hobbywing,40,
40.2773488,1600,4808,1.113433772,25.01914628,5.336450962,133.5134472,8.339487861,Antigravity,380,15,5.2,T-motor,Hobbywing,40,
44.0203048,1650,5119,1.241332521,24.99465176,6.42216898,160.5198772,7.733201288,Antigravity,380,15,5.2,T-motor,Hobbywing,40,
47.5156236,1700,5400,1.352127091,24.96371848,7.685890165,191.8683983,7.047158902,Antigravity,380,15,5.2,T-motor,Hobbywing,40,
50.9352144,1750,5630,1.40141605,24.92855267,9.292393911,231.645931,6.049819413,Antigravity,380,15,5.2,T-motor,Hobbywing,40,
54.5965284,1800,5982,1.743827319,24.89548482,10.500334,261.4109057,6.670828499,Antigravity,380,15,5.2,T-motor,Hobbywing,40,
58.1775744,1850,6271,1.919826013,24.85656935,12.02086143,298.7973758,6.425176953,Antigravity,380,15,5.2,T-motor,Hobbywing,40,
61.7895542,1900,6481,2.045632882,24.81946569,13.27130731,329.3867564,6.210428447,Antigravity,380,15,5.2,T-motor,Hobbywing,40,
65.4391944,1950,6433,2.051575574,24.79964918,13.39378185,332.161091,6.176447603,Antigravity,380,15,5.2,T-motor,Hobbywing,40,
68.9817608,2000,6432,2.046613556,24.78787245,13.25577845,328.5825454,6.228613129,Antigravity,380,15,5.2,T-motor,Hobbywing,40,
0.3339332,1000,0,1.34E-05,25.18753939,0.028675656,0.722269222,,FL,400-450,15,,,Hobbywing,60-80,
8.9049578,1475,3674,0.658072786,25.14269239,3.712230356,93.33546593,7.050618752,FL,400-450,15,,,Hobbywing,60-80,
13.0893436,1502,3900,0.732631389,25.13002081,4.473947629,112.430397,6.516310608,FL,400-450,15,,,Hobbywing,60-80,
17.1719764,1530,4099,0.817825711,25.1189743,5.325177502,133.7629968,6.113990642,FL,400-450,15,,,Hobbywing,60-80,
21.3024316,1557,4368,0.900442455,25.10557672,6.320628802,158.6830313,5.674472234,FL,400-450,15,,,Hobbywing,60-80,
25.3741776,1585,4629,0.991407724,25.09017654,7.391671574,185.4583447,5.345716449,FL,400-450,15,,,Hobbywing,60-80,
29.6056556,1612,4749,1.034458111,25.07869009,8.312321896,208.4621448,4.96233075,FL,400-450,15,,,Hobbywing,60-80,
33.7661836,1640,7659,1.124358446,25.05945519,9.974820807,249.9635751,4.498089156,FL,400-450,15,,,Hobbywing,60-80,
37.7512628,1667,7266,1.17066619,25.034336,11.91187141,298.2057913,3.925699046,FL,400-450,15,,,Hobbywing,60-80,
41.8160856,1695,5014,1.211648981,25.01286397,13.50307955,337.750692,3.58740636,FL,400-450,15,,,Hobbywing,60-80,
46.1214638,1722,4941,1.223656574,24.99639167,14.82883674,370.667411,3.301225134,FL,400-450,15,,,Hobbywing,60-80,
50.2240166,1750,4987,1.228566056,24.98887872,15.41111836,385.1065676,3.190197622,FL,400-450,15,,,Hobbywing,60-80,
0.3085614,1000,0,-0.00050745,7.571126032,-0.001756962,0.013302177,,T-Motor,2850,5,3,iFlight,Hobbywing,30-35,
9.6049234,1200,3833,0.013070344,7.565623491,0.274222175,2.074661727,6.299988036,T-Motor,2850,5,3,iFlight,Hobbywing,30-35,
13.7623132,1250,4675,0.020354768,7.562624917,0.414163636,3.132164237,6.498627296,T-Motor,2850,5,3,iFlight,Hobbywing,30-35,
17.9166438,1300,5480,0.029116853,7.558230102,0.597918697,4.519207094,6.442911836,T-Motor,2850,5,3,iFlight,Hobbywing,30-35,
21.846815,1325,5848,0.033528598,7.555786104,0.703878744,5.318357235,6.304314831,T-Motor,2850,5,3,iFlight,Hobbywing,30-35,
25.7704832,1350,6235,0.037525864,7.55200061,0.822394154,6.210721151,6.042110525,T-Motor,2850,5,3,iFlight,Hobbywing,30-35,
29.6768034,1375,6591,0.042835088,7.54871418,0.946406598,7.144152907,5.995824605,T-Motor,2850,5,3,iFlight,Hobbywing,30-35,
33.621288,1400,6937,0.047333283,7.544356841,1.063962281,8.026911117,5.896824172,T-Motor,2850,5,3,iFlight,Hobbywing,30-35,
37.5339286,1425,7275,0.052668183,7.539274545,1.206943987,9.099482078,5.788041834,T-Motor,2850,5,3,iFlight,Hobbywing,30-35,
41.434302,1450,7611,0.059093882,7.534342322,1.34189289,10.11028039,5.844930065,T-Motor,2850,5,3,iFlight,Hobbywing,30-35,
45.3567826,1475,7946,0.064684675,7.529162007,1.506448453,11.34229446,5.702962033,T-Motor,2850,5,3,iFlight,Hobbywing,30-35,
49.2509266,1500,8263,0.069912692,7.524356412,1.667165306,12.54434596,5.573243281,T-Motor,2850,5,3,iFlight,Hobbywing,30-35,
53.4288642,1550,8783,0.082837131,7.514499681,1.982209147,14.89531,5.561289488,T-Motor,2850,5,3,iFlight,Hobbywing,30-35,
57.5742662,1600,9386,0.097938577,7.503732901,2.392302862,17.95120169,5.455822871,T-Motor,2850,5,3,iFlight,Hobbywing,30-35,
61.759875,1650,10117,0.112419063,7.486730112,2.904424676,21.74464368,5.169965732,T-Motor,2850,5,3,iFlight,Hobbywing,30-35,
65.9814742,1700,10900,0.128159495,7.469392001,3.486511754,26.04212301,4.921238362,T-Motor,2850,5,3,iFlight,Hobbywing,30-35,
70.131399,1750,11732,0.153952305,7.447597849,4.335860061,32.29174206,4.767544133,T-Motor,2850,5,3,iFlight,Hobbywing,30-35,
74.3066504,1800,12419,0.178578073,7.422115374,5.246476921,38.93995702,4.58598537,T-Motor,2850,5,3,iFlight,Hobbywing,30-35,
78.4589736,1850,13258,0.205069825,7.392931286,6.290108791,46.50234207,4.409881654,T-Motor,2850,5,3,iFlight,Hobbywing,30-35,
0.3000674,1000,0,-9.67E-05,7.58716803,-0.001714909,0.013011301,,T-Motor,2850,5,2.5,Gemfan,Hobbywing,30,
9.5755074,1200,3875,0.012728335,7.582178326,0.250799104,1.901603529,6.693474559,T-Motor,2850,5,2.5,Gemfan,Hobbywing,30,
13.7050968,1250,4754,0.01920749,7.578868913,0.379340886,2.874974848,6.680924675,T-Motor,2850,5,2.5,Gemfan,Hobbywing,30,
17.8522916,1300,5596,0.026990705,7.574710988,0.545035549,4.128486764,6.537674985,T-Motor,2850,5,2.5,Gemfan,Hobbywing,30,
21.7260276,1325,5993,0.030816495,7.571985863,0.631058306,4.778364569,6.44917197,T-Motor,2850,5,2.5,Gemfan,Hobbywing,30,
25.6277902,1350,6378,0.034979952,7.569268051,0.732173159,5.542014898,6.311775081,T-Motor,2850,5,2.5,Gemfan,Hobbywing,30,
29.5026248,1375,6735,0.03976711,7.566311415,0.847584734,6.413090044,6.200928025,T-Motor,2850,5,2.5,Gemfan,Hobbywing,30,
33.4019516,1400,7087,0.046149467,7.562239249,0.977612554,7.392940026,6.242369957,T-Motor,2850,5,2.5,Gemfan,Hobbywing,30,
37.3012238,1425,7467,0.048346169,7.559098248,1.072803883,8.109429956,5.961722227,T-Motor,2850,5,2.5,Gemfan,Hobbywing,30,
41.1785398,1450,7829,0.054719983,7.554871571,1.226395801,9.26526277,5.905928853,T-Motor,2850,5,2.5,Gemfan,Hobbywing,30,
45.0541076,1475,8173,0.060970822,7.550511038,1.352620801,10.21297829,5.969935565,T-Motor,2850,5,2.5,Gemfan,Hobbywing,30,
48.9271558,1500,8517,0.067255613,7.545059315,1.516221882,11.43998403,5.878995351,T-Motor,2850,5,2.5,Gemfan,Hobbywing,30,
53.0552274,1550,9172,0.080661218,7.535140942,1.855332513,13.98019198,5.769678865,T-Motor,2850,5,2.5,Gemfan,Hobbywing,30,
57.1811778,1600,9756,0.091709807,7.524747747,2.169265518,16.32317582,5.618380135,T-Motor,2850,5,2.5,Gemfan,Hobbywing,30,
61.3283374,1650,10424,0.108069716,7.512763927,2.626496514,19.73224827,5.476807026,T-Motor,2850,5,2.5,Gemfan,Hobbywing,30,
65.4564078,1700,11248,0.124931344,7.497373739,3.154398748,23.64970634,5.28257486,T-Motor,2850,5,2.5,Gemfan,Hobbywing,30,
69.5802616,1750,12054,0.149380867,7.475289179,3.930112509,29.37872751,5.084660907,T-Motor,2850,5,2.5,Gemfan,Hobbywing,30,
73.7086964,1800,12832,0.166874404,7.449787451,4.84920537,36.12554931,4.619290428,T-Motor,2850,5,2.5,Gemfan,Hobbywing,30,
77.8335216,1850,13636,0.196081818,7.424920683,5.728750171,42.53551563,4.609837565,T-Motor,2850,5,2.5,Gemfan,Hobbywing,30,
0.6165752,1000,0,0.000116854,25.34800567,0.007746817,0.196366352,,Sunnysky,330â€“350,12â€“14,,Sunnysky,Hobbywing,40-50,
6.0700518,1100,992,0.076147058,25.33465586,0.218967536,5.547467181,13.72645497,Sunnysky,330â€“350,12â€“14,,Sunnysky,Hobbywing,40-50,
11.0090736,1150,1348,0.142123894,25.32339917,0.405058371,10.25745482,13.85566857,Sunnysky,330â€“350,12â€“14,,Sunnysky,Hobbywing,40-50,
15.9189674,1200,1760,0.248952609,25.30359243,0.757132367,19.15816883,12.99459312,Sunnysky,330â€“350,12â€“14,,Sunnysky,Hobbywing,40-50,
20.7885712,1250,2202,0.398157568,25.27091932,1.309207238,33.08487048,12.03443032,Sunnysky,330â€“350,12â€“14,,Sunnysky,Hobbywing,40-50,
25.6567246,1300,2600,0.562776768,25.22635514,2.037932703,51.40961413,10.94691678,Sunnysky,330â€“350,12â€“14,,Sunnysky,Hobbywing,40-50,
30.5243122,1350,8922,0.74372634,25.16960705,3.00121216,75.53933074,9.84555109,Sunnysky,330â€“350,12â€“14,,Sunnysky,Hobbywing,40-50,
35.4336624,1400,11667,0.974194232,25.08789699,4.453587198,111.7311369,8.719093528,Sunnysky,330â€“350,12â€“14,,Sunnysky,Hobbywing,40-50,
0.3015812,1000,0,0.000403029,12.53782226,0.81157593,10.17539476,,HQProp,1750,6,3.5,Lumenier,Hobbywing,50,
9.5785976,1200,8063,0.044024653,12.53932337,0.495830603,6.217380269,7.080900866,HQProp,1750,6,3.5,Lumenier,Hobbywing,50,
13.7266062,1250,9852,0.067175023,12.52642732,0.765479492,9.588723222,7.005627471,HQProp,1750,6,3.5,Lumenier,Hobbywing,50,
17.8798988,1300,11534,0.094481371,12.50993208,1.095605565,13.70595121,6.893455972,HQProp,1750,6,3.5,Lumenier,Hobbywing,50,
22.0296038,1350,13101,0.122482422,12.48863828,1.484976708,18.54533696,6.604486198,HQProp,1750,6,3.5,Lumenier,Hobbywing,50,
26.1796404,1400,14502,0.15207966,12.46405819,1.90775195,23.77833131,6.395724644,HQProp,1750,6,3.5,Lumenier,Hobbywing,50,
30.8317796,1500,16983,0.216635234,12.40566245,2.977028608,36.93201201,5.865784783,HQProp,1750,6,3.5,Lumenier,Hobbywing,50,
35.4810662,1600,19597,0.297501031,12.32712708,4.536793768,55.9256333,5.319582685,HQProp,1750,6,3.5,Lumenier,Hobbywing,50,
40.1312714,1700,22555,0.393302924,12.21426001,6.722643753,82.11211878,4.789827979,HQProp,1750,6,3.5,Lumenier,Hobbywing,50,
0.4747388,1000,0,-0.000264516,11.43707591,-0.003753289,0.042926653,,EMAX,2500,5,4.3,Gemfan,EMAX,35-40,
10.8401702,1200,5677,0.023843311,11.4045215,0.946248478,10.79151111,2.209450639,EMAX,2500,5,4.3,Gemfan,EMAX,35-40,
15.9958286,1300,7900,0.045591428,11.36761451,1.772680502,20.1511486,2.262472939,EMAX,2500,5,4.3,Gemfan,EMAX,35-40,
20.6329894,1350,8843,0.058430205,11.34084803,2.283979133,25.90226024,2.255795626,EMAX,2500,5,4.3,Gemfan,EMAX,35-40,
25.4580246,1400,9749,0.070696362,11.31127335,2.805314098,31.73167459,2.227942998,EMAX,2500,5,4.3,Gemfan,EMAX,35-40,
30.1973782,1450,10664,0.084601823,11.27889744,3.44641881,38.87180429,2.176431584,EMAX,2500,5,4.3,Gemfan,EMAX,35-40,
35.0151364,1500,11644,0.103078765,11.23522261,4.307949767,48.40077461,2.129692457,EMAX,2500,5,4.3,Gemfan,EMAX,35-40,
39.7368886,1550,12611,0.121765559,11.18642934,5.264864012,58.89502927,2.067501469,EMAX,2500,5,4.3,Gemfan,EMAX,35-40,
44.4370106,1600,13721,0.141993442,11.13298587,6.368895048,70.9048186,2.002592281,EMAX,2500,5,4.3,Gemfan,EMAX,35-40,
49.1939312,1650,14774,0.165689719,11.07021797,7.663893415,84.84097057,1.95294464,EMAX,2500,5,4.3,Gemfan,EMAX,35-40,
54.0416734,1700,15901,0.19424376,10.9873274,9.298876375,102.1697992,1.901185689,EMAX,2500,5,4.3,Gemfan,EMAX,35-40,
59.5155512,1800,18494,0.26013873,10.80414057,13.66065087,147.5915922,1.762557921,EMAX,2500,5,4.3,Gemfan,EMAX,35-40,
0,1000,0,0,25.16,0,0,,Vector Technics,430,20-23,,T-Motor,Hobbywing,80,
2,1100,0,0,25.16,0,0,,Vector Technics,430,20-23,,T-Motor,Hobbywing,80,
4,1200,1807.395365,0.593474836,25.09,2.02,50.6818,11.70982159,Vector Technics,430,20-23,,T-Motor,Hobbywing,80,
6,1300,2582.89374,1.27362555,24.96,5.41,135.0336,9.431915834,Vector Technics,430,20-23,,T-Motor,Hobbywing,80,
8,1400,3309.977182,2.199527871,24.72,11.49,284.0328,7.74392208,Vector Technics,430,20-23,,T-Motor,Hobbywing,80,
10,1500,3856.196947,2.800140721,24.49,17.28,423.1872,6.616789735,Vector Technics,430,20-23,,T-Motor,Hobbywing,80,
12,1600,4439.276997,3.727062758,24.07,27.95,672.7565,5.539987735,Vector Technics,430,20-23,,T-Motor,Hobbywing,80,
14,1700,4934.312532,4.77940989,23.53,40.92,962.8476,4.963828014,Vector Technics,430,20-23,,T-Motor,Hobbywing,80,
16,1800,5286.204111,5.541137901,22.98,54.02,1241.3796,4.463693379,Vector Technics,430,20-23,,T-Motor,Hobbywing,80,
18,1900,5515.673708,6.25493925,22.43,66.56,1492.9408,4.189676677,Vector Technics,430,20-23,,T-Motor,Hobbywing,80,
20,2000,5726.808655,6.561873831,21.82,80.21,1750.1822,3.749251838,Vector Technics,430,20-23,,T-Motor,Hobbywing,80,
0.3013246,1000,0,0.000643626,8.168914592,0.009924746,0.081074402,,rcINPower,3800,5,3,Ethix,,25-30,
9.5768164,1200,4596,0.017499456,8.164862715,0.260575084,2.127559784,8.225130258,rcINPower,3800,5,3,Ethix,,25-30,
13.727033,1250,5661,0.026962447,8.161572639,0.406657039,3.318960962,8.123761513,rcINPower,3800,5,3,Ethix,,25-30,
17.8780578,1300,6590,0.037701212,8.158246908,0.580155987,4.733055789,7.965511904,rcINPower,3800,5,3,Ethix,,25-30,
21.7775364,1325,7024,0.04271959,8.155615887,0.670364487,5.467235263,7.81374648,rcINPower,3800,5,3,Ethix,,25-30,
25.65256,1350,7451,0.04858174,8.153621727,0.781176137,6.369414722,7.627347627,rcINPower,3800,5,3,Ethix,,25-30,
29.5528802,1375,7866,0.054495339,8.149785932,0.8907718,7.259599487,7.506659225,rcINPower,3800,5,3,Ethix,,25-30,
33.424224,1400,8266,0.060744,8.146211222,1.011382849,8.238938318,7.372794653,rcINPower,3800,5,3,Ethix,,25-30,
37.2787484,1425,8658,0.0664976,8.142829097,1.145322394,9.326164517,7.130219504,rcINPower,3800,5,3,Ethix,,25-30,
41.179275,1450,9064,0.072774559,8.138817702,1.273937471,10.36834484,7.018917687,rcINPower,3800,5,3,Ethix,,25-30,
45.071762,1475,9417,0.080206209,8.134529378,1.414365509,11.50519779,6.971302016,rcINPower,3800,5,3,Ethix,,25-30,
48.9531748,1500,9820,0.084319105,8.130014612,1.559493155,12.67870214,6.650452371,rcINPower,3800,5,3,Ethix,,25-30,
53.0837194,1550,10647,0.101834145,8.121323097,1.937387691,15.7341514,6.47217266,rcINPower,3800,5,3,Ethix,,25-30,
57.2077684,1600,11495,0.118175413,8.10992902,2.390592334,19.38753415,6.095432898,rcINPower,3800,5,3,Ethix,,25-30,
61.333974,1650,12341,0.138496602,8.096644502,2.895023273,23.43997427,5.908564575,rcINPower,3800,5,3,Ethix,,25-30,
65.4839498,1700,13220,0.159965463,8.080650583,3.520232779,28.44577106,5.623523543,rcINPower,3800,5,3,Ethix,,25-30,
69.609749,1750,14078,0.180705411,8.063645404,4.228788304,34.09944937,5.299364485,rcINPower,3800,5,3,Ethix,,25-30,
73.7596174,1800,14909,0.201478502,8.043717273,4.974393214,40.01261262,5.03537482,rcINPower,3800,5,3,Ethix,,25-30,
77.8677852,1850,15744,0.227800971,8.020223202,5.895697168,47.28480722,4.817635614,rcINPower,3800,5,3,Ethix,,25-30,
0.299954,1000,0,0.000232283,12.1765476,0.051019265,0.621238508,,Lumenier,1750,6,3,Lumenier,Hobbywing,40-45,
9.579544,1200,7988,0.036166689,12.16433818,0.448130101,5.451206093,6.634621415,Lumenier,1750,6,3,Lumenier,Hobbywing,40-45,
13.7289436,1250,9799,0.055571391,12.15563816,0.672260736,8.171758252,6.800420333,Lumenier,1750,6,3,Lumenier,Hobbywing,40-45,
17.8790398,1300,11531,0.080630784,12.14385306,0.971703452,11.80022394,6.832987589,Lumenier,1750,6,3,Lumenier,Hobbywing,40-45,
22.0305144,1350,13176,0.104052075,12.12991177,1.276234341,15.48060996,6.721445404,Lumenier,1750,6,3,Lumenier,Hobbywing,40-45,
26.1800774,1400,14641,0.134520877,12.11092826,1.70789042,20.68413835,6.503576524,Lumenier,1750,6,3,Lumenier,Hobbywing,40-45,
30.8056154,1500,17339,0.198310564,12.07136394,2.62710879,31.7127863,6.253331456,Lumenier,1750,6,3,Lumenier,Hobbywing,40-45,
35.4562662,1600,20103,0.275936845,12.01572086,3.981466704,47.84019255,5.767887432,Lumenier,1750,6,3,Lumenier,Hobbywing,40-45,
40.0789366,1700,23098,0.384471126,11.92667351,6.127279211,73.07805864,5.261102073,Lumenier,1750,6,3,Lumenier,Hobbywing,40-45,
0.420078,1000,0,-0.000793993,7.68832335,0.020286005,0.155965363,,EMAX,5250,3,,Gemfan,EMAX,10,
14.3163504,1200,7599,0.006487568,7.680208555,0.232376258,1.784698123,3.635106859,EMAX,5250,3,,Gemfan,EMAX,10,
18.8079214,1250,9262,0.009670706,7.675643885,0.338184022,2.59578012,3.725549049,EMAX,5250,3,,Gemfan,EMAX,10,
23.2520998,1300,10729,0.015328585,7.670165012,0.479580728,3.678463316,4.167116464,EMAX,5250,3,,Gemfan,EMAX,10,
29.2394152,1500,16551,0.037390734,7.638110101,1.321192656,10.09141497,3.705202261,EMAX,5250,3,,Gemfan,EMAX,10,
35.9204902,1750,22175,0.069578088,7.575676819,3.004519025,22.76126513,3.056863831,EMAX,5250,3,,Gemfan,EMAX,10,
0.326546,1000,0,-0.000554001,12.14220044,-0.01686383,0.204764005,,FlashHobby,2300,6,4,Gemfan,Hobbywing,25-30,
9.7222224,1200,5300,0.027213332,12.1269601,0.50829232,6.164040689,4.414852706,FlashHobby,2300,6,4,Gemfan,Hobbywing,25-30,
14.5043692,1300,7296,0.052246819,12.10419843,1.192867217,14.43870149,3.618526183,FlashHobby,2300,6,4,Gemfan,Hobbywing,25-30,
18.871357,1350,8139,0.064303156,12.08750907,1.577299272,19.06561926,3.372728447,FlashHobby,2300,6,4,Gemfan,Hobbywing,25-30,
23.1387618,1400,9013,0.07912598,12.06463644,2.097852547,25.3098283,3.126294621,FlashHobby,2300,6,4,Gemfan,Hobbywing,25-30,
27.3492144,1450,9884,0.094444347,12.03815725,2.727550123,32.83467729,2.876359849,FlashHobby,2300,6,4,Gemfan,Hobbywing,25-30,
31.5549776,1500,10667,0.112164893,12.00772086,3.44393778,41.35384351,2.712320875,FlashHobby,2300,6,4,Gemfan,Hobbywing,25-30,
35.880573,1550,11497,0.132039132,11.96815088,4.435210843,53.08127256,2.487489956,FlashHobby,2300,6,4,Gemfan,Hobbywing,25-30,
40.2124768,1600,12206,0.15010905,11.92313514,5.457842504,65.07459374,2.306722817,FlashHobby,2300,6,4,Gemfan,Hobbywing,25-30,
44.5462158,1650,12990,0.16678966,11.87355014,6.544675435,77.7085319,2.146349391,FlashHobby,2300,6,4,Gemfan,Hobbywing,25-30,
48.8992336,1700,13560,0.186085159,11.81247902,7.988108478,94.35936382,1.972090016,FlashHobby,2300,6,4,Gemfan,Hobbywing,25-30,
53.6666052,1800,14988,0.227312384,11.70306528,10.76342537,125.9650697,1.804566809,FlashHobby,2300,6,4,Gemfan,Hobbywing,25-30,
58.4629636,1900,16007,0.257341259,11.57272533,14.05013193,162.5983177,1.582680944,FlashHobby,2300,6,4,Gemfan,Hobbywing,25-30,
0.2936696,1000,0,0.000121624,12.21078007,-0.000221396,0.002703413,,T-motor,3550,5.1,5.2,Gemfan,T-motor,30,
9.5701174,1200,7196,0.064621796,12.17647568,1.070071788,13.0297031,4.959575441,T-motor,3550,5.1,5.2,Gemfan,T-motor,30,
14.2230404,1300,9876,0.126747908,12.1283215,2.324608666,28.19360126,4.495626746,T-motor,3550,5.1,5.2,Gemfan,T-motor,30,
18.3459432,1350,10940,0.156585365,12.09449006,3.031621276,36.66591338,4.270597678,T-motor,3550,5.1,5.2,Gemfan,T-motor,30,
22.4711304,1400,11942,0.185437878,12.0539101,3.90566823,47.07857372,3.938901792,T-motor,3550,5.1,5.2,Gemfan,T-motor,30,
26.5956274,1450,12787,0.218605006,12.00858611,4.901502157,58.8601107,3.713975448,T-motor,3550,5.1,5.2,Gemfan,T-motor,30,
30.7462074,1500,13660,0.246549081,11.95551697,5.999690779,71.72940493,3.437210736,T-motor,3550,5.1,5.2,Gemfan,T-motor,30,
34.8973744,1550,14453,0.279515652,11.89542972,7.30163201,86.85605042,3.218148315,T-motor,3550,5.1,5.2,Gemfan,T-motor,30,
39.0485262,1600,15306,0.313799181,11.82950993,8.709073669,103.0240734,3.045882094,T-motor,3550,5.1,5.2,Gemfan,T-motor,30,
43.1739986,1650,16154,0.34607053,11.75802586,10.26558901,120.703061,2.867123066,T-motor,3550,5.1,5.2,Gemfan,T-motor,30,
47.3240148,1700,16826,0.376332735,11.66524296,12.22751668,142.636953,2.638395785,T-motor,3550,5.1,5.2,Gemfan,T-motor,30,
0.3124068,1000,0,0.00043563,12.01877526,0.006535639,0.078550375,,Lumenier,1700,6,4.2,APC,Lumenier,45,
9.5659416,1200,3614,0.03465363,12.00723539,0.413125659,4.96049703,6.98591891,Lumenier,1700,6,4.2,APC,Lumenier,45,
13.7413976,1250,4447,0.056676716,11.99748819,0.642152093,7.704212149,7.356588218,Lumenier,1700,6,4.2,APC,Lumenier,45,
17.89111,1300,5255,0.079838441,11.9861601,0.941372112,11.28343684,7.075720101,Lumenier,1700,6,4.2,APC,Lumenier,45,
21.7678644,1325,5641,0.091124325,11.97717511,1.096602299,13.13419776,6.937943706,Lumenier,1700,6,4.2,APC,Lumenier,45,
25.6668066,1350,6001,0.1049011,11.96819672,1.263206335,15.11830191,6.938682694,Lumenier,1700,6,4.2,APC,Lumenier,45,
29.5654286,1375,6347,0.117585674,11.95740978,1.44894031,17.32557304,6.786827434,Lumenier,1700,6,4.2,APC,Lumenier,45,
33.4419562,1400,6691,0.131595373,11.94499694,1.644621405,19.64499765,6.698670846,Lumenier,1700,6,4.2,APC,Lumenier,45,
37.3187214,1425,7018,0.147460364,11.93313837,1.870284773,22.31836698,6.607130543,Lumenier,1700,6,4.2,APC,Lumenier,45,
41.1920128,1450,7341,0.160401536,11.9214863,2.087637457,24.88774134,6.445001731,Lumenier,1700,6,4.2,APC,Lumenier,45,
45.0947132,1475,7634,0.174900514,11.90717376,2.339628942,27.85836834,6.278203811,Lumenier,1700,6,4.2,APC,Lumenier,45,
48.9681232,1500,7898,0.189923019,11.89118476,2.554148569,30.37185254,6.25325763,Lumenier,1700,6,4.2,APC,Lumenier,45,
53.6096946,1600,9211,0.254039522,11.84102961,3.805109596,45.0564154,5.63825418,Lumenier,1700,6,4.2,APC,Lumenier,45,
58.2430858,1700,10570,0.344452053,11.76302276,5.778235103,67.96951102,5.067743576,Lumenier,1700,6,4.2,APC,Lumenier,45,
